{
	"credit": "Made with Blockbench",
	"texture_size": [64, 64],
	"textures": {
		"0": "block/black_concrete_powder",
		"particle": "block/black_concrete_powder"
	},
	"elements": [
		{
			"from": [12, 3, 3.05952],
			"to": [13, 9, 5.05952],
			"rotation": {"angle": 0, "axis": "y", "origin": [4, 0, 3.05952]},
			"faces": {
				"north": {"uv": [9.25, 7.25, 9.5, 8.75], "texture": "#0"},
				"east": {"uv": [5, 5.25, 5.5, 6.75], "texture": "#0"},
				"south": {"uv": [9.25, 7.25, 9.5, 8.75], "texture": "#0"},
				"west": {"uv": [9.25, 7.25, 9.75, 8.75], "texture": "#0"},
				"up": {"uv": [9.25, 7.25, 9.5, 7.75], "texture": "#0"},
				"down": {"uv": [9.25, 7.25, 9.5, 7.75], "texture": "#0"}
			}
		},
		{
			"from": [13, 5, 2.05952],
			"to": [14, 7, 9.05952],
			"rotation": {"angle": 0, "axis": "y", "origin": [4, 0, 3.05952]},
			"faces": {
				"north": {"uv": [9.25, 7.25, 9.5, 7.75], "texture": "#0"},
				"east": {"uv": [5, 5.25, 6.75, 5.75], "texture": "#0"},
				"south": {"uv": [9.25, 7.25, 9.5, 7.75], "texture": "#0"},
				"west": {"uv": [9.25, 7.25, 11, 7.75], "texture": "#0"},
				"up": {"uv": [9.25, 7.25, 9.5, 9], "texture": "#0"},
				"down": {"uv": [9.25, 7.25, 9.5, 9], "texture": "#0"}
			}
		},
		{
			"from": [13, 4, 3.05952],
			"to": [14, 5, 9.05952],
			"rotation": {"angle": 0, "axis": "y", "origin": [4, 0, 3.05952]},
			"faces": {
				"north": {"uv": [9.25, 7.25, 9.5, 7.5], "texture": "#0"},
				"east": {"uv": [5, 5.25, 6.5, 5.5], "texture": "#0"},
				"south": {"uv": [9.25, 7.25, 9.5, 7.5], "texture": "#0"},
				"west": {"uv": [9.25, 7.25, 10.75, 7.5], "texture": "#0"},
				"up": {"uv": [9.25, 7.25, 9.5, 8.75], "texture": "#0"},
				"down": {"uv": [9.25, 7.25, 9.5, 8.75], "texture": "#0"}
			}
		},
		{
			"from": [14, 4, 6.05952],
			"to": [15, 7, 9.05952],
			"rotation": {"angle": 0, "axis": "y", "origin": [4, 0, 3.05952]},
			"faces": {
				"north": {"uv": [9.25, 7.25, 9.5, 8], "texture": "#0"},
				"east": {"uv": [5, 5.25, 5.75, 6], "texture": "#0"},
				"south": {"uv": [9.25, 7.25, 9.5, 8], "texture": "#0"},
				"west": {"uv": [9.25, 7.25, 10, 8], "texture": "#0"},
				"up": {"uv": [9.25, 7.25, 9.5, 8], "texture": "#0"},
				"down": {"uv": [9.25, 7.25, 9.5, 8], "texture": "#0"}
			}
		},
		{
			"from": [14, 4, 5.05952],
			"to": [15, 6, 6.05952],
			"rotation": {"angle": 0, "axis": "x", "origin": [4, 0, 3.05952]},
			"faces": {
				"north": {"uv": [9.25, 7.25, 9.5, 7.75], "texture": "#0"},
				"east": {"uv": [5, 5.25, 5.25, 5.75], "texture": "#0"},
				"south": {"uv": [9.25, 7.25, 9.5, 7.75], "texture": "#0"},
				"west": {"uv": [9.25, 7.25, 9.5, 7.75], "texture": "#0"},
				"up": {"uv": [9.25, 7.25, 9.5, 7.5], "texture": "#0"},
				"down": {"uv": [9.25, 7.25, 9.5, 7.5], "texture": "#0"}
			}
		},
		{
			"from": [14, 3, 9.05952],
			"to": [15, 5, 10.05952],
			"rotation": {"angle": 0, "axis": "x", "origin": [4, 0, 3.05952]},
			"faces": {
				"north": {"uv": [9.25, 7.25, 9.5, 7.75], "texture": "#0"},
				"east": {"uv": [5, 5.25, 5.25, 5.75], "texture": "#0"},
				"south": {"uv": [9.25, 7.25, 9.5, 7.75], "texture": "#0"},
				"west": {"uv": [9.25, 7.25, 9.5, 7.75], "texture": "#0"},
				"up": {"uv": [9.25, 7.25, 9.5, 7.5], "texture": "#0"},
				"down": {"uv": [9.25, 7.25, 9.5, 7.5], "texture": "#0"}
			}
		},
		{
			"from": [14, 3, 8.05952],
			"to": [15, 4, 9.05952],
			"rotation": {"angle": 0, "axis": "x", "origin": [4, 0, 3.05952]},
			"faces": {
				"north": {"uv": [9.25, 7.25, 9.5, 7.5], "texture": "#0"},
				"east": {"uv": [5, 5.25, 5.25, 5.5], "texture": "#0"},
				"south": {"uv": [9.25, 7.25, 9.5, 7.5], "texture": "#0"},
				"west": {"uv": [9.25, 7.25, 9.5, 7.5], "texture": "#0"},
				"up": {"uv": [9.25, 7.25, 9.5, 7.5], "texture": "#0"},
				"down": {"uv": [9.25, 7.25, 9.5, 7.5], "texture": "#0"}
			}
		},
		{
			"from": [13, 3, 4.05952],
			"to": [14, 4, 9.05952],
			"rotation": {"angle": 0, "axis": "y", "origin": [4, 0, 3.05952]},
			"faces": {
				"north": {"uv": [9.25, 7.25, 9.5, 7.5], "texture": "#0"},
				"east": {"uv": [5, 5.25, 6.25, 5.5], "texture": "#0"},
				"south": {"uv": [9.25, 7.25, 9.5, 7.5], "texture": "#0"},
				"west": {"uv": [9.25, 7.25, 10.5, 7.5], "texture": "#0"},
				"up": {"uv": [9.25, 7.25, 9.5, 8.5], "texture": "#0"},
				"down": {"uv": [9.25, 7.25, 9.5, 8.5], "texture": "#0"}
			}
		},
		{
			"from": [13, 2, 6.05952],
			"to": [14, 3, 9.05952],
			"rotation": {"angle": 0, "axis": "y", "origin": [4, 0, 3.05952]},
			"faces": {
				"north": {"uv": [9.25, 7.25, 9.5, 7.5], "texture": "#0"},
				"east": {"uv": [5, 5.25, 5.75, 5.5], "texture": "#0"},
				"south": {"uv": [9.25, 7.25, 9.5, 7.5], "texture": "#0"},
				"west": {"uv": [9.25, 7.25, 10, 7.5], "texture": "#0"},
				"up": {"uv": [9.25, 7.25, 9.5, 8], "texture": "#0"},
				"down": {"uv": [9.25, 7.25, 9.5, 8], "texture": "#0"}
			}
		},
		{
			"from": [13, 1, 8.05952],
			"to": [14, 2, 11.05952],
			"rotation": {"angle": 0, "axis": "y", "origin": [4, 0, 3.05952]},
			"faces": {
				"north": {"uv": [9.25, 7.25, 9.5, 7.5], "texture": "#0"},
				"east": {"uv": [5, 5.25, 5.75, 5.5], "texture": "#0"},
				"south": {"uv": [9.25, 7.25, 9.5, 7.5], "texture": "#0"},
				"west": {"uv": [9.25, 7.25, 10, 7.5], "texture": "#0"},
				"up": {"uv": [9.25, 7.25, 9.5, 8], "texture": "#0"},
				"down": {"uv": [9.25, 7.25, 9.5, 8], "texture": "#0"}
			}
		},
		{
			"from": [13, 0, 11.05952],
			"to": [14, 6, 12.05952],
			"rotation": {"angle": 0, "axis": "y", "origin": [4, 0, 3.05952]},
			"faces": {
				"north": {"uv": [9.25, 7.25, 9.5, 8.75], "texture": "#0"},
				"east": {"uv": [5, 5.25, 5.25, 6.75], "texture": "#0"},
				"south": {"uv": [9.25, 7.25, 9.5, 8.75], "texture": "#0"},
				"west": {"uv": [9.25, 7.25, 9.5, 8.75], "texture": "#0"},
				"up": {"uv": [9.25, 7.25, 9.5, 7.5], "texture": "#0"},
				"down": {"uv": [9.25, 7.25, 9.5, 7.5], "texture": "#0"}
			}
		},
		{
			"from": [13, 7, 4.05952],
			"to": [14, 9, 9.05952],
			"rotation": {"angle": 0, "axis": "y", "origin": [4, 0, 3.05952]},
			"faces": {
				"north": {"uv": [9.25, 7.25, 9.5, 7.75], "texture": "#0"},
				"east": {"uv": [5, 5.25, 6.25, 5.75], "texture": "#0"},
				"south": {"uv": [9.25, 7.25, 9.5, 7.75], "texture": "#0"},
				"west": {"uv": [9.25, 7.25, 10.5, 7.75], "texture": "#0"},
				"up": {"uv": [9.25, 7.25, 9.5, 8.5], "texture": "#0"},
				"down": {"uv": [9.25, 7.25, 9.5, 8.5], "texture": "#0"}
			}
		},
		{
			"from": [13, 9, 6.05952],
			"to": [14, 10, 8.05952],
			"rotation": {"angle": 0, "axis": "y", "origin": [4, 0, 3.05952]},
			"faces": {
				"north": {"uv": [9.25, 7.25, 9.5, 7.5], "texture": "#0"},
				"east": {"uv": [5, 5.25, 5.5, 5.5], "texture": "#0"},
				"south": {"uv": [9.25, 7.25, 9.5, 7.5], "texture": "#0"},
				"west": {"uv": [9.25, 7.25, 9.75, 7.5], "texture": "#0"},
				"up": {"uv": [9.25, 7.25, 9.5, 7.75], "texture": "#0"},
				"down": {"uv": [9.25, 7.25, 9.5, 7.75], "texture": "#0"}
			}
		},
		{
			"from": [7, 7, 0.05952],
			"to": [9, 8, 1.05952],
			"rotation": {"angle": 0, "axis": "y", "origin": [8, 10.5, 0.55952]},
			"faces": {
				"north": {"uv": [5, 5.25, 5.5, 5.5], "texture": "#0"},
				"east": {"uv": [9.25, 7.25, 9.5, 7.5], "texture": "#0"},
				"south": {"uv": [9.25, 7.25, 9.75, 7.5], "texture": "#0"},
				"west": {"uv": [9.25, 7.25, 9.5, 7.5], "texture": "#0"},
				"up": {"uv": [9.25, 7.25, 9.5, 7.75], "rotation": 270, "texture": "#0"},
				"down": {"uv": [9.25, 7.25, 9.5, 7.75], "rotation": 90, "texture": "#0"}
			}
		},
		{
			"from": [7, 9, -0.94048],
			"to": [9, 10, 0.05952],
			"rotation": {"angle": 0, "axis": "x", "origin": [8, 9.5, -0.44048]},
			"faces": {
				"north": {"uv": [9.25, 7.25, 9.5, 7.75], "rotation": 90, "texture": "#0"},
				"east": {"uv": [9.25, 7.25, 9.5, 7.5], "rotation": 90, "texture": "#0"},
				"south": {"uv": [9.25, 7.25, 9.5, 7.75], "rotation": 90, "texture": "#0"},
				"west": {"uv": [9.25, 7.25, 9.5, 7.5], "rotation": 270, "texture": "#0"},
				"up": {"uv": [9.25, 7.25, 9.75, 7.5], "texture": "#0"},
				"down": {"uv": [5, 5.25, 5.5, 5.5], "rotation": 180, "texture": "#0"}
			}
		},
		{
			"from": [13, 2, 9.05952],
			"to": [14, 8, 11.05952],
			"rotation": {"angle": 0, "axis": "y", "origin": [4, 0, 3.05952]},
			"faces": {
				"north": {"uv": [9.25, 7.25, 9.5, 8.75], "texture": "#0"},
				"east": {"uv": [5, 5.25, 5.5, 6.75], "texture": "#0"},
				"south": {"uv": [9.25, 7.25, 9.5, 8.75], "texture": "#0"},
				"west": {"uv": [9.25, 7.25, 9.75, 8.75], "texture": "#0"},
				"up": {"uv": [9.25, 7.25, 9.5, 7.75], "texture": "#0"},
				"down": {"uv": [9.25, 7.25, 9.5, 7.75], "texture": "#0"}
			}
		},
		{
			"from": [12, 4, 2.05952],
			"to": [13, 8, 3.05952],
			"rotation": {"angle": 0, "axis": "y", "origin": [4, 0, 3.05952]},
			"faces": {
				"north": {"uv": [9.25, 7.25, 9.5, 8.25], "texture": "#0"},
				"east": {"uv": [5, 5.25, 5.25, 6.25], "texture": "#0"},
				"south": {"uv": [9.25, 7.25, 9.5, 8.25], "texture": "#0"},
				"west": {"uv": [9.25, 7.25, 9.5, 8.25], "texture": "#0"},
				"up": {"uv": [9.25, 7.25, 9.5, 7.5], "texture": "#0"},
				"down": {"uv": [9.25, 7.25, 9.5, 7.5], "texture": "#0"}
			}
		},
		{
			"from": [6, 10, 0.05952],
			"to": [10, 11, 1.05952],
			"rotation": {"angle": 0, "axis": "z", "origin": [12.5, 6, 2.55952]},
			"faces": {
				"north": {"uv": [9.25, 7.25, 9.5, 8.25], "rotation": 90, "texture": "#0"},
				"east": {"uv": [9.25, 7.25, 9.5, 7.5], "rotation": 270, "texture": "#0"},
				"south": {"uv": [9.25, 7.25, 9.5, 8.25], "rotation": 270, "texture": "#0"},
				"west": {"uv": [9.25, 7.25, 9.5, 7.5], "rotation": 270, "texture": "#0"},
				"up": {"uv": [5, 5.25, 5.25, 6.25], "rotation": 270, "texture": "#0"},
				"down": {"uv": [9.25, 7.25, 9.5, 8.25], "rotation": 270, "texture": "#0"}
			}
		},
		{
			"from": [6, 6, 1.05952],
			"to": [10, 7, 2.05952],
			"rotation": {"angle": 0, "axis": "z", "origin": [12.5, 6, 2.55952]},
			"faces": {
				"north": {"uv": [9.25, 7.25, 10.25, 7.5], "rotation": 180, "texture": "#0"},
				"east": {"uv": [9.25, 7.25, 9.5, 7.5], "rotation": 270, "texture": "#0"},
				"south": {"uv": [9.25, 7.25, 9.5, 8.25], "rotation": 270, "texture": "#0"},
				"west": {"uv": [9.25, 7.25, 9.5, 7.5], "rotation": 270, "texture": "#0"},
				"up": {"uv": [5, 5.25, 5.25, 6.25], "rotation": 270, "texture": "#0"},
				"down": {"uv": [9.25, 7.25, 9.5, 8.25], "rotation": 270, "texture": "#0"}
			}
		},
		{
			"from": [11, 7, 1.05952],
			"to": [12, 9, 2.05952],
			"rotation": {"angle": 0, "axis": "y", "origin": [4, 0, 3.05952]},
			"faces": {
				"north": {"uv": [9.25, 7.25, 9.5, 7.75], "texture": "#0"},
				"east": {"uv": [5, 5.25, 5.25, 5.75], "texture": "#0"},
				"south": {"uv": [9.25, 7.25, 9.5, 7.75], "texture": "#0"},
				"west": {"uv": [9.25, 7.25, 9.5, 7.75], "texture": "#0"},
				"up": {"uv": [9.25, 7.25, 9.5, 7.5], "texture": "#0"},
				"down": {"uv": [9.25, 7.25, 9.5, 7.5], "texture": "#0"}
			}
		},
		{
			"from": [8, 6, 2.05952],
			"to": [12, 9, 3.05952],
			"rotation": {"angle": 0, "axis": "y", "origin": [4, 0, 3.05952]},
			"faces": {
				"north": {"uv": [9.25, 7.25, 10.25, 8], "texture": "#0"},
				"east": {"uv": [5, 5.25, 5.25, 6], "texture": "#0"},
				"south": {"uv": [9.25, 7.25, 10.25, 8], "texture": "#0"},
				"west": {"uv": [9.25, 7.25, 9.5, 8], "texture": "#0"},
				"up": {"uv": [9.25, 7.25, 10.25, 7.5], "texture": "#0"},
				"down": {"uv": [9.25, 7.25, 10.25, 7.5], "texture": "#0"}
			}
		},
		{
			"from": [11, 5, 2.05952],
			"to": [12, 6, 3.05952],
			"rotation": {"angle": 0, "axis": "y", "origin": [4, 0, 3.05952]},
			"faces": {
				"north": {"uv": [9.25, 7.25, 9.5, 7.5], "texture": "#0"},
				"east": {"uv": [5, 5.25, 5.25, 5.5], "texture": "#0"},
				"south": {"uv": [9.25, 7.25, 9.5, 7.5], "texture": "#0"},
				"west": {"uv": [9.25, 7.25, 9.5, 7.5], "texture": "#0"},
				"up": {"uv": [9.25, 7.25, 9.5, 7.5], "texture": "#0"},
				"down": {"uv": [9.25, 7.25, 9.5, 7.5], "texture": "#0"}
			}
		},
		{
			"from": [8, 7, 1.05952],
			"to": [11, 10, 2.05952],
			"rotation": {"angle": 0, "axis": "y", "origin": [4, 0, 3.05952]},
			"faces": {
				"north": {"uv": [9.25, 7.25, 10, 8], "texture": "#0"},
				"east": {"uv": [5, 5.25, 5.25, 6], "texture": "#0"},
				"south": {"uv": [9.25, 7.25, 10, 8], "texture": "#0"},
				"west": {"uv": [9.25, 7.25, 9.5, 8], "texture": "#0"},
				"up": {"uv": [9.25, 7.25, 10, 7.5], "texture": "#0"},
				"down": {"uv": [9.25, 7.25, 10, 7.5], "texture": "#0"}
			}
		},
		{
			"from": [8, 8, 0.05952],
			"to": [11, 10, 1.05952],
			"rotation": {"angle": 0, "axis": "y", "origin": [4, 0, 3.05952]},
			"faces": {
				"north": {"uv": [9.25, 7.25, 10, 7.75], "texture": "#0"},
				"east": {"uv": [5, 5.25, 5.25, 5.75], "texture": "#0"},
				"south": {"uv": [9.25, 7.25, 10, 7.75], "texture": "#0"},
				"west": {"uv": [9.25, 7.25, 9.5, 7.75], "texture": "#0"},
				"up": {"uv": [9.25, 7.25, 10, 7.5], "texture": "#0"},
				"down": {"uv": [9.25, 7.25, 10, 7.5], "texture": "#0"}
			}
		},
		{
			"from": [8, 8, 3.05952],
			"to": [12, 9, 12.05952],
			"rotation": {"angle": 0, "axis": "y", "origin": [4, 0, 3.05952]},
			"faces": {
				"north": {"uv": [9.25, 7.25, 10.25, 7.5], "texture": "#0"},
				"east": {"uv": [5, 5.25, 7.25, 5.5], "texture": "#0"},
				"south": {"uv": [9.25, 7.25, 10.25, 7.5], "texture": "#0"},
				"west": {"uv": [9.25, 7.25, 11.5, 7.5], "texture": "#0"},
				"up": {"uv": [9.25, 7.25, 10.25, 9.5], "texture": "#0"},
				"down": {"uv": [9.25, 7.25, 10.25, 9.5], "texture": "#0"}
			}
		},
		{
			"from": [8, 9, 2.05952],
			"to": [12, 10, 12.05952],
			"rotation": {"angle": 0, "axis": "y", "origin": [4, 0, 3.05952]},
			"faces": {
				"north": {"uv": [9.25, 7.25, 10.25, 7.5], "texture": "#0"},
				"east": {"uv": [5, 5.25, 7.5, 5.5], "texture": "#0"},
				"south": {"uv": [9.25, 7.25, 10.25, 7.5], "texture": "#0"},
				"west": {"uv": [9.25, 7.25, 11.75, 7.5], "texture": "#0"},
				"up": {"uv": [9.25, 7.25, 10.25, 9.75], "texture": "#0"},
				"down": {"uv": [9.25, 7.25, 10.25, 9.75], "texture": "#0"}
			}
		},
		{
			"from": [12, 9, 5.05952],
			"to": [13, 10, 11.05952],
			"rotation": {"angle": 0, "axis": "y", "origin": [4, 0, 3.05952]},
			"faces": {
				"north": {"uv": [9.25, 7.25, 9.5, 7.5], "texture": "#0"},
				"east": {"uv": [5, 5.25, 6.5, 5.5], "texture": "#0"},
				"south": {"uv": [9.25, 7.25, 9.5, 7.5], "texture": "#0"},
				"west": {"uv": [9.25, 7.25, 10.75, 7.5], "texture": "#0"},
				"up": {"uv": [9.25, 7.25, 9.5, 8.75], "texture": "#0"},
				"down": {"uv": [9.25, 7.25, 9.5, 8.75], "texture": "#0"}
			}
		},
		{
			"from": [11, 10, 4.05952],
			"to": [12, 11, 9.05952],
			"rotation": {"angle": 0, "axis": "y", "origin": [4, 0, 3.05952]},
			"faces": {
				"north": {"uv": [9.25, 7.25, 9.5, 7.5], "texture": "#0"},
				"east": {"uv": [5, 5.25, 6.25, 5.5], "texture": "#0"},
				"south": {"uv": [9.25, 7.25, 9.5, 7.5], "texture": "#0"},
				"west": {"uv": [9.25, 7.25, 10.5, 7.5], "texture": "#0"},
				"up": {"uv": [9.25, 7.25, 9.5, 8.5], "texture": "#0"},
				"down": {"uv": [9.25, 7.25, 9.5, 8.5], "texture": "#0"}
			}
		},
		{
			"from": [8, 10, 1.05952],
			"to": [11, 11, 11.05952],
			"rotation": {"angle": 0, "axis": "y", "origin": [4, 0, 3.05952]},
			"faces": {
				"north": {"uv": [9.25, 7.25, 10, 7.5], "texture": "#0"},
				"east": {"uv": [5, 5.25, 7.5, 5.5], "texture": "#0"},
				"south": {"uv": [9.25, 7.25, 10, 7.5], "texture": "#0"},
				"west": {"uv": [9.25, 7.25, 11.75, 7.5], "texture": "#0"},
				"up": {"uv": [9.25, 7.25, 10, 9.75], "texture": "#0"},
				"down": {"uv": [9.25, 7.25, 10, 9.75], "texture": "#0"}
			}
		},
		{
			"from": [8, 11, 3.05952],
			"to": [9, 12, 9.05952],
			"rotation": {"angle": 0, "axis": "y", "origin": [4, 0, 3.05952]},
			"faces": {
				"north": {"uv": [9.25, 7.25, 9.5, 7.5], "texture": "#0"},
				"east": {"uv": [5, 5.25, 6.5, 5.5], "texture": "#0"},
				"south": {"uv": [9.25, 7.25, 9.5, 7.5], "texture": "#0"},
				"west": {"uv": [9.25, 7.25, 10.75, 7.5], "texture": "#0"},
				"up": {"uv": [9.25, 7.25, 9.5, 8.75], "texture": "#0"},
				"down": {"uv": [9.25, 7.25, 9.5, 8.75], "texture": "#0"}
			}
		},
		{
			"from": [9, 11, 4.05952],
			"to": [10, 12, 7.05952],
			"rotation": {"angle": 0, "axis": "y", "origin": [4, 0, 3.05952]},
			"faces": {
				"north": {"uv": [9.25, 7.25, 9.5, 7.5], "texture": "#0"},
				"east": {"uv": [5, 5.25, 5.75, 5.5], "texture": "#0"},
				"south": {"uv": [9.25, 7.25, 9.5, 7.5], "texture": "#0"},
				"west": {"uv": [9.25, 7.25, 10, 7.5], "texture": "#0"},
				"up": {"uv": [9.25, 7.25, 9.5, 8], "texture": "#0"},
				"down": {"uv": [9.25, 7.25, 9.5, 8], "texture": "#0"}
			}
		},
		{
			"from": [12, 2, 5.05952],
			"to": [13, 9, 7.05952],
			"rotation": {"angle": 0, "axis": "y", "origin": [4, 0, 3.05952]},
			"faces": {
				"north": {"uv": [9.25, 7.25, 9.5, 9], "texture": "#0"},
				"east": {"uv": [5, 5.25, 5.5, 7], "texture": "#0"},
				"south": {"uv": [9.25, 7.25, 9.5, 9], "texture": "#0"},
				"west": {"uv": [9.25, 7.25, 9.75, 9], "texture": "#0"},
				"up": {"uv": [9.25, 7.25, 9.5, 7.75], "texture": "#0"},
				"down": {"uv": [9.25, 7.25, 9.5, 7.75], "texture": "#0"}
			}
		},
		{
			"from": [12, 1, 7.05952],
			"to": [13, 9, 9.05952],
			"rotation": {"angle": 0, "axis": "y", "origin": [4, 0, 3.05952]},
			"faces": {
				"north": {"uv": [9.25, 7.25, 9.5, 9.25], "texture": "#0"},
				"east": {"uv": [5, 5.25, 5.5, 7.25], "texture": "#0"},
				"south": {"uv": [9.25, 7.25, 9.5, 9.25], "texture": "#0"},
				"west": {"uv": [9.25, 7.25, 9.75, 9.25], "texture": "#0"},
				"up": {"uv": [9.25, 7.25, 9.5, 7.75], "texture": "#0"},
				"down": {"uv": [9.25, 7.25, 9.5, 7.75], "texture": "#0"}
			}
		},
		{
			"from": [12, 0, 9.05952],
			"to": [13, 9, 11.05952],
			"rotation": {"angle": 0, "axis": "y", "origin": [4, 0, 3.05952]},
			"faces": {
				"north": {"uv": [9.25, 7.25, 9.5, 9.5], "texture": "#0"},
				"east": {"uv": [5, 5.25, 5.5, 7.5], "texture": "#0"},
				"south": {"uv": [9.25, 7.25, 9.5, 9.5], "texture": "#0"},
				"west": {"uv": [9.25, 7.25, 9.75, 9.5], "texture": "#0"},
				"up": {"uv": [9.25, 7.25, 9.5, 7.75], "texture": "#0"},
				"down": {"uv": [9.25, 7.25, 9.5, 7.75], "texture": "#0"}
			}
		},
		{
			"from": [12, -1, 11.05952],
			"to": [13, 9, 12.05952],
			"rotation": {"angle": 0, "axis": "y", "origin": [4, 0, 3.05952]},
			"faces": {
				"north": {"uv": [9.25, 7.25, 9.5, 9.75], "texture": "#0"},
				"east": {"uv": [5, 5.25, 5.25, 7.75], "texture": "#0"},
				"south": {"uv": [9.25, 7.25, 9.5, 9.75], "texture": "#0"},
				"west": {"uv": [9.25, 7.25, 9.5, 9.75], "texture": "#0"},
				"up": {"uv": [9.25, 7.25, 9.5, 7.5], "texture": "#0"},
				"down": {"uv": [9.25, 7.25, 9.5, 7.5], "texture": "#0"}
			}
		},
		{
			"from": [8, -1, 12.05952],
			"to": [10, 9, 13.05952],
			"rotation": {"angle": 0, "axis": "y", "origin": [4, 0, 3.05952]},
			"faces": {
				"north": {"uv": [9.25, 7.25, 9.75, 9.75], "texture": "#0"},
				"east": {"uv": [5, 5.25, 5.25, 7.75], "texture": "#0"},
				"south": {"uv": [9.25, 7.25, 9.75, 9.75], "texture": "#0"},
				"west": {"uv": [9.25, 7.25, 9.5, 9.75], "texture": "#0"},
				"up": {"uv": [9.25, 7.25, 9.75, 7.5], "texture": "#0"},
				"down": {"uv": [9.25, 7.25, 9.75, 7.5], "texture": "#0"}
			}
		},
		{
			"from": [8, 1, 13.05952],
			"to": [10, 6, 14.05952],
			"rotation": {"angle": 0, "axis": "y", "origin": [4, 0, 3.05952]},
			"faces": {
				"north": {"uv": [9.25, 7.25, 9.75, 8.5], "texture": "#0"},
				"east": {"uv": [5, 5.25, 5.25, 6.5], "texture": "#0"},
				"south": {"uv": [9.25, 7.25, 9.75, 8.5], "texture": "#0"},
				"west": {"uv": [9.25, 7.25, 9.5, 8.5], "texture": "#0"},
				"up": {"uv": [9.25, 7.25, 9.75, 7.5], "texture": "#0"},
				"down": {"uv": [9.25, 7.25, 9.75, 7.5], "texture": "#0"}
			}
		},
		{
			"from": [10, 2, 13.05952],
			"to": [11, 5, 14.05952],
			"rotation": {"angle": 0, "axis": "y", "origin": [4, 0, 3.05952]},
			"faces": {
				"north": {"uv": [9.25, 7.25, 9.5, 8], "texture": "#0"},
				"east": {"uv": [5, 5.25, 5.25, 6], "texture": "#0"},
				"south": {"uv": [9.25, 7.25, 9.5, 8], "texture": "#0"},
				"west": {"uv": [9.25, 7.25, 9.5, 8], "texture": "#0"},
				"up": {"uv": [9.25, 7.25, 9.5, 7.5], "texture": "#0"},
				"down": {"uv": [9.25, 7.25, 9.5, 7.5], "texture": "#0"}
			}
		},
		{
			"from": [10, -1, 12.05952],
			"to": [11, 8, 13.05952],
			"rotation": {"angle": 0, "axis": "y", "origin": [4, 0, 3.05952]},
			"faces": {
				"north": {"uv": [9.25, 7.25, 9.5, 9.5], "texture": "#0"},
				"east": {"uv": [5, 5.25, 5.25, 7.5], "texture": "#0"},
				"south": {"uv": [9.25, 7.25, 9.5, 9.5], "texture": "#0"},
				"west": {"uv": [9.25, 7.25, 9.5, 9.5], "texture": "#0"},
				"up": {"uv": [9.25, 7.25, 9.5, 7.5], "texture": "#0"},
				"down": {"uv": [9.25, 7.25, 9.5, 7.5], "texture": "#0"}
			}
		},
		{
			"from": [11, 0, 12.05952],
			"to": [12, 6, 13.05952],
			"rotation": {"angle": 0, "axis": "y", "origin": [4, 0, 3.05952]},
			"faces": {
				"north": {"uv": [9.25, 7.25, 9.5, 8.75], "texture": "#0"},
				"east": {"uv": [5, 5.25, 5.25, 6.75], "texture": "#0"},
				"south": {"uv": [9.25, 7.25, 9.5, 8.75], "texture": "#0"},
				"west": {"uv": [9.25, 7.25, 9.5, 8.75], "texture": "#0"},
				"up": {"uv": [9.25, 7.25, 9.5, 7.5], "texture": "#0"},
				"down": {"uv": [9.25, 7.25, 9.5, 7.5], "texture": "#0"}
			}
		},
		{
			"from": [12, 1, 12.05952],
			"to": [13, 5, 13.05952],
			"rotation": {"angle": 0, "axis": "y", "origin": [4, 0, 3.05952]},
			"faces": {
				"north": {"uv": [9.25, 7.25, 9.5, 8.25], "texture": "#0"},
				"east": {"uv": [5, 5.25, 5.25, 6.25], "texture": "#0"},
				"south": {"uv": [9.25, 7.25, 9.5, 8.25], "texture": "#0"},
				"west": {"uv": [9.25, 7.25, 9.5, 8.25], "texture": "#0"},
				"up": {"uv": [9.25, 7.25, 9.5, 7.5], "texture": "#0"},
				"down": {"uv": [9.25, 7.25, 9.5, 7.5], "texture": "#0"}
			}
		},
		{
			"from": [13, 2, 12.05952],
			"to": [14, 3, 13.05952],
			"rotation": {"angle": 0, "axis": "y", "origin": [4, 0, 3.05952]},
			"faces": {
				"north": {"uv": [9.25, 7.25, 9.5, 7.5], "texture": "#0"},
				"east": {"uv": [5, 5.25, 5.25, 5.5], "texture": "#0"},
				"south": {"uv": [9.25, 7.25, 9.5, 7.5], "texture": "#0"},
				"west": {"uv": [9.25, 7.25, 9.5, 7.5], "texture": "#0"},
				"up": {"uv": [9.25, 7.25, 9.5, 7.5], "texture": "#0"},
				"down": {"uv": [9.25, 7.25, 9.5, 7.5], "texture": "#0"}
			}
		},
		{
			"from": [8, -1, 11.05952],
			"to": [12, 8, 12.05952],
			"rotation": {"angle": 0, "axis": "y", "origin": [4, 0, 3.05952]},
			"faces": {
				"north": {"uv": [9.25, 7.25, 10.25, 9.5], "texture": "#0"},
				"east": {"uv": [5, 5.25, 5.25, 7.5], "texture": "#0"},
				"south": {"uv": [9.25, 7.25, 10.25, 9.5], "texture": "#0"},
				"west": {"uv": [9.25, 7.25, 9.5, 9.5], "texture": "#0"},
				"up": {"uv": [9.25, 7.25, 10.25, 7.5], "texture": "#0"},
				"down": {"uv": [9.25, 7.25, 10.25, 7.5], "texture": "#0"}
			}
		},
		{
			"from": [8, -2, 11.05952],
			"to": [10, -1, 12.05952],
			"rotation": {"angle": 0, "axis": "y", "origin": [4, 0, 3.05952]},
			"faces": {
				"north": {"uv": [9.25, 7.25, 9.75, 7.5], "texture": "#0"},
				"east": {"uv": [5, 5.25, 5.25, 5.5], "texture": "#0"},
				"south": {"uv": [9.25, 7.25, 9.75, 7.5], "texture": "#0"},
				"west": {"uv": [9.25, 7.25, 9.5, 7.5], "texture": "#0"},
				"up": {"uv": [9.25, 7.25, 9.75, 7.5], "texture": "#0"},
				"down": {"uv": [9.25, 7.25, 9.75, 7.5], "texture": "#0"}
			}
		},
		{
			"from": [8, -2, 12.05952],
			"to": [9, -1, 13.05952],
			"rotation": {"angle": 0, "axis": "y", "origin": [4, 0, 3.05952]},
			"faces": {
				"north": {"uv": [9.25, 7.25, 9.5, 7.5], "texture": "#0"},
				"east": {"uv": [5, 5.25, 5.25, 5.5], "texture": "#0"},
				"south": {"uv": [9.25, 7.25, 9.5, 7.5], "texture": "#0"},
				"west": {"uv": [9.25, 7.25, 9.5, 7.5], "texture": "#0"},
				"up": {"uv": [9.25, 7.25, 9.5, 7.5], "texture": "#0"},
				"down": {"uv": [9.25, 7.25, 9.5, 7.5], "texture": "#0"}
			}
		},
		{
			"from": [9, -1, 10.05952],
			"to": [13, 0, 11.05952],
			"rotation": {"angle": 0, "axis": "y", "origin": [4, 0, 3.05952]},
			"faces": {
				"north": {"uv": [9.25, 7.25, 10.25, 7.5], "texture": "#0"},
				"east": {"uv": [5, 5.25, 5.25, 5.5], "texture": "#0"},
				"south": {"uv": [9.25, 7.25, 10.25, 7.5], "texture": "#0"},
				"west": {"uv": [9.25, 7.25, 9.5, 7.5], "texture": "#0"},
				"up": {"uv": [9.25, 7.25, 10.25, 7.5], "texture": "#0"},
				"down": {"uv": [9.25, 7.25, 10.25, 7.5], "texture": "#0"}
			}
		},
		{
			"from": [3, 3, 3.05952],
			"to": [4, 9, 5.05952],
			"rotation": {"angle": 0, "axis": "y", "origin": [12, 0, 3.05952]},
			"faces": {
				"north": {"uv": [9.5, 7.25, 9.25, 8.75], "texture": "#0"},
				"east": {"uv": [9.75, 7.25, 9.25, 8.75], "texture": "#0"},
				"south": {"uv": [9.5, 7.25, 9.25, 8.75], "texture": "#0"},
				"west": {"uv": [5.5, 5.25, 5, 6.75], "texture": "#0"},
				"up": {"uv": [9.5, 7.25, 9.25, 7.75], "texture": "#0"},
				"down": {"uv": [9.5, 7.25, 9.25, 7.75], "texture": "#0"}
			}
		},
		{
			"from": [2, 5, 2.05952],
			"to": [3, 7, 9.05952],
			"rotation": {"angle": 0, "axis": "y", "origin": [12, 0, 3.05952]},
			"faces": {
				"north": {"uv": [9.5, 7.25, 9.25, 7.75], "texture": "#0"},
				"east": {"uv": [11, 7.25, 9.25, 7.75], "texture": "#0"},
				"south": {"uv": [9.5, 7.25, 9.25, 7.75], "texture": "#0"},
				"west": {"uv": [6.75, 5.25, 5, 5.75], "texture": "#0"},
				"up": {"uv": [9.5, 7.25, 9.25, 9], "texture": "#0"},
				"down": {"uv": [9.5, 7.25, 9.25, 9], "texture": "#0"}
			}
		},
		{
			"from": [2, 4, 3.05952],
			"to": [3, 5, 9.05952],
			"rotation": {"angle": 0, "axis": "y", "origin": [12, 0, 3.05952]},
			"faces": {
				"north": {"uv": [9.5, 7.25, 9.25, 7.5], "texture": "#0"},
				"east": {"uv": [10.75, 7.25, 9.25, 7.5], "texture": "#0"},
				"south": {"uv": [9.5, 7.25, 9.25, 7.5], "texture": "#0"},
				"west": {"uv": [6.5, 5.25, 5, 5.5], "texture": "#0"},
				"up": {"uv": [9.5, 7.25, 9.25, 8.75], "texture": "#0"},
				"down": {"uv": [9.5, 7.25, 9.25, 8.75], "texture": "#0"}
			}
		},
		{
			"from": [1, 4, 6.05952],
			"to": [2, 7, 9.05952],
			"rotation": {"angle": 0, "axis": "y", "origin": [12, 0, 3.05952]},
			"faces": {
				"north": {"uv": [9.5, 7.25, 9.25, 8], "texture": "#0"},
				"east": {"uv": [10, 7.25, 9.25, 8], "texture": "#0"},
				"south": {"uv": [9.5, 7.25, 9.25, 8], "texture": "#0"},
				"west": {"uv": [5.75, 5.25, 5, 6], "texture": "#0"},
				"up": {"uv": [9.5, 7.25, 9.25, 8], "texture": "#0"},
				"down": {"uv": [9.5, 7.25, 9.25, 8], "texture": "#0"}
			}
		},
		{
			"from": [1, 4, 5.05952],
			"to": [2, 6, 6.05952],
			"rotation": {"angle": 0, "axis": "x", "origin": [12, 0, 3.05952]},
			"faces": {
				"north": {"uv": [9.5, 7.25, 9.25, 7.75], "texture": "#0"},
				"east": {"uv": [9.5, 7.25, 9.25, 7.75], "texture": "#0"},
				"south": {"uv": [9.5, 7.25, 9.25, 7.75], "texture": "#0"},
				"west": {"uv": [5.25, 5.25, 5, 5.75], "texture": "#0"},
				"up": {"uv": [9.5, 7.25, 9.25, 7.5], "texture": "#0"},
				"down": {"uv": [9.5, 7.25, 9.25, 7.5], "texture": "#0"}
			}
		},
		{
			"from": [1, 3, 9.05952],
			"to": [2, 5, 10.05952],
			"rotation": {"angle": 0, "axis": "x", "origin": [12, 0, 3.05952]},
			"faces": {
				"north": {"uv": [9.5, 7.25, 9.25, 7.75], "texture": "#0"},
				"east": {"uv": [9.5, 7.25, 9.25, 7.75], "texture": "#0"},
				"south": {"uv": [9.5, 7.25, 9.25, 7.75], "texture": "#0"},
				"west": {"uv": [5.25, 5.25, 5, 5.75], "texture": "#0"},
				"up": {"uv": [9.5, 7.25, 9.25, 7.5], "texture": "#0"},
				"down": {"uv": [9.5, 7.25, 9.25, 7.5], "texture": "#0"}
			}
		},
		{
			"from": [1, 3, 8.05952],
			"to": [2, 4, 9.05952],
			"rotation": {"angle": 0, "axis": "x", "origin": [12, 0, 3.05952]},
			"faces": {
				"north": {"uv": [9.5, 7.25, 9.25, 7.5], "texture": "#0"},
				"east": {"uv": [9.5, 7.25, 9.25, 7.5], "texture": "#0"},
				"south": {"uv": [9.5, 7.25, 9.25, 7.5], "texture": "#0"},
				"west": {"uv": [5.25, 5.25, 5, 5.5], "texture": "#0"},
				"up": {"uv": [9.5, 7.25, 9.25, 7.5], "texture": "#0"},
				"down": {"uv": [9.5, 7.25, 9.25, 7.5], "texture": "#0"}
			}
		},
		{
			"from": [2, 3, 4.05952],
			"to": [3, 4, 9.05952],
			"rotation": {"angle": 0, "axis": "y", "origin": [12, 0, 3.05952]},
			"faces": {
				"north": {"uv": [9.5, 7.25, 9.25, 7.5], "texture": "#0"},
				"east": {"uv": [10.5, 7.25, 9.25, 7.5], "texture": "#0"},
				"south": {"uv": [9.5, 7.25, 9.25, 7.5], "texture": "#0"},
				"west": {"uv": [6.25, 5.25, 5, 5.5], "texture": "#0"},
				"up": {"uv": [9.5, 7.25, 9.25, 8.5], "texture": "#0"},
				"down": {"uv": [9.5, 7.25, 9.25, 8.5], "texture": "#0"}
			}
		},
		{
			"from": [2, 2, 6.05952],
			"to": [3, 3, 9.05952],
			"rotation": {"angle": 0, "axis": "y", "origin": [12, 0, 3.05952]},
			"faces": {
				"north": {"uv": [9.5, 7.25, 9.25, 7.5], "texture": "#0"},
				"east": {"uv": [10, 7.25, 9.25, 7.5], "texture": "#0"},
				"south": {"uv": [9.5, 7.25, 9.25, 7.5], "texture": "#0"},
				"west": {"uv": [5.75, 5.25, 5, 5.5], "texture": "#0"},
				"up": {"uv": [9.5, 7.25, 9.25, 8], "texture": "#0"},
				"down": {"uv": [9.5, 7.25, 9.25, 8], "texture": "#0"}
			}
		},
		{
			"from": [2, 1, 8.05952],
			"to": [3, 2, 11.05952],
			"rotation": {"angle": 0, "axis": "y", "origin": [12, 0, 3.05952]},
			"faces": {
				"north": {"uv": [9.5, 7.25, 9.25, 7.5], "texture": "#0"},
				"east": {"uv": [10, 7.25, 9.25, 7.5], "texture": "#0"},
				"south": {"uv": [9.5, 7.25, 9.25, 7.5], "texture": "#0"},
				"west": {"uv": [5.75, 5.25, 5, 5.5], "texture": "#0"},
				"up": {"uv": [9.5, 7.25, 9.25, 8], "texture": "#0"},
				"down": {"uv": [9.5, 7.25, 9.25, 8], "texture": "#0"}
			}
		},
		{
			"from": [2, 0, 11.05952],
			"to": [3, 6, 12.05952],
			"rotation": {"angle": 0, "axis": "y", "origin": [12, 0, 3.05952]},
			"faces": {
				"north": {"uv": [9.5, 7.25, 9.25, 8.75], "texture": "#0"},
				"east": {"uv": [9.5, 7.25, 9.25, 8.75], "texture": "#0"},
				"south": {"uv": [9.5, 7.25, 9.25, 8.75], "texture": "#0"},
				"west": {"uv": [5.25, 5.25, 5, 6.75], "texture": "#0"},
				"up": {"uv": [9.5, 7.25, 9.25, 7.5], "texture": "#0"},
				"down": {"uv": [9.5, 7.25, 9.25, 7.5], "texture": "#0"}
			}
		},
		{
			"from": [2, 7, 4.05952],
			"to": [3, 9, 9.05952],
			"rotation": {"angle": 0, "axis": "y", "origin": [12, 0, 3.05952]},
			"faces": {
				"north": {"uv": [9.5, 7.25, 9.25, 7.75], "texture": "#0"},
				"east": {"uv": [10.5, 7.25, 9.25, 7.75], "texture": "#0"},
				"south": {"uv": [9.5, 7.25, 9.25, 7.75], "texture": "#0"},
				"west": {"uv": [6.25, 5.25, 5, 5.75], "texture": "#0"},
				"up": {"uv": [9.5, 7.25, 9.25, 8.5], "texture": "#0"},
				"down": {"uv": [9.5, 7.25, 9.25, 8.5], "texture": "#0"}
			}
		},
		{
			"from": [2, 9, 6.05952],
			"to": [3, 10, 8.05952],
			"rotation": {"angle": 0, "axis": "y", "origin": [12, 0, 3.05952]},
			"faces": {
				"north": {"uv": [9.5, 7.25, 9.25, 7.5], "texture": "#0"},
				"east": {"uv": [9.75, 7.25, 9.25, 7.5], "texture": "#0"},
				"south": {"uv": [9.5, 7.25, 9.25, 7.5], "texture": "#0"},
				"west": {"uv": [5.5, 5.25, 5, 5.5], "texture": "#0"},
				"up": {"uv": [9.5, 7.25, 9.25, 7.75], "texture": "#0"},
				"down": {"uv": [9.5, 7.25, 9.25, 7.75], "texture": "#0"}
			}
		},
		{
			"from": [2, 2, 9.05952],
			"to": [3, 8, 11.05952],
			"rotation": {"angle": 0, "axis": "y", "origin": [12, 0, 3.05952]},
			"faces": {
				"north": {"uv": [9.5, 7.25, 9.25, 8.75], "texture": "#0"},
				"east": {"uv": [9.75, 7.25, 9.25, 8.75], "texture": "#0"},
				"south": {"uv": [9.5, 7.25, 9.25, 8.75], "texture": "#0"},
				"west": {"uv": [5.5, 5.25, 5, 6.75], "texture": "#0"},
				"up": {"uv": [9.5, 7.25, 9.25, 7.75], "texture": "#0"},
				"down": {"uv": [9.5, 7.25, 9.25, 7.75], "texture": "#0"}
			}
		},
		{
			"from": [3, 4, 2.05952],
			"to": [4, 8, 3.05952],
			"rotation": {"angle": 0, "axis": "y", "origin": [12, 0, 3.05952]},
			"faces": {
				"north": {"uv": [9.5, 7.25, 9.25, 8.25], "texture": "#0"},
				"east": {"uv": [9.5, 7.25, 9.25, 8.25], "texture": "#0"},
				"south": {"uv": [9.5, 7.25, 9.25, 8.25], "texture": "#0"},
				"west": {"uv": [5.25, 5.25, 5, 6.25], "texture": "#0"},
				"up": {"uv": [9.5, 7.25, 9.25, 7.5], "texture": "#0"},
				"down": {"uv": [9.5, 7.25, 9.25, 7.5], "texture": "#0"}
			}
		},
		{
			"from": [4, 7, 1.05952],
			"to": [5, 9, 2.05952],
			"rotation": {"angle": 0, "axis": "y", "origin": [12, 0, 3.05952]},
			"faces": {
				"north": {"uv": [9.5, 7.25, 9.25, 7.75], "texture": "#0"},
				"east": {"uv": [9.5, 7.25, 9.25, 7.75], "texture": "#0"},
				"south": {"uv": [9.5, 7.25, 9.25, 7.75], "texture": "#0"},
				"west": {"uv": [5.25, 5.25, 5, 5.75], "texture": "#0"},
				"up": {"uv": [9.5, 7.25, 9.25, 7.5], "texture": "#0"},
				"down": {"uv": [9.5, 7.25, 9.25, 7.5], "texture": "#0"}
			}
		},
		{
			"from": [4, 6, 2.05952],
			"to": [8, 9, 3.05952],
			"rotation": {"angle": 0, "axis": "y", "origin": [12, 0, 3.05952]},
			"faces": {
				"north": {"uv": [10.25, 7.25, 9.25, 8], "texture": "#0"},
				"east": {"uv": [9.5, 7.25, 9.25, 8], "texture": "#0"},
				"south": {"uv": [10.25, 7.25, 9.25, 8], "texture": "#0"},
				"west": {"uv": [5.25, 5.25, 5, 6], "texture": "#0"},
				"up": {"uv": [10.25, 7.25, 9.25, 7.5], "texture": "#0"},
				"down": {"uv": [10.25, 7.25, 9.25, 7.5], "texture": "#0"}
			}
		},
		{
			"from": [4, 5, 2.05952],
			"to": [5, 6, 3.05952],
			"rotation": {"angle": 0, "axis": "y", "origin": [12, 0, 3.05952]},
			"faces": {
				"north": {"uv": [9.5, 7.25, 9.25, 7.5], "texture": "#0"},
				"east": {"uv": [9.5, 7.25, 9.25, 7.5], "texture": "#0"},
				"south": {"uv": [9.5, 7.25, 9.25, 7.5], "texture": "#0"},
				"west": {"uv": [5.25, 5.25, 5, 5.5], "texture": "#0"},
				"up": {"uv": [9.5, 7.25, 9.25, 7.5], "texture": "#0"},
				"down": {"uv": [9.5, 7.25, 9.25, 7.5], "texture": "#0"}
			}
		},
		{
			"from": [5, 7, 1.05952],
			"to": [8, 10, 2.05952],
			"rotation": {"angle": 0, "axis": "y", "origin": [12, 0, 3.05952]},
			"faces": {
				"north": {"uv": [10, 7.25, 9.25, 8], "texture": "#0"},
				"east": {"uv": [9.5, 7.25, 9.25, 8], "texture": "#0"},
				"south": {"uv": [10, 7.25, 9.25, 8], "texture": "#0"},
				"west": {"uv": [5.25, 5.25, 5, 6], "texture": "#0"},
				"up": {"uv": [10, 7.25, 9.25, 7.5], "texture": "#0"},
				"down": {"uv": [10, 7.25, 9.25, 7.5], "texture": "#0"}
			}
		},
		{
			"from": [5, 8, 0.05952],
			"to": [8, 10, 1.05952],
			"rotation": {"angle": 0, "axis": "y", "origin": [12, 0, 3.05952]},
			"faces": {
				"north": {"uv": [10, 7.25, 9.25, 7.75], "texture": "#0"},
				"east": {"uv": [9.5, 7.25, 9.25, 7.75], "texture": "#0"},
				"south": {"uv": [10, 7.25, 9.25, 7.75], "texture": "#0"},
				"west": {"uv": [5.25, 5.25, 5, 5.75], "texture": "#0"},
				"up": {"uv": [10, 7.25, 9.25, 7.5], "texture": "#0"},
				"down": {"uv": [10, 7.25, 9.25, 7.5], "texture": "#0"}
			}
		},
		{
			"from": [4, 8, 3.05952],
			"to": [8, 9, 12.05952],
			"rotation": {"angle": 0, "axis": "y", "origin": [12, 0, 3.05952]},
			"faces": {
				"north": {"uv": [10.25, 7.25, 9.25, 7.5], "texture": "#0"},
				"east": {"uv": [11.5, 7.25, 9.25, 7.5], "texture": "#0"},
				"south": {"uv": [10.25, 7.25, 9.25, 7.5], "texture": "#0"},
				"west": {"uv": [7.25, 5.25, 5, 5.5], "texture": "#0"},
				"up": {"uv": [10.25, 7.25, 9.25, 9.5], "texture": "#0"},
				"down": {"uv": [10.25, 7.25, 9.25, 9.5], "texture": "#0"}
			}
		},
		{
			"from": [4, 9, 2.05952],
			"to": [8, 10, 12.05952],
			"rotation": {"angle": 0, "axis": "y", "origin": [12, 0, 3.05952]},
			"faces": {
				"north": {"uv": [10.25, 7.25, 9.25, 7.5], "texture": "#0"},
				"east": {"uv": [11.75, 7.25, 9.25, 7.5], "texture": "#0"},
				"south": {"uv": [10.25, 7.25, 9.25, 7.5], "texture": "#0"},
				"west": {"uv": [7.5, 5.25, 5, 5.5], "texture": "#0"},
				"up": {"uv": [10.25, 7.25, 9.25, 9.75], "texture": "#0"},
				"down": {"uv": [10.25, 7.25, 9.25, 9.75], "texture": "#0"}
			}
		},
		{
			"from": [3, 9, 5.05952],
			"to": [4, 10, 11.05952],
			"rotation": {"angle": 0, "axis": "y", "origin": [12, 0, 3.05952]},
			"faces": {
				"north": {"uv": [9.5, 7.25, 9.25, 7.5], "texture": "#0"},
				"east": {"uv": [10.75, 7.25, 9.25, 7.5], "texture": "#0"},
				"south": {"uv": [9.5, 7.25, 9.25, 7.5], "texture": "#0"},
				"west": {"uv": [6.5, 5.25, 5, 5.5], "texture": "#0"},
				"up": {"uv": [9.5, 7.25, 9.25, 8.75], "texture": "#0"},
				"down": {"uv": [9.5, 7.25, 9.25, 8.75], "texture": "#0"}
			}
		},
		{
			"from": [4, 10, 4.05952],
			"to": [5, 11, 9.05952],
			"rotation": {"angle": 0, "axis": "y", "origin": [12, 0, 3.05952]},
			"faces": {
				"north": {"uv": [9.5, 7.25, 9.25, 7.5], "texture": "#0"},
				"east": {"uv": [10.5, 7.25, 9.25, 7.5], "texture": "#0"},
				"south": {"uv": [9.5, 7.25, 9.25, 7.5], "texture": "#0"},
				"west": {"uv": [6.25, 5.25, 5, 5.5], "texture": "#0"},
				"up": {"uv": [9.5, 7.25, 9.25, 8.5], "texture": "#0"},
				"down": {"uv": [9.5, 7.25, 9.25, 8.5], "texture": "#0"}
			}
		},
		{
			"from": [5, 10, 1.05952],
			"to": [8, 11, 11.05952],
			"rotation": {"angle": 0, "axis": "y", "origin": [12, 0, 3.05952]},
			"faces": {
				"north": {"uv": [10, 7.25, 9.25, 7.5], "texture": "#0"},
				"east": {"uv": [11.75, 7.25, 9.25, 7.5], "texture": "#0"},
				"south": {"uv": [10, 7.25, 9.25, 7.5], "texture": "#0"},
				"west": {"uv": [7.5, 5.25, 5, 5.5], "texture": "#0"},
				"up": {"uv": [10, 7.25, 9.25, 9.75], "texture": "#0"},
				"down": {"uv": [10, 7.25, 9.25, 9.75], "texture": "#0"}
			}
		},
		{
			"from": [7, 11, 3.05952],
			"to": [8, 12, 9.05952],
			"rotation": {"angle": 0, "axis": "y", "origin": [12, 0, 3.05952]},
			"faces": {
				"north": {"uv": [9.5, 7.25, 9.25, 7.5], "texture": "#0"},
				"east": {"uv": [10.75, 7.25, 9.25, 7.5], "texture": "#0"},
				"south": {"uv": [9.5, 7.25, 9.25, 7.5], "texture": "#0"},
				"west": {"uv": [6.5, 5.25, 5, 5.5], "texture": "#0"},
				"up": {"uv": [9.5, 7.25, 9.25, 8.75], "texture": "#0"},
				"down": {"uv": [9.5, 7.25, 9.25, 8.75], "texture": "#0"}
			}
		},
		{
			"from": [6, 11, 4.05952],
			"to": [7, 12, 7.05952],
			"rotation": {"angle": 0, "axis": "y", "origin": [12, 0, 3.05952]},
			"faces": {
				"north": {"uv": [9.5, 7.25, 9.25, 7.5], "texture": "#0"},
				"east": {"uv": [10, 7.25, 9.25, 7.5], "texture": "#0"},
				"south": {"uv": [9.5, 7.25, 9.25, 7.5], "texture": "#0"},
				"west": {"uv": [5.75, 5.25, 5, 5.5], "texture": "#0"},
				"up": {"uv": [9.5, 7.25, 9.25, 8], "texture": "#0"},
				"down": {"uv": [9.5, 7.25, 9.25, 8], "texture": "#0"}
			}
		},
		{
			"from": [3, 2, 5.05952],
			"to": [4, 9, 7.05952],
			"rotation": {"angle": 0, "axis": "y", "origin": [12, 0, 3.05952]},
			"faces": {
				"north": {"uv": [9.5, 7.25, 9.25, 9], "texture": "#0"},
				"east": {"uv": [9.75, 7.25, 9.25, 9], "texture": "#0"},
				"south": {"uv": [9.5, 7.25, 9.25, 9], "texture": "#0"},
				"west": {"uv": [5.5, 5.25, 5, 7], "texture": "#0"},
				"up": {"uv": [9.5, 7.25, 9.25, 7.75], "texture": "#0"},
				"down": {"uv": [9.5, 7.25, 9.25, 7.75], "texture": "#0"}
			}
		},
		{
			"from": [3, 1, 7.05952],
			"to": [4, 9, 9.05952],
			"rotation": {"angle": 0, "axis": "y", "origin": [12, 0, 3.05952]},
			"faces": {
				"north": {"uv": [9.5, 7.25, 9.25, 9.25], "texture": "#0"},
				"east": {"uv": [9.75, 7.25, 9.25, 9.25], "texture": "#0"},
				"south": {"uv": [9.5, 7.25, 9.25, 9.25], "texture": "#0"},
				"west": {"uv": [5.5, 5.25, 5, 7.25], "texture": "#0"},
				"up": {"uv": [9.5, 7.25, 9.25, 7.75], "texture": "#0"},
				"down": {"uv": [9.5, 7.25, 9.25, 7.75], "texture": "#0"}
			}
		},
		{
			"from": [3, 0, 9.05952],
			"to": [4, 9, 11.05952],
			"rotation": {"angle": 0, "axis": "y", "origin": [12, 0, 3.05952]},
			"faces": {
				"north": {"uv": [9.5, 7.25, 9.25, 9.5], "texture": "#0"},
				"east": {"uv": [9.75, 7.25, 9.25, 9.5], "texture": "#0"},
				"south": {"uv": [9.5, 7.25, 9.25, 9.5], "texture": "#0"},
				"west": {"uv": [5.5, 5.25, 5, 7.5], "texture": "#0"},
				"up": {"uv": [9.5, 7.25, 9.25, 7.75], "texture": "#0"},
				"down": {"uv": [9.5, 7.25, 9.25, 7.75], "texture": "#0"}
			}
		},
		{
			"from": [3, -1, 11.05952],
			"to": [4, 9, 12.05952],
			"rotation": {"angle": 0, "axis": "y", "origin": [12, 0, 3.05952]},
			"faces": {
				"north": {"uv": [9.5, 7.25, 9.25, 9.75], "texture": "#0"},
				"east": {"uv": [9.5, 7.25, 9.25, 9.75], "texture": "#0"},
				"south": {"uv": [9.5, 7.25, 9.25, 9.75], "texture": "#0"},
				"west": {"uv": [5.25, 5.25, 5, 7.75], "texture": "#0"},
				"up": {"uv": [9.5, 7.25, 9.25, 7.5], "texture": "#0"},
				"down": {"uv": [9.5, 7.25, 9.25, 7.5], "texture": "#0"}
			}
		},
		{
			"from": [6, -1, 12.05952],
			"to": [8, 9, 13.05952],
			"rotation": {"angle": 0, "axis": "y", "origin": [12, 0, 3.05952]},
			"faces": {
				"north": {"uv": [9.75, 7.25, 9.25, 9.75], "texture": "#0"},
				"east": {"uv": [9.5, 7.25, 9.25, 9.75], "texture": "#0"},
				"south": {"uv": [9.75, 7.25, 9.25, 9.75], "texture": "#0"},
				"west": {"uv": [5.25, 5.25, 5, 7.75], "texture": "#0"},
				"up": {"uv": [9.75, 7.25, 9.25, 7.5], "texture": "#0"},
				"down": {"uv": [9.75, 7.25, 9.25, 7.5], "texture": "#0"}
			}
		},
		{
			"from": [6, 1, 13.05952],
			"to": [8, 6, 14.05952],
			"rotation": {"angle": 0, "axis": "y", "origin": [12, 0, 3.05952]},
			"faces": {
				"north": {"uv": [9.75, 7.25, 9.25, 8.5], "texture": "#0"},
				"east": {"uv": [9.5, 7.25, 9.25, 8.5], "texture": "#0"},
				"south": {"uv": [9.75, 7.25, 9.25, 8.5], "texture": "#0"},
				"west": {"uv": [5.25, 5.25, 5, 6.5], "texture": "#0"},
				"up": {"uv": [9.75, 7.25, 9.25, 7.5], "texture": "#0"},
				"down": {"uv": [9.75, 7.25, 9.25, 7.5], "texture": "#0"}
			}
		},
		{
			"from": [5, 2, 13.05952],
			"to": [6, 5, 14.05952],
			"rotation": {"angle": 0, "axis": "y", "origin": [12, 0, 3.05952]},
			"faces": {
				"north": {"uv": [9.5, 7.25, 9.25, 8], "texture": "#0"},
				"east": {"uv": [9.5, 7.25, 9.25, 8], "texture": "#0"},
				"south": {"uv": [9.5, 7.25, 9.25, 8], "texture": "#0"},
				"west": {"uv": [5.25, 5.25, 5, 6], "texture": "#0"},
				"up": {"uv": [9.5, 7.25, 9.25, 7.5], "texture": "#0"},
				"down": {"uv": [9.5, 7.25, 9.25, 7.5], "texture": "#0"}
			}
		},
		{
			"from": [5, -1, 12.05952],
			"to": [6, 8, 13.05952],
			"rotation": {"angle": 0, "axis": "y", "origin": [12, 0, 3.05952]},
			"faces": {
				"north": {"uv": [9.5, 7.25, 9.25, 9.5], "texture": "#0"},
				"east": {"uv": [9.5, 7.25, 9.25, 9.5], "texture": "#0"},
				"south": {"uv": [9.5, 7.25, 9.25, 9.5], "texture": "#0"},
				"west": {"uv": [5.25, 5.25, 5, 7.5], "texture": "#0"},
				"up": {"uv": [9.5, 7.25, 9.25, 7.5], "texture": "#0"},
				"down": {"uv": [9.5, 7.25, 9.25, 7.5], "texture": "#0"}
			}
		},
		{
			"from": [4, 0, 12.05952],
			"to": [5, 6, 13.05952],
			"rotation": {"angle": 0, "axis": "y", "origin": [12, 0, 3.05952]},
			"faces": {
				"north": {"uv": [9.5, 7.25, 9.25, 8.75], "texture": "#0"},
				"east": {"uv": [9.5, 7.25, 9.25, 8.75], "texture": "#0"},
				"south": {"uv": [9.5, 7.25, 9.25, 8.75], "texture": "#0"},
				"west": {"uv": [5.25, 5.25, 5, 6.75], "texture": "#0"},
				"up": {"uv": [9.5, 7.25, 9.25, 7.5], "texture": "#0"},
				"down": {"uv": [9.5, 7.25, 9.25, 7.5], "texture": "#0"}
			}
		},
		{
			"from": [3, 1, 12.05952],
			"to": [4, 5, 13.05952],
			"rotation": {"angle": 0, "axis": "y", "origin": [12, 0, 3.05952]},
			"faces": {
				"north": {"uv": [9.5, 7.25, 9.25, 8.25], "texture": "#0"},
				"east": {"uv": [9.5, 7.25, 9.25, 8.25], "texture": "#0"},
				"south": {"uv": [9.5, 7.25, 9.25, 8.25], "texture": "#0"},
				"west": {"uv": [5.25, 5.25, 5, 6.25], "texture": "#0"},
				"up": {"uv": [9.5, 7.25, 9.25, 7.5], "texture": "#0"},
				"down": {"uv": [9.5, 7.25, 9.25, 7.5], "texture": "#0"}
			}
		},
		{
			"from": [2, 2, 12.05952],
			"to": [3, 3, 13.05952],
			"rotation": {"angle": 0, "axis": "y", "origin": [12, 0, 3.05952]},
			"faces": {
				"north": {"uv": [9.5, 7.25, 9.25, 7.5], "texture": "#0"},
				"east": {"uv": [9.5, 7.25, 9.25, 7.5], "texture": "#0"},
				"south": {"uv": [9.5, 7.25, 9.25, 7.5], "texture": "#0"},
				"west": {"uv": [5.25, 5.25, 5, 5.5], "texture": "#0"},
				"up": {"uv": [9.5, 7.25, 9.25, 7.5], "texture": "#0"},
				"down": {"uv": [9.5, 7.25, 9.25, 7.5], "texture": "#0"}
			}
		},
		{
			"from": [4, -1, 11.05952],
			"to": [8, 8, 12.05952],
			"rotation": {"angle": 0, "axis": "y", "origin": [12, 0, 3.05952]},
			"faces": {
				"north": {"uv": [10.25, 7.25, 9.25, 9.5], "texture": "#0"},
				"east": {"uv": [9.5, 7.25, 9.25, 9.5], "texture": "#0"},
				"south": {"uv": [10.25, 7.25, 9.25, 9.5], "texture": "#0"},
				"west": {"uv": [5.25, 5.25, 5, 7.5], "texture": "#0"},
				"up": {"uv": [10.25, 7.25, 9.25, 7.5], "texture": "#0"},
				"down": {"uv": [10.25, 7.25, 9.25, 7.5], "texture": "#0"}
			}
		},
		{
			"from": [6, -2, 11.05952],
			"to": [8, -1, 12.05952],
			"rotation": {"angle": 0, "axis": "y", "origin": [12, 0, 3.05952]},
			"faces": {
				"north": {"uv": [9.75, 7.25, 9.25, 7.5], "texture": "#0"},
				"east": {"uv": [9.5, 7.25, 9.25, 7.5], "texture": "#0"},
				"south": {"uv": [9.75, 7.25, 9.25, 7.5], "texture": "#0"},
				"west": {"uv": [5.25, 5.25, 5, 5.5], "texture": "#0"},
				"up": {"uv": [9.75, 7.25, 9.25, 7.5], "texture": "#0"},
				"down": {"uv": [9.75, 7.25, 9.25, 7.5], "texture": "#0"}
			}
		},
		{
			"from": [7, -2, 12.05952],
			"to": [8, -1, 13.05952],
			"rotation": {"angle": 0, "axis": "y", "origin": [12, 0, 3.05952]},
			"faces": {
				"north": {"uv": [9.5, 7.25, 9.25, 7.5], "texture": "#0"},
				"east": {"uv": [9.5, 7.25, 9.25, 7.5], "texture": "#0"},
				"south": {"uv": [9.5, 7.25, 9.25, 7.5], "texture": "#0"},
				"west": {"uv": [5.25, 5.25, 5, 5.5], "texture": "#0"},
				"up": {"uv": [9.5, 7.25, 9.25, 7.5], "texture": "#0"},
				"down": {"uv": [9.5, 7.25, 9.25, 7.5], "texture": "#0"}
			}
		},
		{
			"from": [3, -1, 10.05952],
			"to": [7, 0, 11.05952],
			"rotation": {"angle": 0, "axis": "y", "origin": [12, 0, 3.05952]},
			"faces": {
				"north": {"uv": [10.25, 7.25, 9.25, 7.5], "texture": "#0"},
				"east": {"uv": [9.5, 7.25, 9.25, 7.5], "texture": "#0"},
				"south": {"uv": [10.25, 7.25, 9.25, 7.5], "texture": "#0"},
				"west": {"uv": [5.25, 5.25, 5, 5.5], "texture": "#0"},
				"up": {"uv": [10.25, 7.25, 9.25, 7.5], "texture": "#0"},
				"down": {"uv": [10.25, 7.25, 9.25, 7.5], "texture": "#0"}
			}
		}
	],
	"display": {
		"thirdperson_righthand": {
			"rotation": [-10, 45, -15],
			"translation": [1.75, 3, -0.5],
			"scale": [0.5, 0.5, 0.5]
		},
		"thirdperson_lefthand": {
			"rotation": [-10, 45, -15],
			"translation": [1.75, 3, -0.5],
			"scale": [0.5, 0.5, 0.5]
		},
		"firstperson_righthand": {
			"rotation": [30, 45, 0],
			"translation": [2, 5, 0],
			"scale": [0.7, 0.7, 0.7]
		},
		"firstperson_lefthand": {
			"rotation": [30, 45, 0],
			"translation": [2, 5, 0],
			"scale": [0.7, 0.7, 0.7]
		},
		"ground": {
			"translation": [0, 4.5, 0],
			"scale": [0.7, 0.7, 0.7]
		},
		"gui": {
			"rotation": [5, -135, 0],
			"translation": [-0.25, 2, 0],
			"scale": [0.7, 0.7, 0.7]
		},
		"head": {
			"translation": [0, 6.5, 1],
			"scale": [1.7, 1.7, 1.7]
		},
		"fixed": {
			"rotation": [-105, 0, 0],
			"translation": [0, 1, -30.25],
			"scale": [2.2, 2.2, 2.2]
		}
	},
	"groups": [
		{
			"name": "group",
			"origin": [0, 0, 0],
			"color": 0,
			"children": [
				{
					"name": "group",
					"origin": [0, 0, 0],
					"color": 0,
					"children": [0, 1, 2, 3, 4, 5, 6, 7, 8, 9, 10, 11, 12, 13, 14, 15, 16, 17, 18, 19, 20, 21, 22, 23, 24, 25, 26, 27, 28, 29, 30, 31, 32, 33, 34, 35, 36, 37, 38, 39, 40, 41, 42, 43, 44, 45]
				},
				{
					"name": "group",
					"origin": [0, 0, 0],
					"color": 0,
					"children": [46, 47, 48, 49, 50, 51, 52, 53, 54, 55, 56, 57, 58, 59, 60, 61, 62, 63, 64, 65, 66, 67, 68, 69, 70, 71, 72, 73, 74, 75, 76, 77, 78, 79, 80, 81, 82, 83, 84, 85, 86, 87]
				}
			]
		}
	]
}