{
	"credit": "Made with Blockbench",
	"textures": {
		"1": "block/white_concrete",
		"2": "block/polished_andesite",
		"3": "block/blue_concrete_powder"
	},
	"elements": [
		{
			"from": [6.5, 1, 6.5],
			"to": [9.5, 8, 9.5],
			"faces": {
				"north": {"uv": [0, 0, 3, 7], "texture": "#3"},
				"east": {"uv": [0, 0, 3, 7], "texture": "#3"},
				"south": {"uv": [0, 0, 3, 7], "texture": "#3"},
				"west": {"uv": [0, 0, 3, 7], "texture": "#3"},
				"up": {"uv": [0, 0, 3, 3], "texture": "#3"},
				"down": {"uv": [0, 0, 3, 3], "texture": "#3"}
			}
		},
		{
			"from": [6.5, 0, 6.5],
			"to": [9.5, 1, 9.5],
			"faces": {
				"north": {"uv": [0, 0, 3, 1], "texture": "#1"},
				"east": {"uv": [0, 0, 3, 1], "texture": "#1"},
				"south": {"uv": [0, 0, 3, 1], "texture": "#1"},
				"west": {"uv": [0, 0, 3, 1], "texture": "#1"},
				"up": {"uv": [0, 0, 3, 3], "texture": "#1"},
				"down": {"uv": [0, 0, 3, 3], "texture": "#1"}
			}
		},
		{
			"from": [6.5, 8, 6.5],
			"to": [9.5, 9, 9.5],
			"faces": {
				"north": {"uv": [0, 0, 3, 1], "texture": "#1"},
				"east": {"uv": [0, 0, 3, 1], "texture": "#1"},
				"south": {"uv": [0, 0, 3, 1], "texture": "#1"},
				"west": {"uv": [0, 0, 3, 1], "texture": "#1"},
				"up": {"uv": [0, 0, 3, 3], "texture": "#1"},
				"down": {"uv": [0, 0, 3, 3], "texture": "#1"}
			}
		},
		{
			"from": [7, 9, 7],
			"to": [9, 10, 9],
			"faces": {
				"north": {"uv": [0, 0, 2, 1], "texture": "#1"},
				"east": {"uv": [0, 0, 2, 1], "texture": "#1"},
				"south": {"uv": [0, 0, 2, 1], "texture": "#1"},
				"west": {"uv": [0, 0, 2, 1], "texture": "#1"},
				"up": {"uv": [0, 0, 2, 2], "texture": "#1"},
				"down": {"uv": [0, 0, 2, 2], "texture": "#1"}
			}
		},
		{
			"from": [7.8, 9.25, 6.9375],
			"to": [8.2, 9.65, 7.1375],
			"rotation": {"angle": 0, "axis": "y", "origin": [0.05, 0, 0]},
			"faces": {
				"north": {"uv": [15, 15, 15.4, 15.4], "texture": "#2"},
				"east": {"uv": [15, 15, 15.2, 15.4], "texture": "#2"},
				"south": {"uv": [15, 15, 15.4, 15.4], "texture": "#2"},
				"west": {"uv": [15, 15, 15.2, 15.4], "texture": "#2"},
				"up": {"uv": [15, 15, 15.4, 15.2], "texture": "#2"},
				"down": {"uv": [15, 15, 15.4, 15.2], "texture": "#2"}
			}
		},
		{
			"from": [9.525, 4.75, 6.6625],
			"to": [9.525, 4.95, 8.6625],
			"rotation": {"angle": 0, "axis": "y", "origin": [7.775, 6.54688, 6.4375]},
			"faces": {
				"north": {"uv": [0, 0, 0, 0.2], "texture": "#1"},
				"east": {"uv": [0, 0, 2, 0.2], "texture": "#1"},
				"south": {"uv": [0, 0, 0, 0.2], "texture": "#1"},
				"west": {"uv": [0, 0, 2, 0.2], "texture": "#1"},
				"up": {"uv": [0, 0, 2, 0], "rotation": 90, "texture": "#1"},
				"down": {"uv": [0, 0, 2, 0], "rotation": 270, "texture": "#1"}
			}
		},
		{
			"from": [9.525, 4.3125, 6.6625],
			"to": [9.525, 4.4125, 9.1625],
			"rotation": {"angle": 0, "axis": "y", "origin": [7.775, 6.54688, 6.4375]},
			"faces": {
				"north": {"uv": [0, 0, 0, 0.1], "texture": "#1"},
				"east": {"uv": [0, 0, 2.5, 0.1], "texture": "#1"},
				"south": {"uv": [0, 0, 0, 0.1], "texture": "#1"},
				"west": {"uv": [0, 0, 2.5, 0.1], "texture": "#1"},
				"up": {"uv": [0, 0, 2.5, 0], "rotation": 90, "texture": "#1"},
				"down": {"uv": [0, 0, 2.5, 0], "rotation": 270, "texture": "#1"}
			}
		},
		{
			"from": [9.525, 4.0625, 6.6625],
			"to": [9.525, 4.1625, 9.0625],
			"rotation": {"angle": 0, "axis": "y", "origin": [7.775, 6.54688, 6.4375]},
			"faces": {
				"north": {"uv": [0, 0, 0, 0.1], "texture": "#1"},
				"east": {"uv": [0, 0, 2.4, 0.1], "texture": "#1"},
				"south": {"uv": [0, 0, 0, 0.1], "texture": "#1"},
				"west": {"uv": [0, 0, 2.4, 0.1], "texture": "#1"},
				"up": {"uv": [0, 0, 2.4, 0], "rotation": 90, "texture": "#1"},
				"down": {"uv": [0, 0, 2.4, 0], "rotation": 270, "texture": "#1"}
			}
		},
		{
			"from": [9.525, 3.8125, 6.6625],
			"to": [9.525, 3.9125, 7.9625],
			"rotation": {"angle": 0, "axis": "y", "origin": [7.775, 6.54688, 6.4375]},
			"faces": {
				"north": {"uv": [0, 0, 0, 0.1], "texture": "#1"},
				"east": {"uv": [0, 0, 1.3, 0.1], "texture": "#1"},
				"south": {"uv": [0, 0, 0, 0.1], "texture": "#1"},
				"west": {"uv": [0, 0, 1.3, 0.1], "texture": "#1"},
				"up": {"uv": [0, 0, 1.3, 0], "rotation": 90, "texture": "#1"},
				"down": {"uv": [0, 0, 1.3, 0], "rotation": 270, "texture": "#1"}
			}
		}
	],
	"display": {
		"thirdperson_righthand": {
			"translation": [0, -0.5, 0],
			"scale": [0.8, 0.8, 0.8]
		},
		"thirdperson_lefthand": {
			"translation": [0, -0.5, 0],
			"scale": [0.8, 0.8, 0.8]
		},
		"firstperson_righthand": {
			"translation": [0, 5.25, 0]
		},
		"firstperson_lefthand": {
			"translation": [0, 5.25, 0]
		},
		"ground": {
			"translation": [0, 2.75, 0],
			"scale": [0.7, 0.7, 0.7]
		},
		"gui": {
			"rotation": [35, 135, 0],
			"translation": [0, 3.25, 0],
			"scale": [1.3, 1.3, 1.3]
		},
		"head": {
			"translation": [0, 7, 0]
		},
		"fixed": {
			"rotation": [-90, 0, 0],
			"translation": [0, 0, -16],
			"scale": [2, 2, 2]
		}
	}
}