{
	"credit": "Made with Blockbench",
	"textures": {
		"0": "block/gray_concrete",
		"1": "block/light_gray_concrete",
		"2": "block/cyan_concrete_powder",
		"particle": "block/gray_concrete"
	},
	"elements": [
		{
			"from": [7, 0, 7],
			"to": [9, 12, 9],
			"rotation": {"angle": 0, "axis": "y", "origin": [8, 8, 8]},
			"faces": {
				"north": {"uv": [0, 0, 2, 12], "texture": "#0"},
				"east": {"uv": [0, 0, 2, 12], "texture": "#0"},
				"south": {"uv": [0, 0, 2, 12], "texture": "#0"},
				"west": {"uv": [0, 0, 2, 12], "texture": "#0"},
				"up": {"uv": [0, 0, 2, 2], "texture": "#0"},
				"down": {"uv": [0, 0, 2, 2], "texture": "#0"}
			}
		},
		{
			"from": [6.85, 8, 6.85],
			"to": [9.15, 10, 9.15],
			"rotation": {"angle": 0, "axis": "y", "origin": [7.85, 15, 7.85]},
			"faces": {
				"north": {"uv": [0, 0, 2.3, 2], "texture": "#1"},
				"east": {"uv": [0, 0, 2.3, 2], "texture": "#1"},
				"south": {"uv": [0, 0, 2.3, 2], "texture": "#1"},
				"west": {"uv": [0, 0, 2.3, 2], "texture": "#1"},
				"up": {"uv": [0, 0, 2.3, 2.3], "texture": "#1"},
				"down": {"uv": [0, 0, 2.3, 2.3], "texture": "#1"}
			}
		},
		{
			"from": [6.85, 0.5, 6.85],
			"to": [9.15, 1.5, 9.15],
			"rotation": {"angle": 0, "axis": "y", "origin": [7.85, 15, 7.85]},
			"faces": {
				"north": {"uv": [0, 0, 2.3, 1], "texture": "#1"},
				"east": {"uv": [0, 0, 2.3, 1], "texture": "#1"},
				"south": {"uv": [0, 0, 2.3, 1], "texture": "#1"},
				"west": {"uv": [0, 0, 2.3, 1], "texture": "#1"},
				"up": {"uv": [0, 0, 2.3, 2.3], "texture": "#1"},
				"down": {"uv": [0, 0, 2.3, 2.3], "texture": "#1"}
			}
		},
		{
			"from": [6.85, 6, 6.85],
			"to": [9.15, 7, 9.15],
			"rotation": {"angle": 0, "axis": "y", "origin": [7.85, 15, 7.85]},
			"faces": {
				"north": {"uv": [0, 0, 2.3, 1], "texture": "#1"},
				"east": {"uv": [0, 0, 2.3, 1], "texture": "#1"},
				"south": {"uv": [0, 0, 2.3, 1], "texture": "#1"},
				"west": {"uv": [0, 0, 2.3, 1], "texture": "#1"},
				"up": {"uv": [0, 0, 2.3, 2.3], "texture": "#1"},
				"down": {"uv": [0, 0, 2.3, 2.3], "texture": "#1"}
			}
		},
		{
			"from": [5.75, 14, 5.75],
			"to": [10.25, 18.5, 10.25],
			"rotation": {"angle": -45, "axis": "y", "origin": [8, 16.25, 8]},
			"faces": {
				"north": {"uv": [0, 0, 8, 8], "texture": "#2"},
				"east": {"uv": [0, 0, 8, 8], "texture": "#2"},
				"south": {"uv": [0, 0, 8, 8], "texture": "#2"},
				"west": {"uv": [0, 0, 8, 8], "texture": "#2"},
				"up": {"uv": [0, 0, 8, 8], "rotation": 270, "texture": "#2"},
				"down": {"uv": [0, 0, 8, 8], "rotation": 90, "texture": "#2"}
			}
		},
		{
			"from": [6.475, 11.775, 7],
			"to": [7.225, 15.775, 9],
			"rotation": {"angle": 45, "axis": "z", "origin": [7.25, 12.275, 8]},
			"faces": {
				"north": {"uv": [0, 0, 0.75, 4], "texture": "#0"},
				"east": {"uv": [0, 0, 2, 4], "texture": "#0"},
				"south": {"uv": [0, 0, 0.75, 4], "texture": "#0"},
				"west": {"uv": [0, 0, 2, 4], "texture": "#0"},
				"up": {"uv": [0, 0, 0.75, 2], "texture": "#0"},
				"down": {"uv": [0, 0, 0.75, 2], "texture": "#0"}
			}
		},
		{
			"from": [3.7, 12.9, 7],
			"to": [4.45, 15.9, 9],
			"rotation": {"angle": -22.5, "axis": "z", "origin": [7.25, 12.275, 8]},
			"faces": {
				"north": {"uv": [0, 0, 0.75, 3], "texture": "#0"},
				"east": {"uv": [0, 0, 2, 3], "texture": "#0"},
				"south": {"uv": [0, 0, 0.75, 3], "texture": "#0"},
				"west": {"uv": [0, 0, 2, 3], "texture": "#0"},
				"up": {"uv": [0, 0, 0.75, 2], "texture": "#0"},
				"down": {"uv": [0, 0, 0.75, 2], "texture": "#0"}
			}
		},
		{
			"from": [8.775, 11.775, 7],
			"to": [9.525, 15.775, 9],
			"rotation": {"angle": -45, "axis": "z", "origin": [8.75, 12.275, 8]},
			"faces": {
				"north": {"uv": [0.75, 0, 0, 4], "texture": "#0"},
				"east": {"uv": [2, 0, 0, 4], "texture": "#0"},
				"south": {"uv": [0.75, 0, 0, 4], "texture": "#0"},
				"west": {"uv": [2, 0, 0, 4], "texture": "#0"},
				"up": {"uv": [0.75, 0, 0, 2], "texture": "#0"},
				"down": {"uv": [0.75, 0, 0, 2], "texture": "#0"}
			}
		},
		{
			"from": [11.55, 12.9, 7],
			"to": [12.3, 15.9, 9],
			"rotation": {"angle": 22.5, "axis": "z", "origin": [8.75, 12.275, 8]},
			"faces": {
				"north": {"uv": [0.75, 0, 0, 3], "texture": "#0"},
				"east": {"uv": [2, 0, 0, 3], "texture": "#0"},
				"south": {"uv": [0.75, 0, 0, 3], "texture": "#0"},
				"west": {"uv": [2, 0, 0, 3], "texture": "#0"},
				"up": {"uv": [0.75, 0, 0, 2], "texture": "#0"},
				"down": {"uv": [0.75, 0, 0, 2], "texture": "#0"}
			}
		},
		{
			"from": [7, 11.9, 11.55],
			"to": [9, 14.9, 12.3],
			"rotation": {"angle": -22.5, "axis": "x", "origin": [8, 11.275, 8.75]},
			"faces": {
				"north": {"uv": [2, 0, 4, 3], "texture": "#0"},
				"east": {"uv": [0.75, 0, 1.5, 3], "texture": "#0"},
				"south": {"uv": [2, 0, 4, 3], "texture": "#0"},
				"west": {"uv": [0.75, 0, 1.5, 3], "texture": "#0"},
				"up": {"uv": [0.75, 0, 1.5, 2], "rotation": 90, "texture": "#0"},
				"down": {"uv": [0.75, 0, 1.5, 2], "rotation": 270, "texture": "#0"}
			}
		},
		{
			"from": [7, 10.775, 6.475],
			"to": [9, 14.775, 7.225],
			"rotation": {"angle": -45, "axis": "x", "origin": [8, 11.275, 7.25]},
			"faces": {
				"north": {"uv": [0, 0, 2, 4], "texture": "#0"},
				"east": {"uv": [0, 0, 0.75, 4], "texture": "#0"},
				"south": {"uv": [0, 0, 2, 4], "texture": "#0"},
				"west": {"uv": [0, 0, 0.75, 4], "texture": "#0"},
				"up": {"uv": [0, 0, 0.75, 2], "rotation": 90, "texture": "#0"},
				"down": {"uv": [0, 0, 0.75, 2], "rotation": 270, "texture": "#0"}
			}
		},
		{
			"from": [7, 11.9, 3.7],
			"to": [9, 14.9, 4.45],
			"rotation": {"angle": 22.5, "axis": "x", "origin": [8, 11.275, 7.25]},
			"faces": {
				"north": {"uv": [0, 0, 2, 3], "texture": "#0"},
				"east": {"uv": [0, 0, 0.75, 3], "texture": "#0"},
				"south": {"uv": [0, 0, 2, 3], "texture": "#0"},
				"west": {"uv": [0, 0, 0.75, 3], "texture": "#0"},
				"up": {"uv": [0, 0, 0.75, 2], "rotation": 90, "texture": "#0"},
				"down": {"uv": [0, 0, 0.75, 2], "rotation": 270, "texture": "#0"}
			}
		},
		{
			"from": [7, 10.775, 8.775],
			"to": [9, 14.775, 9.525],
			"rotation": {"angle": 45, "axis": "x", "origin": [8, 11.275, 8.75]},
			"faces": {
				"north": {"uv": [2, 0, 4, 4], "texture": "#0"},
				"east": {"uv": [0.75, 0, 1.5, 4], "texture": "#0"},
				"south": {"uv": [2, 0, 4, 4], "texture": "#0"},
				"west": {"uv": [0.75, 0, 1.5, 4], "texture": "#0"},
				"up": {"uv": [0.75, 0, 1.5, 2], "rotation": 90, "texture": "#0"},
				"down": {"uv": [0.75, 0, 1.5, 2], "rotation": 270, "texture": "#0"}
			}
		}
	],
	"display": {
		"thirdperson_righthand": {
			"translation": [0, 1, 0],
			"scale": [0.7, 0.7, 0.7]
		},
		"thirdperson_lefthand": {
			"translation": [0, 1, 0],
			"scale": [0.7, 0.7, 0.7]
		},
		"firstperson_righthand": {
			"rotation": [-15, 90, 0],
			"translation": [0, 5.25, 0],
			"scale": [0.7, 0.7, 0.7]
		},
		"firstperson_lefthand": {
			"rotation": [-15, 90, 0],
			"translation": [0, 5.25, 0],
			"scale": [0.7, 0.7, 0.7]
		},
		"ground": {
			"translation": [0, 4.5, 0]
		},
		"gui": {
			"rotation": [21, 2, -44],
			"translation": [-1, -1, 0],
			"scale": [0.8, 0.8, 0.8]
		},
		"fixed": {
			"rotation": [-90, 0, 0],
			"translation": [0, 0, -16],
			"scale": [2, 2, 2]
		}
	}
}