{
	"credit": "Made with Blockbench",
	"texture_size": [48, 48],
	"textures": {
		"0": "custom/coppergolem",
		"particle": "custom/coppergolem"
	},
	"elements": [
		{
			"from": [4, 10, 4],
			"to": [12, 15, 12],
			"rotation": {"angle": 0, "axis": "z", "origin": [8, 10.11111, 7.44444]},
			"faces": {
				"north": {"uv": [3, 4.66667, 5.66667, 6.33333], "texture": "#0"},
				"east": {"uv": [0, 6, 2.66667, 7.66667], "texture": "#0"},
				"south": {"uv": [6, 0, 8.66667, 1.66667], "texture": "#0"},
				"west": {"uv": [6, 2, 8.66667, 3.66667], "texture": "#0"},
				"up": {"uv": [2.66667, 2.66667, 0, 0], "texture": "#0"},
				"down": {"uv": [2.66667, 3, 0, 5.66667], "texture": "#0"}
			}
		},
		{
			"from": [7, 9, 2],
			"to": [9, 12, 4],
			"rotation": {"angle": 0, "axis": "z", "origin": [8, 10.11111, 7.44444]},
			"faces": {
				"north": {"uv": [5, 6.66667, 5.66667, 7.66667], "texture": "#0"},
				"east": {"uv": [10.33333, 11, 11, 12], "texture": "#0"},
				"south": {"uv": [11.33333, 11, 12, 12], "texture": "#0"},
				"west": {"uv": [0, 11.66667, 0.66667, 12.66667], "texture": "#0"},
				"up": {"uv": [12.33333, 10, 11.66667, 9.33333], "texture": "#0"},
				"down": {"uv": [12.66667, 0, 12, 0.66667], "texture": "#0"}
			}
		},
		{
			"from": [7, 15, 7],
			"to": [9, 18, 9],
			"rotation": {"angle": 0, "axis": "z", "origin": [8, 10.11111, 7.44444]},
			"faces": {
				"north": {"uv": [1, 11.66667, 1.66667, 12.66667], "texture": "#0"},
				"east": {"uv": [2, 11.66667, 2.66667, 12.66667], "texture": "#0"},
				"south": {"uv": [4.66667, 11.66667, 5.33333, 12.66667], "texture": "#0"},
				"west": {"uv": [5.66667, 11.66667, 6.33333, 12.66667], "texture": "#0"},
				"up": {"uv": [3.66667, 12.66667, 3, 12], "texture": "#0"},
				"down": {"uv": [12.66667, 3, 12, 3.66667], "texture": "#0"}
			}
		},
		{
			"from": [6, 18, 6],
			"to": [10, 21, 10],
			"rotation": {"angle": 0, "axis": "z", "origin": [8, 10.11111, 7.44444]},
			"faces": {
				"north": {"uv": [9, 6.66667, 10.33333, 7.66667], "texture": "#0"},
				"east": {"uv": [8.66667, 9.66667, 10, 10.66667], "texture": "#0"},
				"south": {"uv": [0, 10.33333, 1.33333, 11.33333], "texture": "#0"},
				"west": {"uv": [10.33333, 8, 11.66667, 9], "texture": "#0"},
				"up": {"uv": [10, 9.33333, 8.66667, 8], "texture": "#0"},
				"down": {"uv": [10.33333, 0, 9, 1.33333], "texture": "#0"}
			}
		},
		{
			"from": [11.75, 1, 6.5],
			"to": [13.75, 11, 9.5],
			"rotation": {"angle": 0, "axis": "z", "origin": [8, 10.11111, 7.44444]},
			"faces": {
				"north": {"uv": [2.66667, 8, 2, 11.33333], "texture": "#0"},
				"east": {"uv": [7.33333, 8, 6.33333, 11.33333], "texture": "#0"},
				"south": {"uv": [8.33333, 8, 7.66667, 11.33333], "texture": "#0"},
				"west": {"uv": [6, 8, 5, 11.33333], "texture": "#0"},
				"up": {"uv": [6.66667, 12.66667, 7.33333, 11.66667], "texture": "#0"},
				"down": {"uv": [7.66667, 11.66667, 8.33333, 12.66667], "texture": "#0"}
			}
		},
		{
			"name": "body",
			"from": [4.25, 4, 5.5],
			"to": [11.75, 10, 10.5],
			"rotation": {"angle": 0, "axis": "z", "origin": [8, 10.11111, 7.44444]},
			"faces": {
				"north": {"uv": [3, 0, 5.66667, 2], "texture": "#0"},
				"east": {"uv": [3, 6.66667, 4.66667, 8.66667], "texture": "#0"},
				"south": {"uv": [3, 2.33333, 5.66667, 4.33333], "texture": "#0"},
				"west": {"uv": [0, 8, 1.66667, 10], "texture": "#0"},
				"up": {"uv": [8.66667, 5.66667, 6, 4], "texture": "#0"},
				"down": {"uv": [8.66667, 6, 6, 7.66667], "texture": "#0"}
			}
		},
		{
			"name": "l foot",
			"from": [4.25, 0, 6.5],
			"to": [8, 4, 9.5],
			"rotation": {"angle": 0, "axis": "z", "origin": [8, 10.11111, 7.44444]},
			"faces": {
				"north": {"uv": [9, 1.66667, 10.33333, 3], "texture": "#0"},
				"east": {"uv": [10.33333, 9.33333, 11.33333, 10.66667], "texture": "#0"},
				"south": {"uv": [3, 9, 4.33333, 10.33333], "texture": "#0"},
				"west": {"uv": [10.66667, 0, 11.66667, 1.33333], "texture": "#0"},
				"up": {"uv": [12, 2.66667, 10.66667, 1.66667], "texture": "#0"},
				"down": {"uv": [4.33333, 10.66667, 3, 11.66667], "texture": "#0"}
			}
		},
		{
			"name": "r foot",
			"from": [8, 0, 6.5],
			"to": [11.75, 4, 9.5],
			"rotation": {"angle": 0, "axis": "z", "origin": [8, 10.11111, 7.44444]},
			"faces": {
				"north": {"uv": [10.33333, 1.66667, 9, 3], "texture": "#0"},
				"east": {"uv": [11.66667, 0, 10.66667, 1.33333], "texture": "#0"},
				"south": {"uv": [4.33333, 9, 3, 10.33333], "texture": "#0"},
				"west": {"uv": [11.33333, 9.33333, 10.33333, 10.66667], "texture": "#0"},
				"up": {"uv": [10.66667, 2.66667, 12, 1.66667], "texture": "#0"},
				"down": {"uv": [3, 10.66667, 4.33333, 11.66667], "texture": "#0"}
			}
		},
		{
			"from": [2.25, 1, 6.5],
			"to": [4.25, 11, 9.5],
			"rotation": {"angle": 0, "axis": "z", "origin": [8, 10.11111, 7.44444]},
			"faces": {
				"north": {"uv": [2, 8, 2.66667, 11.33333], "texture": "#0"},
				"east": {"uv": [5, 8, 6, 11.33333], "texture": "#0"},
				"south": {"uv": [7.66667, 8, 8.33333, 11.33333], "texture": "#0"},
				"west": {"uv": [6.33333, 8, 7.33333, 11.33333], "texture": "#0"},
				"up": {"uv": [7.33333, 12.66667, 6.66667, 11.66667], "texture": "#0"},
				"down": {"uv": [8.33333, 11.66667, 7.66667, 12.66667], "texture": "#0"}
			}
		}
	],
	"display": {
		"thirdperson_righthand": {
			"translation": [0, 6, 1],
			"scale": [0.8, 0.8, 0.8]
		},
		"thirdperson_lefthand": {
			"translation": [0, 6, 1],
			"scale": [0.8, 0.8, 0.8]
		},
		"firstperson_righthand": {
			"rotation": [0, -180, -180],
			"translation": [-9, 10.75, 0],
			"scale": [0.7, 0.7, 0.7]
		},
		"firstperson_lefthand": {
			"rotation": [0, -180, -180],
			"translation": [-9, 10.75, 0],
			"scale": [0.7, 0.7, 0.7]
		},
		"ground": {
			"translation": [0, 4.75, 0]
		},
		"gui": {
			"rotation": [35, -135, 0],
			"translation": [0, -1.25, 0],
			"scale": [0.75, 0.75, 0.75]
		},
		"head": {
			"translation": [0, 18.5, 0],
			"scale": [1.5, 1.5, 1.5]
		},
		"fixed": {
			"rotation": [-90, 0, 0],
			"translation": [0, 6.25, -16],
			"scale": [2, 2, 2]
		}
	},
	"groups": [
		{
			"name": "copper golem",
			"origin": [0, 0, 0],
			"color": 0,
			"children": [
				{
					"name": "head",
					"origin": [0, 0, 0],
					"color": 0,
					"children": [0, 1, 2, 3]
				},
				4,
				5,
				6,
				7,
				8
			]
		}
	]
}