{
	"credit": "Made with Blockbench",
	"textures": {
		"0": "block/gold_block",
		"1": "block/emerald_block",
		"2": "block/diamond_block",
		"3": "block/redstone_block",
		"6": "block/red_concrete_powder",
		"particle": "block/gold_block"
	},
	"elements": [
		{
			"from": [7.25, 4.25, 7.25],
			"to": [8.75, 5.75, 8.75],
			"rotation": {"angle": 45, "axis": "y", "origin": [8, 8, 8]},
			"faces": {
				"north": {"uv": [8, 2, 9.5, 3.5], "texture": "#0"},
				"east": {"uv": [2.75, 2, 4.25, 3.5], "texture": "#0"},
				"south": {"uv": [8, 2, 9.5, 3.5], "texture": "#0"},
				"west": {"uv": [2.75, 2, 4.25, 3.5], "texture": "#0"},
				"up": {"uv": [8, 2, 9.5, 3.5], "texture": "#0"},
				"down": {"uv": [8, 2, 9.5, 3.5], "texture": "#0"}
			}
		},
		{
			"from": [7.95711, 5.75, 7.25],
			"to": [8.45711, 6.75, 7.75],
			"rotation": {"angle": 45, "axis": "y", "origin": [8.70711, 11.25, 8]},
			"faces": {
				"north": {"uv": [8, 2, 8.5, 3], "texture": "#0"},
				"east": {"uv": [2.75, 2, 3.25, 3], "texture": "#0"},
				"south": {"uv": [8, 2, 8.5, 3], "texture": "#0"},
				"west": {"uv": [2.75, 2, 3.25, 3], "texture": "#0"},
				"up": {"uv": [8, 2, 8.5, 2.5], "texture": "#0"},
				"down": {"uv": [8, 2, 8.5, 2.5], "texture": "#0"}
			}
		},
		{
			"from": [7.60355, 6.4, 7.25],
			"to": [8.60355, 7.4, 8.25],
			"rotation": {"angle": 45, "axis": "y", "origin": [8.35355, 13.575, 8]},
			"faces": {
				"north": {"uv": [0, 0, 16, 16], "texture": "#2"},
				"east": {"uv": [0, 0, 16, 16], "texture": "#2"},
				"south": {"uv": [0, 0, 16, 16], "texture": "#2"},
				"west": {"uv": [0, 0, 16, 16], "texture": "#2"},
				"up": {"uv": [0, 0, 16, 16], "texture": "#2"},
				"down": {"uv": [0, 0, 16, 16], "texture": "#2"}
			}
		},
		{
			"from": [5, 0, 2.8],
			"to": [11, 2, 3.55],
			"rotation": {"angle": 0, "axis": "y", "origin": [16, 0, 0]},
			"faces": {
				"north": {"uv": [8, 2, 2, 4], "texture": "#0"},
				"east": {"uv": [2.75, 2, 2, 4], "texture": "#0"},
				"south": {"uv": [8, 2, 2, 4], "texture": "#0"},
				"west": {"uv": [2.75, 2, 2, 4], "texture": "#0"},
				"up": {"uv": [8, 2, 2, 2.75], "texture": "#0"},
				"down": {"uv": [8, 2, 2, 2.75], "texture": "#0"}
			}
		},
		{
			"from": [2.6, 0, 1.85],
			"to": [5.7, 2, 2.6],
			"rotation": {"angle": 45, "axis": "y", "origin": [6.5, 1, 3.175]},
			"faces": {
				"north": {"uv": [8, 2, 11.1, 4], "texture": "#0"},
				"east": {"uv": [2.75, 2, 3.5, 4], "texture": "#0"},
				"south": {"uv": [8, 2, 11.1, 4], "texture": "#0"},
				"west": {"uv": [2.75, 2, 3.5, 4], "texture": "#0"},
				"up": {"uv": [8, 2, 11.1, 2.75], "texture": "#0"},
				"down": {"uv": [8, 2, 11.1, 2.75], "texture": "#0"}
			}
		},
		{
			"from": [7.5, 1.9, 3],
			"to": [8.5, 3.9, 3.5],
			"rotation": {"angle": -22.5, "axis": "x", "origin": [8, 1.9, 3.25]},
			"faces": {
				"north": {"uv": [3, 2, 2, 4], "texture": "#0"},
				"east": {"uv": [2.5, 2, 2, 4], "texture": "#0"},
				"south": {"uv": [3, 2, 2, 4], "texture": "#0"},
				"west": {"uv": [2.5, 2, 2, 4], "texture": "#0"},
				"up": {"uv": [3, 2, 2, 2.5], "texture": "#0"},
				"down": {"uv": [3, 2, 2, 2.5], "texture": "#0"}
			}
		},
		{
			"from": [7.5, 3.125, 1.65],
			"to": [8.5, 4.125, 2.15],
			"rotation": {"angle": 22.5, "axis": "x", "origin": [8, 1.9, 3.25]},
			"faces": {
				"north": {"uv": [3, 2, 2, 3], "texture": "#0"},
				"east": {"uv": [2.5, 2, 2, 3], "texture": "#0"},
				"south": {"uv": [3, 2, 2, 3], "texture": "#0"},
				"west": {"uv": [2.5, 2, 2, 3], "texture": "#0"},
				"up": {"uv": [3, 2, 2, 2.5], "texture": "#0"},
				"down": {"uv": [3, 2, 2, 2.5], "texture": "#0"}
			}
		},
		{
			"from": [7.5, 4.1, 3.675],
			"to": [8.5, 4.6, 5.675],
			"rotation": {"angle": -22.5, "axis": "x", "origin": [8, 1.9, 3.25]},
			"faces": {
				"north": {"uv": [3, 2, 2, 2.5], "rotation": 180, "texture": "#0"},
				"east": {"uv": [2, 4, 2.5, 2], "rotation": 90, "texture": "#0"},
				"south": {"uv": [3, 2, 2, 2.5], "texture": "#0"},
				"west": {"uv": [2, 4, 2.5, 2], "rotation": 270, "texture": "#0"},
				"up": {"uv": [3, 2, 2, 4], "rotation": 180, "texture": "#0"},
				"down": {"uv": [3, 2, 2, 4], "texture": "#0"}
			}
		},
		{
			"from": [7.5, 4.80883, 4.45395],
			"to": [8.5, 5.30883, 6.45395],
			"rotation": {"angle": 0, "axis": "x", "origin": [8, 4.70883, 3.62895]},
			"faces": {
				"north": {"uv": [3, 2, 4, 2.5], "rotation": 180, "texture": "#0"},
				"east": {"uv": [2, 4, 2.5, 6], "rotation": 90, "texture": "#0"},
				"south": {"uv": [3, 2, 4, 2.5], "texture": "#0"},
				"west": {"uv": [2, 4, 2.5, 6], "rotation": 270, "texture": "#0"},
				"up": {"uv": [3, 2, 4, 4], "rotation": 180, "texture": "#0"},
				"down": {"uv": [3, 2, 4, 4], "texture": "#0"}
			}
		},
		{
			"from": [7.5, 5.80883, 5.97895],
			"to": [8.5, 6.30883, 7.97895],
			"rotation": {"angle": 22.5, "axis": "x", "origin": [8, 4.70883, 3.62895]},
			"faces": {
				"north": {"uv": [3, 2, 4, 2.5], "rotation": 180, "texture": "#0"},
				"east": {"uv": [2, 4, 2.5, 6], "rotation": 90, "texture": "#0"},
				"south": {"uv": [3, 2, 4, 2.5], "texture": "#0"},
				"west": {"uv": [2, 4, 2.5, 6], "rotation": 270, "texture": "#0"},
				"up": {"uv": [3, 2, 4, 4], "rotation": 180, "texture": "#0"},
				"down": {"uv": [3, 2, 4, 4], "texture": "#0"}
			}
		},
		{
			"from": [12.45, 0, 5],
			"to": [13.2, 2, 11],
			"rotation": {"angle": 0, "axis": "y", "origin": [16, 0, 16]},
			"faces": {
				"north": {"uv": [2.75, 2, 3.5, 4], "texture": "#0"},
				"east": {"uv": [8, 2, 14, 4], "texture": "#0"},
				"south": {"uv": [2.75, 2, 3.5, 4], "texture": "#0"},
				"west": {"uv": [8, 2, 14, 4], "texture": "#0"},
				"up": {"uv": [8, 2, 14, 2.75], "rotation": 90, "texture": "#0"},
				"down": {"uv": [8, 2, 14, 2.75], "rotation": 270, "texture": "#0"}
			}
		},
		{
			"from": [13.4, 0, 2.6],
			"to": [14.15, 2, 5.7],
			"rotation": {"angle": 45, "axis": "y", "origin": [12.825, 1, 6.5]},
			"faces": {
				"north": {"uv": [2.75, 2, 3.5, 4], "texture": "#0"},
				"east": {"uv": [8, 2, 11.1, 4], "texture": "#0"},
				"south": {"uv": [2.75, 2, 3.5, 4], "texture": "#0"},
				"west": {"uv": [8, 2, 11.1, 4], "texture": "#0"},
				"up": {"uv": [8, 2, 11.1, 2.75], "rotation": 90, "texture": "#0"},
				"down": {"uv": [8, 2, 11.1, 2.75], "rotation": 270, "texture": "#0"}
			}
		},
		{
			"from": [12.5, 1.9, 7.5],
			"to": [13, 3.9, 8.5],
			"rotation": {"angle": -22.5, "axis": "z", "origin": [12.75, 1.9, 8]},
			"faces": {
				"north": {"uv": [2.5, 2, 3, 4], "texture": "#0"},
				"east": {"uv": [3, 2, 4, 4], "texture": "#0"},
				"south": {"uv": [2.5, 2, 3, 4], "texture": "#0"},
				"west": {"uv": [3, 2, 4, 4], "texture": "#0"},
				"up": {"uv": [3, 2, 4, 2.5], "rotation": 90, "texture": "#0"},
				"down": {"uv": [3, 2, 4, 2.5], "rotation": 270, "texture": "#0"}
			}
		},
		{
			"from": [13.85, 3.125, 7.5],
			"to": [14.35, 4.125, 8.5],
			"rotation": {"angle": 22.5, "axis": "z", "origin": [12.75, 1.9, 8]},
			"faces": {
				"north": {"uv": [2.5, 2, 3, 3], "texture": "#0"},
				"east": {"uv": [3, 2, 4, 3], "texture": "#0"},
				"south": {"uv": [2.5, 2, 3, 3], "texture": "#0"},
				"west": {"uv": [3, 2, 4, 3], "texture": "#0"},
				"up": {"uv": [3, 2, 4, 2.5], "rotation": 90, "texture": "#0"},
				"down": {"uv": [3, 2, 4, 2.5], "rotation": 270, "texture": "#0"}
			}
		},
		{
			"from": [10.325, 4.1, 7.5],
			"to": [12.325, 4.6, 8.5],
			"rotation": {"angle": -22.5, "axis": "z", "origin": [12.75, 1.9, 8]},
			"faces": {
				"north": {"uv": [2, 4, 2.5, 6], "rotation": 270, "texture": "#0"},
				"east": {"uv": [3, 2, 4, 2.5], "rotation": 180, "texture": "#0"},
				"south": {"uv": [2, 4, 2.5, 6], "rotation": 90, "texture": "#0"},
				"west": {"uv": [3, 2, 4, 2.5], "texture": "#0"},
				"up": {"uv": [3, 2, 4, 4], "rotation": 270, "texture": "#0"},
				"down": {"uv": [3, 2, 4, 4], "rotation": 270, "texture": "#0"}
			}
		},
		{
			"from": [9.54605, 4.80883, 7.5],
			"to": [11.54605, 5.30883, 8.5],
			"rotation": {"angle": 0, "axis": "x", "origin": [12.37105, 4.70883, 8]},
			"faces": {
				"north": {"uv": [2, 4, 2.5, 6], "rotation": 270, "texture": "#0"},
				"east": {"uv": [3, 2, 4, 2.5], "rotation": 180, "texture": "#0"},
				"south": {"uv": [2, 4, 2.5, 6], "rotation": 90, "texture": "#0"},
				"west": {"uv": [3, 2, 4, 2.5], "texture": "#0"},
				"up": {"uv": [3, 2, 4, 4], "rotation": 270, "texture": "#0"},
				"down": {"uv": [3, 2, 4, 4], "rotation": 270, "texture": "#0"}
			}
		},
		{
			"from": [8.02105, 5.80883, 7.5],
			"to": [10.02105, 6.30883, 8.5],
			"rotation": {"angle": 22.5, "axis": "z", "origin": [12.37105, 4.70883, 8]},
			"faces": {
				"north": {"uv": [2, 4, 2.5, 6], "rotation": 270, "texture": "#0"},
				"east": {"uv": [3, 2, 4, 2.5], "rotation": 180, "texture": "#0"},
				"south": {"uv": [2, 4, 2.5, 6], "rotation": 90, "texture": "#0"},
				"west": {"uv": [3, 2, 4, 2.5], "texture": "#0"},
				"up": {"uv": [3, 2, 4, 4], "rotation": 270, "texture": "#0"},
				"down": {"uv": [3, 2, 4, 4], "rotation": 270, "texture": "#0"}
			}
		},
		{
			"from": [5, 0, 12.45],
			"to": [11, 2, 13.2],
			"rotation": {"angle": 0, "axis": "y", "origin": [0, 0, 16]},
			"faces": {
				"north": {"uv": [8, 2, 2, 4], "texture": "#0"},
				"east": {"uv": [2.75, 2, 2, 4], "texture": "#0"},
				"south": {"uv": [8, 2, 2, 4], "texture": "#0"},
				"west": {"uv": [2.75, 2, 2, 4], "texture": "#0"},
				"up": {"uv": [2, 2.75, 8, 2], "texture": "#0"},
				"down": {"uv": [2, 2.75, 8, 2], "texture": "#0"}
			}
		},
		{
			"from": [10.3, 0, 13.4],
			"to": [13.4, 2, 14.15],
			"rotation": {"angle": 45, "axis": "y", "origin": [9.5, 1, 12.825]},
			"faces": {
				"north": {"uv": [8, 2, 11.1, 4], "texture": "#0"},
				"east": {"uv": [2.75, 2, 3.5, 4], "texture": "#0"},
				"south": {"uv": [8, 2, 11.1, 4], "texture": "#0"},
				"west": {"uv": [2.75, 2, 3.5, 4], "texture": "#0"},
				"up": {"uv": [11.1, 2.75, 8, 2], "texture": "#0"},
				"down": {"uv": [11.1, 2.75, 8, 2], "texture": "#0"}
			}
		},
		{
			"from": [7.5, 1.9, 12.5],
			"to": [8.5, 3.9, 13],
			"rotation": {"angle": 22.5, "axis": "x", "origin": [8, 1.9, 12.75]},
			"faces": {
				"north": {"uv": [3, 2, 2, 4], "texture": "#0"},
				"east": {"uv": [2.5, 2, 2, 4], "texture": "#0"},
				"south": {"uv": [3, 2, 2, 4], "texture": "#0"},
				"west": {"uv": [2.5, 2, 2, 4], "texture": "#0"},
				"up": {"uv": [2, 2.5, 3, 2], "texture": "#0"},
				"down": {"uv": [2, 2.5, 3, 2], "texture": "#0"}
			}
		},
		{
			"from": [7.5, 3.125, 13.85],
			"to": [8.5, 4.125, 14.35],
			"rotation": {"angle": -22.5, "axis": "x", "origin": [8, 1.9, 12.75]},
			"faces": {
				"north": {"uv": [3, 2, 2, 3], "texture": "#0"},
				"east": {"uv": [2.5, 2, 2, 3], "texture": "#0"},
				"south": {"uv": [3, 2, 2, 3], "texture": "#0"},
				"west": {"uv": [2.5, 2, 2, 3], "texture": "#0"},
				"up": {"uv": [2, 2.5, 3, 2], "texture": "#0"},
				"down": {"uv": [2, 2.5, 3, 2], "texture": "#0"}
			}
		},
		{
			"from": [7.5, 4.1, 10.325],
			"to": [8.5, 4.6, 12.325],
			"rotation": {"angle": 22.5, "axis": "x", "origin": [8, 1.9, 12.75]},
			"faces": {
				"north": {"uv": [3, 2, 2, 2.5], "texture": "#0"},
				"east": {"uv": [2, 4, 2.5, 2], "rotation": 270, "texture": "#0"},
				"south": {"uv": [3, 2, 2, 2.5], "rotation": 180, "texture": "#0"},
				"west": {"uv": [2, 4, 2.5, 2], "rotation": 90, "texture": "#0"},
				"up": {"uv": [2, 4, 3, 2], "rotation": 180, "texture": "#0"},
				"down": {"uv": [2, 4, 3, 2], "texture": "#0"}
			}
		},
		{
			"from": [7.5, 4.80883, 9.54605],
			"to": [8.5, 5.30883, 11.54605],
			"rotation": {"angle": 0, "axis": "x", "origin": [8, 4.70883, 12.37105]},
			"faces": {
				"north": {"uv": [3, 2, 4, 2.5], "texture": "#0"},
				"east": {"uv": [2, 4, 2.5, 6], "rotation": 270, "texture": "#0"},
				"south": {"uv": [3, 2, 4, 2.5], "rotation": 180, "texture": "#0"},
				"west": {"uv": [2, 4, 2.5, 6], "rotation": 90, "texture": "#0"},
				"up": {"uv": [4, 4, 3, 2], "rotation": 180, "texture": "#0"},
				"down": {"uv": [4, 4, 3, 2], "texture": "#0"}
			}
		},
		{
			"from": [7.5, 5.80883, 8.02105],
			"to": [8.5, 6.30883, 10.02105],
			"rotation": {"angle": -22.5, "axis": "x", "origin": [8, 4.70883, 12.37105]},
			"faces": {
				"north": {"uv": [3, 2, 4, 2.5], "texture": "#0"},
				"east": {"uv": [2, 4, 2.5, 6], "rotation": 270, "texture": "#0"},
				"south": {"uv": [3, 2, 4, 2.5], "rotation": 180, "texture": "#0"},
				"west": {"uv": [2, 4, 2.5, 6], "rotation": 90, "texture": "#0"},
				"up": {"uv": [4, 4, 3, 2], "rotation": 180, "texture": "#0"},
				"down": {"uv": [4, 4, 3, 2], "texture": "#0"}
			}
		},
		{
			"from": [2.8, 0, 5],
			"to": [3.55, 2, 11],
			"faces": {
				"north": {"uv": [2.75, 2, 3.5, 4], "texture": "#0"},
				"east": {"uv": [8, 2, 14, 4], "texture": "#0"},
				"south": {"uv": [2.75, 2, 3.5, 4], "texture": "#0"},
				"west": {"uv": [8, 2, 14, 4], "texture": "#0"},
				"up": {"uv": [2, 2.75, 8, 3.5], "rotation": 90, "texture": "#0"},
				"down": {"uv": [2, 2.75, 8, 3.5], "rotation": 270, "texture": "#0"}
			}
		},
		{
			"from": [1.85, 0, 10.3],
			"to": [2.6, 2, 13.4],
			"rotation": {"angle": 45, "axis": "y", "origin": [3.175, 1, 9.5]},
			"faces": {
				"north": {"uv": [2.75, 2, 3.5, 4], "texture": "#0"},
				"east": {"uv": [8, 2, 11.1, 4], "texture": "#0"},
				"south": {"uv": [2.75, 2, 3.5, 4], "texture": "#0"},
				"west": {"uv": [8, 2, 11.1, 4], "texture": "#0"},
				"up": {"uv": [11.1, 2.75, 14.2, 3.5], "rotation": 90, "texture": "#0"},
				"down": {"uv": [11.1, 2.75, 14.2, 3.5], "rotation": 270, "texture": "#0"}
			}
		},
		{
			"from": [3, 1.9, 7.5],
			"to": [3.5, 3.9, 8.5],
			"rotation": {"angle": 22.5, "axis": "z", "origin": [3.25, 1.9, 8]},
			"faces": {
				"north": {"uv": [2.5, 2, 3, 4], "texture": "#0"},
				"east": {"uv": [3, 2, 4, 4], "texture": "#0"},
				"south": {"uv": [2.5, 2, 3, 4], "texture": "#0"},
				"west": {"uv": [3, 2, 4, 4], "texture": "#0"},
				"up": {"uv": [2, 2.5, 3, 3], "rotation": 90, "texture": "#0"},
				"down": {"uv": [2, 2.5, 3, 3], "rotation": 270, "texture": "#0"}
			}
		},
		{
			"from": [1.65, 3.125, 7.5],
			"to": [2.15, 4.125, 8.5],
			"rotation": {"angle": -22.5, "axis": "z", "origin": [3.25, 1.9, 8]},
			"faces": {
				"north": {"uv": [2.5, 2, 3, 3], "texture": "#0"},
				"east": {"uv": [3, 2, 4, 3], "texture": "#0"},
				"south": {"uv": [2.5, 2, 3, 3], "texture": "#0"},
				"west": {"uv": [3, 2, 4, 3], "texture": "#0"},
				"up": {"uv": [2, 2.5, 3, 3], "rotation": 90, "texture": "#0"},
				"down": {"uv": [2, 2.5, 3, 3], "rotation": 270, "texture": "#0"}
			}
		},
		{
			"from": [3.675, 4.1, 7.5],
			"to": [5.675, 4.6, 8.5],
			"rotation": {"angle": 22.5, "axis": "z", "origin": [3.25, 1.9, 8]},
			"faces": {
				"north": {"uv": [2, 4, 2.5, 6], "rotation": 90, "texture": "#0"},
				"east": {"uv": [3, 2, 4, 2.5], "texture": "#0"},
				"south": {"uv": [2, 4, 2.5, 6], "rotation": 270, "texture": "#0"},
				"west": {"uv": [3, 2, 4, 2.5], "rotation": 180, "texture": "#0"},
				"up": {"uv": [2, 4, 3, 6], "rotation": 270, "texture": "#0"},
				"down": {"uv": [2, 4, 3, 6], "rotation": 270, "texture": "#0"}
			}
		},
		{
			"from": [4.45395, 4.80883, 7.5],
			"to": [6.45395, 5.30883, 8.5],
			"rotation": {"angle": 0, "axis": "x", "origin": [3.62895, 4.70883, 8]},
			"faces": {
				"north": {"uv": [2, 4, 2.5, 6], "rotation": 90, "texture": "#0"},
				"east": {"uv": [3, 2, 4, 2.5], "texture": "#0"},
				"south": {"uv": [2, 4, 2.5, 6], "rotation": 270, "texture": "#0"},
				"west": {"uv": [3, 2, 4, 2.5], "rotation": 180, "texture": "#0"},
				"up": {"uv": [4, 4, 5, 6], "rotation": 270, "texture": "#0"},
				"down": {"uv": [4, 4, 5, 6], "rotation": 270, "texture": "#0"}
			}
		},
		{
			"from": [5.97895, 5.80883, 7.5],
			"to": [7.97895, 6.30883, 8.5],
			"rotation": {"angle": -22.5, "axis": "z", "origin": [3.62895, 4.70883, 8]},
			"faces": {
				"north": {"uv": [2, 4, 2.5, 6], "rotation": 90, "texture": "#0"},
				"east": {"uv": [3, 2, 4, 2.5], "texture": "#0"},
				"south": {"uv": [2, 4, 2.5, 6], "rotation": 270, "texture": "#0"},
				"west": {"uv": [3, 2, 4, 2.5], "rotation": 180, "texture": "#0"},
				"up": {"uv": [4, 4, 5, 6], "rotation": 270, "texture": "#0"},
				"down": {"uv": [4, 4, 5, 6], "rotation": 270, "texture": "#0"}
			}
		},
		{
			"from": [8.925, 3.975, 10.325],
			"to": [7.075, 4.275, 9.325],
			"rotation": {"angle": -45, "axis": "y", "origin": [8, 3.97, 8]},
			"faces": {
				"north": {"uv": [3, 3, 5.15, 7.3], "texture": "#6"},
				"east": {"uv": [3, 3, 6, 7.3], "texture": "#6"},
				"south": {"uv": [3, 3, 5.15, 7.3], "texture": "#6"},
				"west": {"uv": [3, 3, 6, 7.3], "texture": "#6"},
				"up": {"uv": [3, 3, 5.15, 6], "rotation": 180, "texture": "#6"},
				"down": {"uv": [3, 3, 5.15, 6], "rotation": 180, "texture": "#6"}
			}
		},
		{
			"from": [5, 1, 3.5],
			"to": [11, 4, 12.5],
			"rotation": {"angle": 0, "axis": "y", "origin": [0, 1, 0]},
			"faces": {
				"north": {"uv": [3, 3, 9, 7], "texture": "#6"},
				"east": {"uv": [3, 3, 12, 7], "texture": "#6"},
				"south": {"uv": [3, 3, 9, 7], "texture": "#6"},
				"west": {"uv": [3, 3, 12, 7], "texture": "#6"},
				"up": {"uv": [3, 3, 9, 12], "texture": "#6"},
				"down": {"uv": [3, 3, 9, 12], "texture": "#6"}
			}
		},
		{
			"from": [3.5, 1, 5],
			"to": [12.5, 3.99, 11],
			"rotation": {"angle": 0, "axis": "y", "origin": [8, 3, 8]},
			"faces": {
				"north": {"uv": [3, 3, 12, 6.99], "texture": "#6"},
				"east": {"uv": [3, 3, 9, 6.99], "texture": "#6"},
				"south": {"uv": [3, 3, 12, 6.99], "texture": "#6"},
				"west": {"uv": [3, 3, 9, 6.99], "texture": "#6"},
				"up": {"uv": [3, 3, 9, 12], "rotation": 90, "texture": "#6"},
				"down": {"uv": [3, 3, 9, 12], "rotation": 270, "texture": "#6"}
			}
		},
		{
			"from": [10.325, 1, 6.925],
			"to": [13.325, 3.98, 9.075],
			"rotation": {"angle": 45, "axis": "y", "origin": [8, 2.995, 8]},
			"faces": {
				"north": {"uv": [3, 3, 6, 6.98], "texture": "#6"},
				"east": {"uv": [3, 3, 5.15, 6.98], "texture": "#6"},
				"south": {"uv": [3, 3, 6, 6.98], "texture": "#6"},
				"west": {"uv": [3, 3, 5.15, 6.98], "texture": "#6"},
				"up": {"uv": [3, 3, 5.15, 6], "rotation": 90, "texture": "#6"},
				"down": {"uv": [3, 3, 5.15, 6], "rotation": 270, "texture": "#6"}
			}
		},
		{
			"from": [10.325, 1, 6.925],
			"to": [13.325, 3.98, 9.075],
			"rotation": {"angle": -45, "axis": "y", "origin": [8, 2.995, 8]},
			"faces": {
				"north": {"uv": [3, 3, 6, 6.98], "texture": "#6"},
				"east": {"uv": [3, 3, 5.15, 6.98], "texture": "#6"},
				"south": {"uv": [3, 3, 6, 6.98], "texture": "#6"},
				"west": {"uv": [3, 3, 5.15, 6.98], "texture": "#6"},
				"up": {"uv": [3, 3, 5.15, 6], "rotation": 90, "texture": "#6"},
				"down": {"uv": [3, 3, 5.15, 6], "rotation": 270, "texture": "#6"}
			}
		},
		{
			"from": [2.675, 1, 6.925],
			"to": [5.675, 3.98, 9.075],
			"rotation": {"angle": -45, "axis": "y", "origin": [8, 2.995, 8]},
			"faces": {
				"north": {"uv": [3, 3, 6, 6.98], "texture": "#6"},
				"east": {"uv": [3, 3, 5.15, 6.98], "texture": "#6"},
				"south": {"uv": [3, 3, 6, 6.98], "texture": "#6"},
				"west": {"uv": [3, 3, 5.15, 6.98], "texture": "#6"},
				"up": {"uv": [3, 3, 5.15, 6], "rotation": 270, "texture": "#6"},
				"down": {"uv": [3, 3, 5.15, 6], "rotation": 90, "texture": "#6"}
			}
		},
		{
			"from": [6.925, 1, 10.325],
			"to": [9.075, 3.98, 13.325],
			"rotation": {"angle": -45, "axis": "y", "origin": [8, 2.995, 8]},
			"faces": {
				"north": {"uv": [3, 3, 5.15, 6.98], "texture": "#6"},
				"east": {"uv": [3, 3, 6, 6.98], "texture": "#6"},
				"south": {"uv": [3, 3, 5.15, 6.98], "texture": "#6"},
				"west": {"uv": [3, 3, 6, 6.98], "texture": "#6"},
				"up": {"uv": [3, 3, 5.15, 6], "rotation": 180, "texture": "#6"},
				"down": {"uv": [3, 3, 5.15, 6], "rotation": 180, "texture": "#6"}
			}
		},
		{
			"from": [7, 3.975, 5.5],
			"to": [9, 4.475, 10.5],
			"rotation": {"angle": 0, "axis": "y", "origin": [0, 1.975, 0]},
			"faces": {
				"north": {"uv": [3, 3, 9, 7.5], "texture": "#6"},
				"east": {"uv": [3, 3, 12, 7.5], "texture": "#6"},
				"south": {"uv": [3, 3, 9, 7.5], "texture": "#6"},
				"west": {"uv": [3, 3, 12, 7.5], "texture": "#6"},
				"up": {"uv": [3, 3, 9, 12], "texture": "#6"},
				"down": {"uv": [3, 3, 9, 12], "texture": "#6"}
			}
		},
		{
			"from": [5.5, 3.975, 7],
			"to": [10.5, 4.475, 9],
			"rotation": {"angle": 0, "axis": "y", "origin": [8, 3.975, 8]},
			"faces": {
				"north": {"uv": [3, 3, 12, 7.5], "texture": "#6"},
				"east": {"uv": [3, 3, 9, 7.5], "texture": "#6"},
				"south": {"uv": [3, 3, 12, 7.5], "texture": "#6"},
				"west": {"uv": [3, 3, 9, 7.5], "texture": "#6"},
				"up": {"uv": [3, 3, 9, 12], "rotation": 90, "texture": "#6"},
				"down": {"uv": [3, 3, 9, 12], "rotation": 270, "texture": "#6"}
			}
		},
		{
			"from": [10.325, 3.975, 8.925],
			"to": [9.325, 4.275, 7.075],
			"rotation": {"angle": 45, "axis": "y", "origin": [8, 3.97, 8]},
			"faces": {
				"north": {"uv": [3, 3, 6, 7.3], "texture": "#6"},
				"east": {"uv": [3, 3, 5.15, 7.3], "texture": "#6"},
				"south": {"uv": [3, 3, 6, 7.3], "texture": "#6"},
				"west": {"uv": [3, 3, 5.15, 7.3], "texture": "#6"},
				"up": {"uv": [3, 3, 5.15, 6], "rotation": 90, "texture": "#6"},
				"down": {"uv": [3, 3, 5.15, 6], "rotation": 270, "texture": "#6"}
			}
		},
		{
			"from": [10.325, 3.975, 8.925],
			"to": [9.325, 4.275, 7.075],
			"rotation": {"angle": -45, "axis": "y", "origin": [8, 3.97, 8]},
			"faces": {
				"north": {"uv": [3, 3, 6, 7.3], "texture": "#6"},
				"east": {"uv": [3, 3, 5.15, 7.3], "texture": "#6"},
				"south": {"uv": [3, 3, 6, 7.3], "texture": "#6"},
				"west": {"uv": [3, 3, 5.15, 7.3], "texture": "#6"},
				"up": {"uv": [3, 3, 5.15, 6], "rotation": 90, "texture": "#6"},
				"down": {"uv": [3, 3, 5.15, 6], "rotation": 270, "texture": "#6"}
			}
		},
		{
			"from": [6.675, 3.975, 8.925],
			"to": [5.675, 4.275, 7.075],
			"rotation": {"angle": -45, "axis": "y", "origin": [8, 3.97, 8]},
			"faces": {
				"north": {"uv": [3, 3, 6, 7.3], "texture": "#6"},
				"east": {"uv": [3, 3, 5.15, 7.3], "texture": "#6"},
				"south": {"uv": [3, 3, 6, 7.3], "texture": "#6"},
				"west": {"uv": [3, 3, 5.15, 7.3], "texture": "#6"},
				"up": {"uv": [3, 3, 5.15, 6], "rotation": 270, "texture": "#6"},
				"down": {"uv": [3, 3, 5.15, 6], "rotation": 90, "texture": "#6"}
			}
		},
		{
			"from": [2.55, 0.55, 7.5],
			"to": [3.05, 1.55, 8.5],
			"rotation": {"angle": 45, "axis": "x", "origin": [8, 1.05, 8]},
			"faces": {
				"north": {"uv": [0, 0.5, 1, 1], "rotation": 270, "texture": "#3"},
				"east": {"uv": [0, 1, 1, 2], "rotation": 270, "texture": "#3"},
				"south": {"uv": [0, 0.5, 1, 1], "rotation": 270, "texture": "#3"},
				"west": {"uv": [0, 1, 1, 2], "rotation": 90, "texture": "#3"},
				"up": {"uv": [0.5, 0, 1, 1], "texture": "#3"},
				"down": {"uv": [0.5, 0, 1, 1], "rotation": 180, "texture": "#3"}
			}
		},
		{
			"from": [7.75, 3.05, 2.15],
			"to": [8.25, 4.05, 2.65],
			"rotation": {"angle": 0, "axis": "y", "origin": [16, 0, 0]},
			"faces": {
				"north": {"uv": [0, 0, 0.5, 1], "texture": "#2"},
				"east": {"uv": [0, 0, 0.5, 1], "texture": "#2"},
				"south": {"uv": [0, 0, 0.5, 1], "texture": "#2"},
				"west": {"uv": [0, 0, 0.5, 1], "texture": "#2"},
				"up": {"uv": [0, 0, 0.5, 0.5], "texture": "#2"},
				"down": {"uv": [0, 0, 0.5, 0.5], "texture": "#2"}
			}
		},
		{
			"from": [7.5, 0.55, 2.55],
			"to": [8.5, 1.55, 3.05],
			"rotation": {"angle": -45, "axis": "z", "origin": [8, 1.05, 8]},
			"faces": {
				"north": {"uv": [0, 0, 1, 1], "rotation": 90, "texture": "#3"},
				"east": {"uv": [0, 0, 1, 0.5], "rotation": 270, "texture": "#3"},
				"south": {"uv": [0, 0, 1, 1], "rotation": 270, "texture": "#3"},
				"west": {"uv": [0, 0, 1, 0.5], "rotation": 270, "texture": "#3"},
				"up": {"uv": [0, 0, 0.5, 1], "rotation": 270, "texture": "#3"},
				"down": {"uv": [0, 0, 0.5, 1], "rotation": 270, "texture": "#3"}
			}
		},
		{
			"from": [7.75, 4.225, 3.9],
			"to": [8.25, 4.725, 4.9],
			"rotation": {"angle": -22.5, "axis": "x", "origin": [8, 4.55, 2.4]},
			"faces": {
				"north": {"uv": [0, 0, 0.5, 0.5], "rotation": 180, "texture": "#1"},
				"east": {"uv": [0, 0, 0.5, 1], "rotation": 270, "texture": "#1"},
				"south": {"uv": [0, 0, 0.5, 0.5], "texture": "#1"},
				"west": {"uv": [0, 0, 0.5, 1], "rotation": 90, "texture": "#1"},
				"up": {"uv": [0, 0, 0.5, 1], "rotation": 180, "texture": "#1"},
				"down": {"uv": [0, 0, 0.5, 1], "texture": "#1"}
			}
		},
		{
			"from": [7.75, 4.225, 11.1],
			"to": [8.25, 4.725, 12.1],
			"rotation": {"angle": 22.5, "axis": "x", "origin": [8, 4.55, 13.6]},
			"faces": {
				"north": {"uv": [0.5, 0, 0, 0.5], "texture": "#1"},
				"east": {"uv": [0, 1, 0.5, 0], "rotation": 270, "texture": "#1"},
				"south": {"uv": [0.5, 0, 0, 0.5], "rotation": 180, "texture": "#1"},
				"west": {"uv": [0, 1, 0.5, 0], "rotation": 90, "texture": "#1"},
				"up": {"uv": [0, 1, 0.5, 0], "rotation": 180, "texture": "#1"},
				"down": {"uv": [0, 1, 0.5, 0], "texture": "#1"}
			}
		},
		{
			"from": [7.5, 0.55, 12.95],
			"to": [8.5, 1.55, 13.45],
			"rotation": {"angle": -45, "axis": "z", "origin": [8, 1.05, 8]},
			"faces": {
				"north": {"uv": [0, 1, 1, 0], "rotation": 270, "texture": "#3"},
				"east": {"uv": [0, 0.5, 1, 0], "rotation": 270, "texture": "#3"},
				"south": {"uv": [0, 1, 1, 0], "rotation": 90, "texture": "#3"},
				"west": {"uv": [0, 0.5, 1, 0], "rotation": 270, "texture": "#3"},
				"up": {"uv": [0.5, 0, 0, 1], "rotation": 270, "texture": "#3"},
				"down": {"uv": [0.5, 0, 0, 1], "rotation": 270, "texture": "#3"}
			}
		},
		{
			"from": [7.75, 3.05, 13.35],
			"to": [8.25, 4.05, 13.85],
			"rotation": {"angle": 0, "axis": "y", "origin": [16, 0, 16]},
			"faces": {
				"north": {"uv": [0.5, 0, 0, 1], "texture": "#2"},
				"east": {"uv": [0.5, 0, 0, 1], "texture": "#2"},
				"south": {"uv": [0.5, 0, 0, 1], "texture": "#2"},
				"west": {"uv": [0.5, 0, 0, 1], "texture": "#2"},
				"up": {"uv": [0, 0.5, 0.5, 0], "texture": "#2"},
				"down": {"uv": [0, 0.5, 0.5, 0], "texture": "#2"}
			}
		},
		{
			"from": [2.15, 3.05, 7.75],
			"to": [2.65, 4.05, 8.25],
			"rotation": {"angle": 0, "axis": "y", "origin": [0, 0, 16]},
			"faces": {
				"north": {"uv": [0.5, 0, 1, 1], "texture": "#2"},
				"east": {"uv": [0.5, 0, 1, 1], "texture": "#2"},
				"south": {"uv": [0.5, 0, 1, 1], "texture": "#2"},
				"west": {"uv": [0.5, 0, 1, 1], "texture": "#2"},
				"up": {"uv": [0, 0.5, 0.5, 1], "rotation": 90, "texture": "#2"},
				"down": {"uv": [0, 0.5, 0.5, 1], "rotation": 270, "texture": "#2"}
			}
		},
		{
			"from": [13.35, 3.05, 7.75],
			"to": [13.85, 4.05, 8.25],
			"rotation": {"angle": 0, "axis": "y", "origin": [16, 0, 16]},
			"faces": {
				"north": {"uv": [0, 0, 0.5, 1], "texture": "#2"},
				"east": {"uv": [0, 0, 0.5, 1], "texture": "#2"},
				"south": {"uv": [0, 0, 0.5, 1], "texture": "#2"},
				"west": {"uv": [0, 0, 0.5, 1], "texture": "#2"},
				"up": {"uv": [0, 0, 0.5, 0.5], "rotation": 90, "texture": "#2"},
				"down": {"uv": [0, 0, 0.5, 0.5], "rotation": 270, "texture": "#2"}
			}
		},
		{
			"from": [12.95, 0.55, 7.5],
			"to": [13.45, 1.55, 8.5],
			"rotation": {"angle": 45, "axis": "x", "origin": [8, 1.05, 8]},
			"faces": {
				"north": {"uv": [0, 0, 1, 0.5], "rotation": 270, "texture": "#3"},
				"east": {"uv": [0, 0, 1, 1], "rotation": 90, "texture": "#3"},
				"south": {"uv": [0, 0, 1, 0.5], "rotation": 270, "texture": "#3"},
				"west": {"uv": [0, 0, 1, 1], "rotation": 270, "texture": "#3"},
				"up": {"uv": [0, 0, 0.5, 1], "texture": "#3"},
				"down": {"uv": [0, 0, 0.5, 1], "rotation": 180, "texture": "#3"}
			}
		},
		{
			"from": [11.1, 4.225, 7.75],
			"to": [12.1, 4.725, 8.25],
			"rotation": {"angle": -22.5, "axis": "z", "origin": [13.6, 4.55, 8]},
			"faces": {
				"north": {"uv": [0, 0, 0.5, 1], "rotation": 90, "texture": "#1"},
				"east": {"uv": [0, 0, 0.5, 0.5], "rotation": 180, "texture": "#1"},
				"south": {"uv": [0, 0, 0.5, 1], "rotation": 270, "texture": "#1"},
				"west": {"uv": [0, 0, 0.5, 0.5], "texture": "#1"},
				"up": {"uv": [0, 0, 0.5, 1], "rotation": 270, "texture": "#1"},
				"down": {"uv": [0, 0, 0.5, 1], "rotation": 270, "texture": "#1"}
			}
		},
		{
			"from": [3.9, 4.225, 7.75],
			"to": [4.9, 4.725, 8.25],
			"rotation": {"angle": 22.5, "axis": "z", "origin": [2.4, 4.55, 8]},
			"faces": {
				"north": {"uv": [0, 1, 0.5, 2], "rotation": 90, "texture": "#1"},
				"east": {"uv": [0.5, 0, 1, 0.5], "texture": "#1"},
				"south": {"uv": [0, 1, 0.5, 2], "rotation": 270, "texture": "#1"},
				"west": {"uv": [0.5, 0, 1, 0.5], "rotation": 180, "texture": "#1"},
				"up": {"uv": [0, 1, 0.5, 2], "rotation": 270, "texture": "#1"},
				"down": {"uv": [0, 1, 0.5, 2], "rotation": 270, "texture": "#1"}
			}
		}
	],
	"display": {
		"thirdperson_righthand": {
			"translation": [0, 4.25, 0],
			"scale": [0.6, 0.6, 0.6]
		},
		"thirdperson_lefthand": {
			"translation": [0, 4.25, 0],
			"scale": [0.6, 0.6, 0.6]
		},
		"firstperson_righthand": {
			"rotation": [0, 35, 0],
			"translation": [0, 10, 0]
		},
		"firstperson_lefthand": {
			"rotation": [0, 35, 0],
			"translation": [0, 10, 0]
		},
		"ground": {
			"translation": [0, 6.25, 0]
		},
		"gui": {
			"rotation": [20, 45, 0],
			"translation": [0, 6.25, 0],
			"scale": [1.2, 1.2, 1.2]
		},
		"head": {
			"translation": [0, 16.75, 0],
			"scale": [1.6, 1.6, 1.6]
		},
		"fixed": {
			"rotation": [-90, 0, 0],
			"translation": [0, 0, -16],
			"scale": [2.2, 2.2, 2.2]
		}
	},
	"groups": [
		{
			"name": "crown",
			"origin": [8, 8, 8],
			"color": 0,
			"children": [
				0,
				1,
				2,
				{
					"name": "group",
					"origin": [8, 1.9, 3.25],
					"color": 0,
					"children": [3, 4, 5, 6, 7, 8, 9, 10, 11, 12, 13, 14, 15, 16]
				},
				{
					"name": "group",
					"origin": [8, 1.9, 3.25],
					"color": 0,
					"children": [17, 18, 19, 20, 21, 22, 23, 24, 25, 26, 27, 28, 29, 30]
				}
			]
		},
		{
			"name": "main",
			"origin": [8, 3.97, 8],
			"color": 0,
			"children": [31, 32, 33, 34, 35, 36, 37, 38, 39, 40, 41, 42]
		},
		{
			"name": "jewels",
			"origin": [2.4, 4.55, 8],
			"color": 0,
			"children": [43, 44, 45, 46, 47, 48, 49, 50, 51, 52, 53, 54]
		}
	]
}