{
	"credit": "Made with Blockbench",
	"textures": {
		"0": "block/deepslate_diamond_ore",
		"particle": "block/deepslate_diamond_ore"
	},
	"elements": [
		{
			"from": [8, 9, -0.5],
			"to": [13, 10, 0.5],
			"rotation": {"angle": 22.5, "axis": "x", "origin": [10.25, 9.5, 0]},
			"faces": {
				"north": {"uv": [3, 6, 8, 7], "texture": "#0"},
				"east": {"uv": [3, 6, 4, 7], "rotation": 90, "texture": "#0"},
				"south": {"uv": [3, 6, 8, 7], "rotation": 180, "texture": "#0"},
				"west": {"uv": [7, 6, 8, 7], "rotation": 270, "texture": "#0"},
				"up": {"uv": [3, 6, 8, 7], "rotation": 180, "texture": "#0"},
				"down": {"uv": [3, 6, 8, 7], "rotation": 180, "texture": "#0"}
			}
		},
		{
			"from": [5, 6.125, -0.625],
			"to": [9, 7.125, 0.375],
			"rotation": {"angle": -22.5, "axis": "x", "origin": [7, 6.5, -0.125]},
			"faces": {
				"north": {"uv": [7, 9, 11, 10], "texture": "#0"},
				"east": {"uv": [7, 9, 8, 10], "rotation": 90, "texture": "#0"},
				"south": {"uv": [7, 9, 11, 10], "rotation": 180, "texture": "#0"},
				"west": {"uv": [10, 9, 11, 10], "rotation": 270, "texture": "#0"},
				"up": {"uv": [7, 9, 11, 10], "rotation": 180, "texture": "#0"},
				"down": {"uv": [7, 9, 11, 10], "rotation": 180, "texture": "#0"}
			}
		},
		{
			"from": [9, 9, -1.5],
			"to": [11, 10, -0.5],
			"rotation": {"angle": 22.5, "axis": "x", "origin": [10.25, 9.5, 0]},
			"faces": {
				"north": {"uv": [5, 5, 7, 6], "texture": "#0"},
				"east": {"uv": [5, 5, 6, 6], "rotation": 90, "texture": "#0"},
				"south": {"uv": [5, 5, 7, 6], "rotation": 180, "texture": "#0"},
				"west": {"uv": [6, 5, 7, 6], "rotation": 270, "texture": "#0"},
				"up": {"uv": [5, 5, 7, 6], "rotation": 180, "texture": "#0"},
				"down": {"uv": [5, 5, 7, 6], "rotation": 180, "texture": "#0"}
			}
		},
		{
			"from": [6, 6.125, -1.625],
			"to": [8, 7.125, -0.625],
			"rotation": {"angle": -22.5, "axis": "x", "origin": [7, 6.5, -0.125]},
			"faces": {
				"north": {"uv": [8, 8, 10, 9], "texture": "#0"},
				"east": {"uv": [8, 8, 9, 9], "rotation": 90, "texture": "#0"},
				"south": {"uv": [8, 8, 10, 9], "rotation": 180, "texture": "#0"},
				"west": {"uv": [9, 8, 10, 9], "rotation": 270, "texture": "#0"},
				"up": {"uv": [8, 8, 10, 9], "rotation": 180, "texture": "#0"},
				"down": {"uv": [8, 8, 10, 9], "rotation": 180, "texture": "#0"}
			}
		}
	],
	"display": {
		"thirdperson_righthand": {
			"rotation": [110, 0, 0],
			"translation": [0, -5, -0.5],
			"scale": [0.7, 0.7, 0.7]
		},
		"thirdperson_lefthand": {
			"rotation": [110, 0, 0],
			"translation": [0, -5, -0.5],
			"scale": [0.7, 0.7, 0.7]
		},
		"firstperson_righthand": {
			"rotation": [97, 1, -17],
			"translation": [4.5, -17, 0],
			"scale": [2, 2, 2]
		},
		"firstperson_lefthand": {
			"rotation": [97, 1, -17],
			"translation": [4.5, -17, 0],
			"scale": [2, 2, 2]
		},
		"ground": {
			"rotation": [49, 0, 86],
			"translation": [0.5, -6, 4]
		},
		"gui": {
			"rotation": [111, 23, -61],
			"translation": [4.25, -11, 0],
			"scale": [1.5, 1.5, 1.5]
		},
		"fixed": {
			"translation": [0, 0, 16],
			"scale": [2, 2, 2]
		}
	}
}