{
	"credit": "Made with Blockbench",
	"textures": {
		"0": "block/red_concrete",
		"1": "block/black_concrete",
		"2": "block/beehive_end",
		"3": "custom/dynamite_text",
		"particle": "block/red_concrete"
	},
	"elements": [
		{
			"from": [7.32762, 0.01338, 7.28036],
			"to": [8.32762, 8.01338, 8.28036],
			"rotation": {"angle": 0, "axis": "z", "origin": [8, 6.53625, 8]},
			"faces": {
				"north": {"uv": [1, 2, 2, 10], "texture": "#0"},
				"east": {"uv": [0, 2, 1, 10], "texture": "#0"},
				"south": {"uv": [3, 2, 4, 10], "texture": "#0"},
				"west": {"uv": [2, 2, 3, 10], "texture": "#0"},
				"up": {"uv": [2, 2, 1, 1], "texture": "#0"},
				"down": {"uv": [3, 1, 2, 2], "texture": "#0"}
			}
		},
		{
			"from": [8.37762, 2.26338, 8.10536],
			"to": [8.37762, 6.26338, 8.20536],
			"rotation": {"angle": 0, "axis": "z", "origin": [8, 6.53625, 8]},
			"faces": {
				"north": {"uv": [1, 2, 2, 10], "texture": "#1"},
				"east": {"uv": [0, 2, 1, 10], "texture": "#1"},
				"south": {"uv": [3, 2, 4, 10], "texture": "#1"},
				"west": {"uv": [2, 2, 3, 10], "texture": "#1"},
				"up": {"uv": [2, 2, 1, 1], "texture": "#1"},
				"down": {"uv": [3, 1, 2, 2], "texture": "#1"}
			}
		},
		{
			"from": [7.76512, 8.01338, 7.71786],
			"to": [7.96512, 9.61338, 7.91786],
			"rotation": {"angle": 0, "axis": "z", "origin": [8, 6.53625, 8]},
			"faces": {
				"north": {"uv": [3, 1, 3, 2], "texture": "#2"},
				"east": {"uv": [3, 1, 3, 2], "texture": "#2"},
				"south": {"uv": [3, 1, 3, 2], "texture": "#2"},
				"west": {"uv": [3, 1, 3, 2], "texture": "#2"},
				"up": {"uv": [3, 1, 3, 1], "texture": "#2"},
				"down": {"uv": [3, 1, 3, 1], "texture": "#2"}
			}
		},
		{
			"from": [10.52442, 8.88891, 7.71786],
			"to": [11.12442, 9.08891, 7.91786],
			"rotation": {"angle": 45, "axis": "z", "origin": [8, 6.53625, 8]},
			"faces": {
				"north": {"uv": [0, 4, 0, 4], "rotation": 270, "texture": "#2"},
				"east": {"uv": [0, 4, 0, 4], "rotation": 90, "texture": "#2"},
				"south": {"uv": [0, 4, 0, 4], "rotation": 90, "texture": "#2"},
				"west": {"uv": [0, 4, 0, 4], "rotation": 90, "texture": "#2"},
				"up": {"uv": [0, 4, 0, 4], "rotation": 90, "texture": "#2"},
				"down": {"uv": [0, 4, 0, 4], "rotation": 90, "texture": "#2"}
			}
		},
		{
			"from": [6.59272, 9.26395, 7.71786],
			"to": [6.79272, 9.86395, 7.91786],
			"rotation": {"angle": -22.5, "axis": "z", "origin": [8, 6.53625, 8]},
			"faces": {
				"north": {"uv": [3, 1, 3, 1], "texture": "#2"},
				"east": {"uv": [3, 1, 3, 1], "texture": "#2"},
				"south": {"uv": [3, 1, 3, 1], "texture": "#2"},
				"west": {"uv": [3, 1, 3, 1], "texture": "#2"},
				"up": {"uv": [3, 1, 3, 1], "texture": "#2"},
				"down": {"uv": [3, 1, 3, 1], "texture": "#2"}
			}
		},
		{
			"from": [7.48295, 2.43106, 8.30536],
			"to": [8.18295, 4.23106, 8.30536],
			"rotation": {"angle": 0, "axis": "z", "origin": [8, 6.53625, 8]},
			"faces": {
				"north": {"uv": [0, 0, 9, 3.5], "texture": "#3"},
				"east": {"uv": [4, 6, 4, 7], "texture": "#3"},
				"south": {"uv": [0, 0, 9, 3.5], "rotation": 270, "texture": "#3"},
				"west": {"uv": [5, 6, 5, 7], "texture": "#3"},
				"up": {"uv": [5, 6, 4, 6], "texture": "#3"},
				"down": {"uv": [6, 6, 5, 6], "texture": "#3"}
			}
		},
		{
			"from": [7.68295, 4.33106, 8.30536],
			"to": [8.18295, 6.13106, 8.30536],
			"rotation": {"angle": 0, "axis": "z", "origin": [8, 6.53625, 8]},
			"faces": {
				"north": {"uv": [0, 0, 9, 3.5], "texture": "#3"},
				"east": {"uv": [4, 6, 4, 7], "texture": "#3"},
				"south": {"uv": [0, 4, 9, 6.5], "rotation": 270, "texture": "#3"},
				"west": {"uv": [5, 6, 5, 7], "texture": "#3"},
				"up": {"uv": [5, 6, 4, 6], "texture": "#3"},
				"down": {"uv": [6, 6, 5, 6], "texture": "#3"}
			}
		}
	],
	"display": {
		"thirdperson_righthand": {
			"rotation": [0, -180, 0],
			"translation": [0, 1.75, 0]
		},
		"thirdperson_lefthand": {
			"rotation": [0, -180, 0],
			"translation": [0, 1.75, 0]
		},
		"firstperson_righthand": {
			"rotation": [-44, -106, -3],
			"translation": [-0.5, 8, 1.5]
		},
		"firstperson_lefthand": {
			"rotation": [-44, -15, -3],
			"translation": [-1, 8, 1.5]
		},
		"ground": {
			"translation": [0, 7, 0],
			"scale": [1.3, 1.3, 1.3]
		},
		"gui": {
			"rotation": [-15, -37, -32],
			"translation": [2.25, 7, 0],
			"scale": [2, 2, 2]
		},
		"fixed": {
			"rotation": [-90, 0, 0],
			"translation": [0, 0, -16],
			"scale": [2, 2, 2]
		}
	},
	"groups": [
		{
			"name": "group",
			"origin": [10.21518, 6.53625, 9.71964],
			"color": 0,
			"children": [0, 1, 2, 3, 4, 5, 6]
		}
	]
}