{
	"credit": "Made with Blockbench",
	"texture_size": [64, 64],
	"textures": {
		"0": "custom/fedora",
		"particle": "custom/fedora"
	},
	"elements": [
		{
			"from": [14.88492, -1.61765, -0.5],
			"to": [15.88492, -0.86765, 16.5],
			"rotation": {"angle": 45, "axis": "z", "origin": [12.90992, 0.15735, 6.5]},
			"faces": {
				"north": {"uv": [0, 4.5, 0.25, 4.75], "texture": "#0"},
				"east": {"uv": [4, 0, 8.25, 0.25], "texture": "#0"},
				"south": {"uv": [0.25, 4.5, 0.5, 4.75], "texture": "#0"},
				"west": {"uv": [4, 0.25, 8.25, 0.5], "texture": "#0"},
				"up": {"uv": [0.25, 4.25, 0, 0], "texture": "#0"},
				"down": {"uv": [0.5, 0, 0.25, 4.25], "texture": "#0"}
			}
		},
		{
			"from": [7.75, 2, 1],
			"to": [13.75, 5, 15],
			"rotation": {"angle": 22.5, "axis": "z", "origin": [12.75, 2.5, 8]},
			"faces": {
				"north": {"uv": [6, 1.5, 7.5, 2.25], "texture": "#0"},
				"east": {"uv": [4.75, 0, 8.25, 0.75], "texture": "#0"},
				"south": {"uv": [6, 1.5, 7.5, 2.25], "texture": "#0"},
				"west": {"uv": [4.75, 0.75, 8.25, 1.5], "texture": "#0"},
				"up": {"uv": [1.5, 7.75, 0, 4.25], "texture": "#0"},
				"down": {"uv": [3, 4.25, 1.5, 7.75], "texture": "#0"}
			}
		},
		{
			"from": [10.5, 1, 1],
			"to": [13.75, 2, 15],
			"rotation": {"angle": 22.5, "axis": "z", "origin": [12.75, 2.5, 8]},
			"faces": {
				"north": {"uv": [7, 6.75, 7.75, 7], "texture": "#0"},
				"east": {"uv": [6.5, 4.5, 10, 4.75], "texture": "#0"},
				"south": {"uv": [7, 6.75, 7.75, 7], "texture": "#0"},
				"west": {"uv": [6.5, 4.75, 10, 5], "texture": "#0"},
				"up": {"uv": [5.5, 5, 4.75, 1.5], "texture": "#0"},
				"down": {"uv": [5.5, 5, 4.75, 8.5], "texture": "#0"}
			}
		},
		{
			"from": [12.775, 0, 1],
			"to": [13.775, 1, 15],
			"rotation": {"angle": 22.5, "axis": "z", "origin": [12.75, 2.5, 8]},
			"faces": {
				"north": {"uv": [4, 7, 4.25, 7.25], "texture": "#0"},
				"east": {"uv": [6.5, 5, 10, 5.25], "texture": "#0"},
				"south": {"uv": [4, 7, 4.25, 7.25], "texture": "#0"},
				"west": {"uv": [6.5, 5.25, 10, 5.5], "texture": "#0"},
				"up": {"uv": [6.75, 9, 6.5, 5.5], "texture": "#0"},
				"down": {"uv": [7, 5.5, 6.75, 9], "texture": "#0"}
			}
		},
		{
			"from": [7.47731, 0.16858, 0.99],
			"to": [13.97731, 1.16858, 15.01],
			"rotation": {"angle": 0, "axis": "z", "origin": [13.97731, 0.84358, 8]},
			"faces": {
				"north": {"uv": [3, 7, 4.75, 7.25], "texture": "#0"},
				"east": {"uv": [7, 5.5, 10.5, 5.75], "texture": "#0"},
				"south": {"uv": [3, 7, 4.75, 7.25], "texture": "#0"},
				"west": {"uv": [7, 5.75, 10.5, 6], "texture": "#0"},
				"up": {"uv": [4.75, 3.5, 3, 0], "texture": "#0"},
				"down": {"uv": [4.75, 3.5, 3, 7], "texture": "#0"}
			}
		},
		{
			"from": [13.31425, -0.73668, -0.5],
			"to": [15.31425, 0.01332, 16.5],
			"rotation": {"angle": 22.5, "axis": "z", "origin": [12.81425, 0.38832, 6.5]},
			"faces": {
				"north": {"uv": [0, 5.75, 0.5, 6], "texture": "#0"},
				"east": {"uv": [0, 4.25, 4.25, 4.5], "texture": "#0"},
				"south": {"uv": [0.5, 5.75, 1, 6], "texture": "#0"},
				"west": {"uv": [0, 4.5, 4.25, 4.75], "texture": "#0"},
				"up": {"uv": [0.5, 4.25, 0, 0], "texture": "#0"},
				"down": {"uv": [0.5, 0, 0, 4.25], "texture": "#0"}
			}
		},
		{
			"from": [7.83275, -0.43653, -0.5],
			"to": [13.83275, 0.31347, 16.5],
			"rotation": {"angle": 0, "axis": "z", "origin": [14.58275, 0.03847, 6.5]},
			"faces": {
				"north": {"uv": [0.5, 6.5, 2, 6.75], "texture": "#0"},
				"east": {"uv": [0, 4.25, 4.25, 4.5], "texture": "#0"},
				"south": {"uv": [0.5, 6.75, 2, 7], "texture": "#0"},
				"west": {"uv": [0, 4.5, 4.25, 4.75], "texture": "#0"},
				"up": {"uv": [1.5, 4.25, 0, 0], "texture": "#0"},
				"down": {"uv": [1.5, 0, 0, 4.25], "texture": "#0"}
			}
		},
		{
			"from": [0.11508, -1.61765, -0.5],
			"to": [1.11508, -0.86765, 16.5],
			"rotation": {"angle": -45, "axis": "z", "origin": [3.09008, 0.15735, 6.5]},
			"faces": {
				"north": {"uv": [0.25, 4.5, 0, 4.75], "texture": "#0"},
				"east": {"uv": [8.25, 0.25, 4, 0.5], "texture": "#0"},
				"south": {"uv": [0.5, 4.5, 0.25, 4.75], "texture": "#0"},
				"west": {"uv": [8.25, 0, 4, 0.25], "texture": "#0"},
				"up": {"uv": [0, 4.25, 0.25, 0], "texture": "#0"},
				"down": {"uv": [0.25, 0, 0.5, 4.25], "texture": "#0"}
			}
		},
		{
			"from": [2.25, 2, 1],
			"to": [8.25, 5, 15],
			"rotation": {"angle": -22.5, "axis": "z", "origin": [3.25, 2.5, 8]},
			"faces": {
				"north": {"uv": [7.5, 1.5, 6, 2.25], "texture": "#0"},
				"east": {"uv": [8.25, 0.75, 4.75, 1.5], "texture": "#0"},
				"south": {"uv": [7.5, 1.5, 6, 2.25], "texture": "#0"},
				"west": {"uv": [8.25, 0, 4.75, 0.75], "texture": "#0"},
				"up": {"uv": [0, 7.75, 1.5, 4.25], "texture": "#0"},
				"down": {"uv": [1.5, 4.25, 3, 7.75], "texture": "#0"}
			}
		},
		{
			"from": [2.25, 1, 1],
			"to": [5.5, 2, 15],
			"rotation": {"angle": -22.5, "axis": "z", "origin": [3.25, 2.5, 8]},
			"faces": {
				"north": {"uv": [7.75, 6.75, 7, 7], "texture": "#0"},
				"east": {"uv": [10, 4.75, 6.5, 5], "texture": "#0"},
				"south": {"uv": [7.75, 6.75, 7, 7], "texture": "#0"},
				"west": {"uv": [10, 4.5, 6.5, 4.75], "texture": "#0"},
				"up": {"uv": [4.75, 5, 5.5, 1.5], "texture": "#0"},
				"down": {"uv": [4.75, 5, 5.5, 8.5], "texture": "#0"}
			}
		},
		{
			"from": [2.125, 0, 1],
			"to": [3.125, 1, 15],
			"rotation": {"angle": -22.5, "axis": "z", "origin": [3.25, 2.5, 8]},
			"faces": {
				"north": {"uv": [4.25, 7, 4, 7.25], "texture": "#0"},
				"east": {"uv": [10, 5.25, 6.5, 5.5], "texture": "#0"},
				"south": {"uv": [4.25, 7, 4, 7.25], "texture": "#0"},
				"west": {"uv": [10, 5, 6.5, 5.25], "texture": "#0"},
				"up": {"uv": [6.5, 9, 6.75, 5.5], "texture": "#0"},
				"down": {"uv": [6.75, 5.5, 7, 9], "texture": "#0"}
			}
		},
		{
			"from": [2.02269, 0.16858, 0.99],
			"to": [8.52269, 1.16858, 15.01],
			"rotation": {"angle": 0, "axis": "z", "origin": [2.02269, 0.84358, 8]},
			"faces": {
				"north": {"uv": [4.75, 7, 3, 7.25], "texture": "#0"},
				"east": {"uv": [10.5, 5.75, 7, 6], "texture": "#0"},
				"south": {"uv": [4.75, 7, 3, 7.25], "texture": "#0"},
				"west": {"uv": [10.5, 5.5, 7, 5.75], "texture": "#0"},
				"up": {"uv": [3, 3.5, 4.75, 0], "texture": "#0"},
				"down": {"uv": [3, 3.5, 4.75, 7], "texture": "#0"}
			}
		},
		{
			"from": [0.68575, -0.73668, -0.5],
			"to": [2.68575, 0.01332, 16.5],
			"rotation": {"angle": -22.5, "axis": "z", "origin": [3.18575, 0.38832, 6.5]},
			"faces": {
				"north": {"uv": [0.5, 5.75, 0, 6], "texture": "#0"},
				"east": {"uv": [4.25, 4.5, 0, 4.75], "texture": "#0"},
				"south": {"uv": [1, 5.75, 0.5, 6], "texture": "#0"},
				"west": {"uv": [4.25, 4.25, 0, 4.5], "texture": "#0"},
				"up": {"uv": [0, 4.25, 0.5, 0], "texture": "#0"},
				"down": {"uv": [0, 0, 0.5, 4.25], "texture": "#0"}
			}
		},
		{
			"from": [2.16725, -0.43653, -0.5],
			"to": [8.16725, 0.31347, 16.5],
			"rotation": {"angle": 0, "axis": "z", "origin": [1.41725, 0.03847, 6.5]},
			"faces": {
				"north": {"uv": [2, 6.5, 0.5, 6.75], "texture": "#0"},
				"east": {"uv": [4.25, 4.5, 0, 4.75], "texture": "#0"},
				"south": {"uv": [2, 6.75, 0.5, 7], "texture": "#0"},
				"west": {"uv": [4.25, 4.25, 0, 4.5], "texture": "#0"},
				"up": {"uv": [0, 4.25, 1.5, 0], "texture": "#0"},
				"down": {"uv": [0, 0, 1.5, 4.25], "texture": "#0"}
			}
		}
	],
	"display": {
		"thirdperson_righthand": {
			"rotation": [-10, 45, -15],
			"translation": [1.75, 3, -0.5],
			"scale": [0.5, 0.5, 0.5]
		},
		"thirdperson_lefthand": {
			"rotation": [-10, 45, -15],
			"translation": [1.75, 3, -0.5],
			"scale": [0.5, 0.5, 0.5]
		},
		"firstperson_righthand": {
			"rotation": [30, 45, 0],
			"translation": [2, 7, 0],
			"scale": [0.7, 0.7, 0.7]
		},
		"firstperson_lefthand": {
			"rotation": [30, 45, 0],
			"translation": [2, 7, 0],
			"scale": [0.7, 0.7, 0.7]
		},
		"ground": {
			"translation": [0, 4.5, 0],
			"scale": [0.7, 0.7, 0.7]
		},
		"gui": {
			"rotation": [35, 25, 0],
			"translation": [0, 3.5, 0],
			"scale": [0.7, 0.7, 0.6]
		},
		"head": {
			"translation": [0, 14.25, 0],
			"scale": [1.15, 1.15, 1.15]
		},
		"fixed": {
			"rotation": [-90, 30, 0],
			"translation": [0, 0, -15.25],
			"scale": [1.8, 1.8, 1.8]
		}
	},
	"groups": [
		{
			"name": "group",
			"origin": [14.83275, -0.56153, 6.5],
			"color": 0,
			"children": [
				{
					"name": "group",
					"origin": [14.83275, -0.56153, 6.5],
					"color": 0,
					"children": [0, 1, 2, 3, 4, 5, 6]
				},
				{
					"name": "group",
					"origin": [14.83275, -0.56153, 6.5],
					"color": 0,
					"children": [7, 8, 9, 10, 11, 12, 13]
				}
			]
		}
	]
}