{
	"credit": "Made with Blockbench",
	"textures": {
		"0": "block/red_concrete",
		"1": "block/white_concrete_powder",
		"particle": "block/red_concrete"
	},
	"elements": [
		{
			"from": [2, 0, 6],
			"to": [14, 8, 10],
			"faces": {
				"north": {"uv": [0, 0, 12, 8], "texture": "#0"},
				"east": {"uv": [0, 0, 4, 8], "texture": "#0"},
				"south": {"uv": [0, 0, 12, 8], "texture": "#0"},
				"west": {"uv": [0, 0, 4, 8], "texture": "#0"},
				"up": {"uv": [0, 0, 12, 4], "texture": "#0"},
				"down": {"uv": [0, 0, 12, 4], "texture": "#0"}
			}
		},
		{
			"from": [5, 8, 7.5],
			"to": [6, 10, 8.5],
			"faces": {
				"north": {"uv": [0, 0, 1, 2], "texture": "#0"},
				"east": {"uv": [0, 0, 1, 2], "texture": "#0"},
				"south": {"uv": [0, 0, 1, 2], "texture": "#0"},
				"west": {"uv": [0, 0, 1, 2], "texture": "#0"},
				"up": {"uv": [0, 0, 1, 1], "texture": "#0"},
				"down": {"uv": [0, 0, 1, 1], "texture": "#0"}
			}
		},
		{
			"from": [5.15, 9.675, 7.5],
			"to": [6.15, 11.675, 8.5],
			"rotation": {"angle": -45, "axis": "z", "origin": [5.5, 10, 8]},
			"faces": {
				"north": {"uv": [0, 0, 1, 2], "texture": "#0"},
				"east": {"uv": [0, 0, 1, 2], "texture": "#0"},
				"south": {"uv": [0, 0, 1, 2], "texture": "#0"},
				"west": {"uv": [0, 0, 1, 2], "texture": "#0"},
				"up": {"uv": [0, 0, 1, 1], "texture": "#0"},
				"down": {"uv": [0, 0, 1, 1], "texture": "#0"}
			}
		},
		{
			"from": [9.85, 9.675, 7.5],
			"to": [10.85, 11.675, 8.5],
			"rotation": {"angle": 45, "axis": "z", "origin": [10.5, 10, 8]},
			"faces": {
				"north": {"uv": [1, 0, 0, 2], "texture": "#0"},
				"east": {"uv": [1, 0, 0, 2], "texture": "#0"},
				"south": {"uv": [1, 0, 0, 2], "texture": "#0"},
				"west": {"uv": [1, 0, 0, 2], "texture": "#0"},
				"up": {"uv": [1, 0, 0, 1], "texture": "#0"},
				"down": {"uv": [1, 0, 0, 1], "texture": "#0"}
			}
		},
		{
			"from": [6.39164, 10.44623, 7.5],
			"to": [9.57164, 11.44623, 8.5],
			"rotation": {"angle": 0, "axis": "z", "origin": [9.91664, 10.37123, 8]},
			"faces": {
				"north": {"uv": [1, 0, 2, 3.18], "rotation": 90, "texture": "#0"},
				"east": {"uv": [1, 0, 2, 1], "rotation": 270, "texture": "#0"},
				"south": {"uv": [1, 0, 2, 3.18], "rotation": 270, "texture": "#0"},
				"west": {"uv": [1, 0, 2, 1], "rotation": 270, "texture": "#0"},
				"up": {"uv": [1, 0, 2, 3.18], "rotation": 270, "texture": "#0"},
				"down": {"uv": [1, 0, 2, 3.18], "rotation": 270, "texture": "#0"}
			}
		},
		{
			"from": [10, 8, 7.5],
			"to": [11, 10, 8.5],
			"rotation": {"angle": 0, "axis": "y", "origin": [16, 0, 0]},
			"faces": {
				"north": {"uv": [1, 0, 0, 2], "texture": "#0"},
				"east": {"uv": [1, 0, 0, 2], "texture": "#0"},
				"south": {"uv": [1, 0, 0, 2], "texture": "#0"},
				"west": {"uv": [1, 0, 0, 2], "texture": "#0"},
				"up": {"uv": [1, 0, 0, 1], "texture": "#0"},
				"down": {"uv": [1, 0, 0, 1], "texture": "#0"}
			}
		},
		{
			"from": [7.25, 2, 5.875],
			"to": [8.75, 6, 6.075],
			"rotation": {"angle": 0, "axis": "x", "origin": [7.25, 0, 0]},
			"faces": {
				"north": {"uv": [0, 0, 1.5, 4], "texture": "#1"},
				"east": {"uv": [0, 0, 0.2, 4], "texture": "#1"},
				"south": {"uv": [0, 0, 1.5, 4], "texture": "#1"},
				"west": {"uv": [0, 0, 0.2, 4], "texture": "#1"},
				"up": {"uv": [0, 0, 1.5, 0.2], "texture": "#1"},
				"down": {"uv": [0, 0, 1.5, 0.2], "texture": "#1"}
			}
		},
		{
			"from": [6, 3.25, 5.8751],
			"to": [10, 4.75, 6.0751],
			"rotation": {"angle": 0, "axis": "z", "origin": [8, 3, 5.975]},
			"faces": {
				"north": {"uv": [0, 0, 1.5, 4], "rotation": 90, "texture": "#1"},
				"east": {"uv": [0, 0, 1.5, 0.2], "rotation": 270, "texture": "#1"},
				"south": {"uv": [0, 0, 1.5, 4], "rotation": 270, "texture": "#1"},
				"west": {"uv": [0, 0, 1.5, 0.2], "rotation": 270, "texture": "#1"},
				"up": {"uv": [0, 0, 0.2, 4], "rotation": 270, "texture": "#1"},
				"down": {"uv": [0, 0, 0.2, 4], "rotation": 270, "texture": "#1"}
			}
		},
		{
			"from": [7.25, 2, 9.875],
			"to": [8.75, 6, 10.075],
			"rotation": {"angle": 0, "axis": "x", "origin": [7.25, 0, 0]},
			"faces": {
				"north": {"uv": [0, 0, 1.5, 4], "texture": "#1"},
				"east": {"uv": [0, 0, 0.2, 4], "texture": "#1"},
				"south": {"uv": [0, 0, 1.5, 4], "texture": "#1"},
				"west": {"uv": [0, 0, 0.2, 4], "texture": "#1"},
				"up": {"uv": [0, 0, 1.5, 0.2], "texture": "#1"},
				"down": {"uv": [0, 0, 1.5, 0.2], "texture": "#1"}
			}
		},
		{
			"from": [6, 3.25, 9.8751],
			"to": [10, 4.75, 10.0751],
			"rotation": {"angle": 0, "axis": "z", "origin": [8, 3, 5.975]},
			"faces": {
				"north": {"uv": [0, 0, 1.5, 4], "rotation": 90, "texture": "#1"},
				"east": {"uv": [0, 0, 1.5, 0.2], "rotation": 270, "texture": "#1"},
				"south": {"uv": [0, 0, 1.5, 4], "rotation": 270, "texture": "#1"},
				"west": {"uv": [0, 0, 1.5, 0.2], "rotation": 270, "texture": "#1"},
				"up": {"uv": [0, 0, 0.2, 4], "rotation": 270, "texture": "#1"},
				"down": {"uv": [0, 0, 0.2, 4], "rotation": 270, "texture": "#1"}
			}
		}
	],
	"display": {
		"thirdperson_righthand": {
			"rotation": [0, 90, 90],
			"translation": [0, -1.75, -1.5]
		},
		"thirdperson_lefthand": {
			"rotation": [0, 90, 90],
			"translation": [0, -1.75, -1.5]
		},
		"firstperson_righthand": {
			"rotation": [0, 90, 0],
			"translation": [0, 3, 0]
		},
		"firstperson_lefthand": {
			"rotation": [0, 90, 0],
			"translation": [0, 3, 0]
		},
		"ground": {
			"translation": [0, 5.75, 0]
		},
		"gui": {
			"rotation": [35, 135, 0],
			"translation": [0, 3, 0]
		},
		"fixed": {
			"rotation": [-90, 27, 0],
			"translation": [0, 0, -16],
			"scale": [2, 2, 2]
		}
	},
	"groups": [
		{
			"name": "group",
			"origin": [16, 0, 0],
			"color": 0,
			"nbt": "{}",
			"armAnimationEnabled": false,
			"children": [0, 1, 2, 3, 4, 5]
		},
		6,
		7,
		8,
		9
	]
}