{
	"credit": "Made with Blockbench",
	"textures": {
		"0": "block/honey_block_top",
		"1": "block/stripped_spruce_log",
		"2": "block/honeycomb_block",
		"3": "block/birch_planks",
		"particle": "block/honey_block_top"
	},
	"elements": [
		{
			"from": [5, 0, 5],
			"to": [11, 1, 11],
			"faces": {
				"north": {"uv": [0, 0, 6, 1], "texture": "#1"},
				"east": {"uv": [0, 0, 6, 1], "texture": "#1"},
				"south": {"uv": [0, 0, 6, 1], "texture": "#1"},
				"west": {"uv": [0, 0, 6, 1], "texture": "#1"},
				"up": {"uv": [0, 0, 6, 6], "texture": "#1"},
				"down": {"uv": [0, 0, 6, 6], "texture": "#1"}
			}
		},
		{
			"from": [5, 7, 5],
			"to": [11, 8, 11],
			"faces": {
				"north": {"uv": [0, 0, 6, 1], "texture": "#1"},
				"east": {"uv": [0, 0, 6, 1], "texture": "#1"},
				"south": {"uv": [0, 0, 6, 1], "texture": "#1"},
				"west": {"uv": [0, 0, 6, 1], "texture": "#1"},
				"up": {"uv": [0, 0, 6, 6], "texture": "#1"},
				"down": {"uv": [0, 0, 6, 6], "texture": "#1"}
			}
		},
		{
			"from": [6, 8, 6],
			"to": [10, 10, 10],
			"faces": {
				"north": {"uv": [0, 0, 4, 2], "texture": "#1"},
				"east": {"uv": [0, 0, 4, 2], "texture": "#1"},
				"south": {"uv": [0, 0, 4, 2], "texture": "#1"},
				"west": {"uv": [0, 0, 4, 2], "texture": "#1"},
				"up": {"uv": [0, 0, 4, 4], "texture": "#1"},
				"down": {"uv": [0, 0, 4, 4], "texture": "#1"}
			}
		},
		{
			"from": [6, 10, 6],
			"to": [10, 10, 10],
			"faces": {
				"north": {"uv": [0, 0, 4, 0], "texture": "#2"},
				"east": {"uv": [0, 0, 4, 0], "texture": "#2"},
				"south": {"uv": [0, 0, 4, 0], "texture": "#2"},
				"west": {"uv": [0, 0, 4, 0], "texture": "#2"},
				"up": {"uv": [0, 0, 4, 4], "texture": "#2"},
				"down": {"uv": [0, 0, 4, 4], "texture": "#2"}
			}
		},
		{
			"from": [6, 10.375, 6],
			"to": [10, 10.575, 10],
			"faces": {
				"north": {"uv": [0, 0, 4, 0.2], "texture": "#0"},
				"east": {"uv": [0, 0, 4, 0.2], "texture": "#0"},
				"south": {"uv": [0, 0, 4, 0.2], "texture": "#0"},
				"west": {"uv": [0, 0, 4, 0.2], "texture": "#0"},
				"up": {"uv": [0, 0, 4, 4], "texture": "#0"},
				"down": {"uv": [0, 0, 4, 4], "texture": "#0"}
			}
		},
		{
			"from": [5.5, 10, 5.5],
			"to": [9.5, 11, 6.5],
			"rotation": {"angle": 0, "axis": "y", "origin": [8, 10.5, 8]},
			"faces": {
				"north": {"uv": [0, 0, 4, 1], "texture": "#1"},
				"east": {"uv": [0, 0, 1, 1], "texture": "#1"},
				"south": {"uv": [0, 0, 4, 1], "texture": "#1"},
				"west": {"uv": [0, 0, 1, 1], "texture": "#1"},
				"up": {"uv": [0, 0, 4, 1], "texture": "#1"},
				"down": {"uv": [0, 0, 4, 1], "texture": "#1"}
			}
		},
		{
			"from": [9.5, 10, 5.5],
			"to": [10.5, 11, 9.5],
			"rotation": {"angle": 0, "axis": "y", "origin": [8, 10.5, 8]},
			"faces": {
				"north": {"uv": [0, 0, 1, 1], "texture": "#1"},
				"east": {"uv": [0, 0, 4, 1], "texture": "#1"},
				"south": {"uv": [0, 0, 1, 1], "texture": "#1"},
				"west": {"uv": [0, 0, 4, 1], "texture": "#1"},
				"up": {"uv": [0, 0, 4, 1], "rotation": 90, "texture": "#1"},
				"down": {"uv": [0, 0, 4, 1], "rotation": 270, "texture": "#1"}
			}
		},
		{
			"from": [5.5, 10, 6.5],
			"to": [6.5, 11, 10.5],
			"rotation": {"angle": 0, "axis": "y", "origin": [8, 10.5, 8]},
			"faces": {
				"north": {"uv": [0, 0, 1, 1], "texture": "#1"},
				"east": {"uv": [0, 0, 4, 1], "texture": "#1"},
				"south": {"uv": [0, 0, 1, 1], "texture": "#1"},
				"west": {"uv": [0, 0, 4, 1], "texture": "#1"},
				"up": {"uv": [0, 0, 4, 1], "rotation": 270, "texture": "#1"},
				"down": {"uv": [0, 0, 4, 1], "rotation": 90, "texture": "#1"}
			}
		},
		{
			"from": [6.5, 10, 9.5],
			"to": [10.5, 11, 10.5],
			"rotation": {"angle": 0, "axis": "y", "origin": [8, 10.5, 8]},
			"faces": {
				"north": {"uv": [0, 0, 4, 1], "texture": "#1"},
				"east": {"uv": [0, 0, 1, 1], "texture": "#1"},
				"south": {"uv": [0, 0, 4, 1], "texture": "#1"},
				"west": {"uv": [0, 0, 1, 1], "texture": "#1"},
				"up": {"uv": [0, 0, 4, 1], "rotation": 180, "texture": "#1"},
				"down": {"uv": [0, 0, 4, 1], "rotation": 180, "texture": "#1"}
			}
		},
		{
			"from": [4, 1, 4],
			"to": [12, 7, 12],
			"faces": {
				"north": {"uv": [0, 0, 8, 6], "texture": "#1"},
				"east": {"uv": [0, 0, 8, 6], "texture": "#1"},
				"south": {"uv": [0, 0, 8, 6], "texture": "#1"},
				"west": {"uv": [0, 0, 8, 6], "texture": "#1"},
				"up": {"uv": [0, 0, 8, 8], "texture": "#1"},
				"down": {"uv": [0, 0, 8, 8], "texture": "#1"}
			}
		},
		{
			"from": [3.7, 3, 3.7],
			"to": [12.3, 5, 12.3],
			"rotation": {"angle": 0, "axis": "y", "origin": [-0.3, 0, -0.3]},
			"faces": {
				"north": {"uv": [0, 0, 8.6, 2], "texture": "#3"},
				"east": {"uv": [0, 0, 8.6, 2], "texture": "#3"},
				"south": {"uv": [0, 0, 8.6, 2], "texture": "#3"},
				"west": {"uv": [0, 0, 8.6, 2], "texture": "#3"},
				"up": {"uv": [0, 0, 8.6, 8.6], "texture": "#3"},
				"down": {"uv": [0, 0, 8.6, 8.6], "texture": "#3"}
			}
		}
	],
	"display": {
		"thirdperson_righthand": {
			"translation": [0, 3.25, 0],
			"scale": [0.8, 0.8, 0.8]
		},
		"thirdperson_lefthand": {
			"translation": [0, 3.25, 0],
			"scale": [0.8, 0.8, 0.8]
		},
		"firstperson_righthand": {
			"rotation": [10, 25, 0],
			"translation": [0, 2.5, 0]
		},
		"firstperson_lefthand": {
			"rotation": [10, 25, 0],
			"translation": [0, 2.5, 0]
		},
		"ground": {
			"translation": [0, 4.25, 0]
		},
		"gui": {
			"rotation": [35, 135, 0],
			"translation": [0, 2, 0]
		},
		"fixed": {
			"rotation": [-90, 0, 0],
			"translation": [0, 0, -16],
			"scale": [2.2, 2.2, 2.2]
		}
	}
}