{
	"credit": "Made with Blockbench",
	"textures": {
		"0": "block/stripped_dark_oak_log",
		"1": "block/andesite",
		"particle": "block/stripped_dark_oak_log"
	},
	"elements": [
		{
			"from": [6, 0, 6],
			"to": [10, 1, 10],
			"rotation": {"angle": 0, "axis": "y", "origin": [8, 0.5, 8]},
			"faces": {
				"north": {"uv": [3, 1, 7, 2], "texture": "#0"},
				"east": {"uv": [3, 1, 7, 2], "texture": "#0"},
				"south": {"uv": [3, 1, 7, 2], "texture": "#0"},
				"west": {"uv": [3, 1, 7, 2], "texture": "#0"},
				"up": {"uv": [3, 1, 7, 5], "texture": "#0"},
				"down": {"uv": [3, 1, 7, 5], "texture": "#0"}
			}
		},
		{
			"from": [7, 1, 7],
			"to": [9, 6, 9],
			"rotation": {"angle": 0, "axis": "y", "origin": [8, 0.5, 8]},
			"faces": {
				"north": {"uv": [3, 1, 5, 6], "texture": "#0"},
				"east": {"uv": [3, 1, 5, 6], "texture": "#0"},
				"south": {"uv": [3, 1, 5, 6], "texture": "#0"},
				"west": {"uv": [3, 1, 5, 6], "texture": "#0"},
				"up": {"uv": [3, 1, 5, 3], "texture": "#0"},
				"down": {"uv": [3, 1, 5, 3], "texture": "#0"}
			}
		},
		{
			"from": [6.5, 6, 6.5],
			"to": [9.5, 14, 9.5],
			"rotation": {"angle": 0, "axis": "y", "origin": [8, 0.5, 8]},
			"faces": {
				"north": {"uv": [3, 1, 6, 9], "texture": "#0"},
				"east": {"uv": [3, 1, 6, 9], "texture": "#0"},
				"south": {"uv": [3, 1, 6, 9], "texture": "#0"},
				"west": {"uv": [3, 1, 6, 9], "texture": "#0"},
				"up": {"uv": [3, 1, 6, 4], "texture": "#0"},
				"down": {"uv": [3, 1, 6, 4], "texture": "#0"}
			}
		},
		{
			"from": [6, 14, 6],
			"to": [10, 28, 10],
			"rotation": {"angle": 0, "axis": "y", "origin": [8, 0.5, 8]},
			"faces": {
				"north": {"uv": [3, 1, 7, 15], "texture": "#0"},
				"east": {"uv": [3, 1, 7, 15], "texture": "#0"},
				"south": {"uv": [3, 1, 7, 15], "texture": "#0"},
				"west": {"uv": [3, 1, 7, 15], "texture": "#0"},
				"up": {"uv": [3, 1, 7, 5], "texture": "#0"},
				"down": {"uv": [3, 1, 7, 5], "texture": "#0"}
			}
		},
		{
			"from": [10, 24.68732, 6.03177],
			"to": [10.2, 25.18732, 10.63177],
			"rotation": {"angle": -22.5, "axis": "x", "origin": [9.05709, 24.5459, 6.99642]},
			"faces": {
				"north": {"uv": [0, 0, 0.2, 0.5], "texture": "#1"},
				"east": {"uv": [0, 0, 4.6, 0.5], "texture": "#1"},
				"south": {"uv": [0, 0, 0.2, 0.5], "texture": "#1"},
				"west": {"uv": [0, 0, 4.6, 0.5], "texture": "#1"},
				"up": {"uv": [0, 0, 4.6, 0.2], "rotation": 90, "texture": "#1"},
				"down": {"uv": [0, 0, 4.6, 0.2], "rotation": 270, "texture": "#1"}
			}
		},
		{
			"from": [10, 26.08126, 7.605],
			"to": [10.2, 28.88126, 8.105],
			"rotation": {"angle": 22.5, "axis": "x", "origin": [9.05709, 24.5459, 6.99642]},
			"faces": {
				"north": {"uv": [0, 0, 2.8, 0.2], "rotation": 270, "texture": "#1"},
				"east": {"uv": [0, 0, 2.8, 0.5], "rotation": 90, "texture": "#1"},
				"south": {"uv": [0, 0, 2.8, 0.2], "rotation": 270, "texture": "#1"},
				"west": {"uv": [0, 0, 2.8, 0.5], "rotation": 270, "texture": "#1"},
				"up": {"uv": [0, 0, 0.2, 0.5], "texture": "#1"},
				"down": {"uv": [0, 0, 0.2, 0.5], "rotation": 180, "texture": "#1"}
			}
		},
		{
			"from": [5.45962, 23.88879, 5.8125],
			"to": [10.05962, 24.38879, 6.0125],
			"rotation": {"angle": 22.5, "axis": "z", "origin": [9.05709, 24.5459, 6.99642]},
			"faces": {
				"north": {"uv": [0, 0, 4.6, 0.5], "texture": "#1"},
				"east": {"uv": [0, 0, 0.2, 0.5], "texture": "#1"},
				"south": {"uv": [0, 0, 4.6, 0.5], "texture": "#1"},
				"west": {"uv": [0, 0, 0.2, 0.5], "texture": "#1"},
				"up": {"uv": [0, 0, 4.6, 0.2], "texture": "#1"},
				"down": {"uv": [0, 0, 4.6, 0.2], "texture": "#1"}
			}
		},
		{
			"from": [6.65, 28.06854, 5.36967],
			"to": [7.15, 28.26854, 9.96967],
			"rotation": {"angle": -22.5, "axis": "y", "origin": [5.9, 28.91854, 7.91967]},
			"faces": {
				"north": {"uv": [0, 0, 0.2, 0.5], "rotation": 270, "texture": "#1"},
				"east": {"uv": [4.6, 0.2, 9.2, 0.4], "rotation": 180, "texture": "#1"},
				"south": {"uv": [0, 0, 0.2, 0.5], "rotation": 90, "texture": "#1"},
				"west": {"uv": [4.6, 0.2, 9.2, 0.4], "texture": "#1"},
				"up": {"uv": [0, 0, 4.6, 0.5], "rotation": 90, "texture": "#1"},
				"down": {"uv": [0, 0, 4.6, 0.5], "rotation": 90, "texture": "#1"}
			}
		},
		{
			"from": [6.61955, 28.06854, 6.62138],
			"to": [10.21955, 28.26854, 7.12138],
			"rotation": {"angle": -45, "axis": "y", "origin": [6.91955, 28.16854, 8.07138]},
			"faces": {
				"north": {"uv": [4.6, 0.2, 8.2, 0.4], "texture": "#1"},
				"east": {"uv": [0, 0, 0.2, 0.5], "rotation": 270, "texture": "#1"},
				"south": {"uv": [4.6, 0.2, 8.2, 0.4], "rotation": 180, "texture": "#1"},
				"west": {"uv": [0, 0, 0.2, 0.5], "rotation": 90, "texture": "#1"},
				"up": {"uv": [0, 0, 3.6, 0.5], "rotation": 180, "texture": "#1"},
				"down": {"uv": [0, 0, 3.6, 0.5], "texture": "#1"}
			}
		},
		{
			"from": [8.65, 13.81854, 4.36967],
			"to": [9.15, 14.01854, 8.96967],
			"rotation": {"angle": -22.5, "axis": "y", "origin": [5.9, 28.91854, 7.91967]},
			"faces": {
				"north": {"uv": [0, 0, 0.2, 0.5], "rotation": 270, "texture": "#1"},
				"east": {"uv": [4.6, 0.2, 9.2, 0.4], "rotation": 180, "texture": "#1"},
				"south": {"uv": [0, 0, 0.2, 0.5], "rotation": 90, "texture": "#1"},
				"west": {"uv": [4.6, 0.2, 9.2, 0.4], "texture": "#1"},
				"up": {"uv": [0, 0, 4.6, 0.5], "rotation": 90, "texture": "#1"},
				"down": {"uv": [0, 0, 4.6, 0.5], "rotation": 90, "texture": "#1"}
			}
		},
		{
			"from": [5.94038, 27.38879, 9.9875],
			"to": [10.54038, 27.88879, 10.1875],
			"rotation": {"angle": -22.5, "axis": "z", "origin": [6.94291, 28.0459, 9.00358]},
			"faces": {
				"north": {"uv": [0, 0, 4.6, 0.5], "texture": "#1"},
				"east": {"uv": [0, 0, 0.2, 0.5], "texture": "#1"},
				"south": {"uv": [0, 0, 4.6, 0.5], "texture": "#1"},
				"west": {"uv": [0, 0, 0.2, 0.5], "texture": "#1"},
				"up": {"uv": [4.6, 0.2, 9.2, 0.4], "texture": "#1"},
				"down": {"uv": [4.6, 0.2, 9.2, 0.4], "texture": "#1"}
			}
		},
		{
			"from": [10, 17.68732, 6.03177],
			"to": [10.2, 18.18732, 10.63177],
			"rotation": {"angle": -22.5, "axis": "x", "origin": [9.05709, 17.5459, 6.99642]},
			"faces": {
				"north": {"uv": [0, 0, 0.2, 0.5], "texture": "#1"},
				"east": {"uv": [0, 0, 4.6, 0.5], "texture": "#1"},
				"south": {"uv": [0, 0, 0.2, 0.5], "texture": "#1"},
				"west": {"uv": [0, 0, 4.6, 0.5], "texture": "#1"},
				"up": {"uv": [0, 0, 4.6, 0.2], "rotation": 90, "texture": "#1"},
				"down": {"uv": [0, 0, 4.6, 0.2], "rotation": 270, "texture": "#1"}
			}
		},
		{
			"from": [10, 14.33126, 8.605],
			"to": [10.2, 18.93126, 9.105],
			"rotation": {"angle": 22.5, "axis": "x", "origin": [9.05709, 17.5459, 6.99642]},
			"faces": {
				"north": {"uv": [0, 0, 4.6, 0.2], "rotation": 270, "texture": "#1"},
				"east": {"uv": [0, 0, 4.6, 0.5], "rotation": 90, "texture": "#1"},
				"south": {"uv": [0, 0, 4.6, 0.2], "rotation": 270, "texture": "#1"},
				"west": {"uv": [0, 0, 4.6, 0.5], "rotation": 270, "texture": "#1"},
				"up": {"uv": [0, 0, 0.2, 0.5], "texture": "#1"},
				"down": {"uv": [0, 0, 0.2, 0.5], "rotation": 180, "texture": "#1"}
			}
		},
		{
			"from": [5.45962, 16.88879, 5.8125],
			"to": [10.05962, 17.38879, 6.0125],
			"rotation": {"angle": 22.5, "axis": "z", "origin": [9.05709, 17.5459, 6.99642]},
			"faces": {
				"north": {"uv": [0, 0, 4.6, 0.5], "texture": "#1"},
				"east": {"uv": [0, 0, 0.2, 0.5], "texture": "#1"},
				"south": {"uv": [0, 0, 4.6, 0.5], "texture": "#1"},
				"west": {"uv": [0, 0, 0.2, 0.5], "texture": "#1"},
				"up": {"uv": [0, 0, 4.6, 0.2], "texture": "#1"},
				"down": {"uv": [0, 0, 4.6, 0.2], "texture": "#1"}
			}
		},
		{
			"from": [5.8, 21.18732, 5.36823],
			"to": [6, 21.68732, 9.96823],
			"rotation": {"angle": 22.5, "axis": "x", "origin": [6.94291, 21.0459, 9.00358]},
			"faces": {
				"north": {"uv": [0, 0, 0.2, 0.5], "texture": "#1"},
				"east": {"uv": [0, 0, 4.6, 0.5], "texture": "#1"},
				"south": {"uv": [0, 0, 0.2, 0.5], "texture": "#1"},
				"west": {"uv": [0, 0, 4.6, 0.5], "texture": "#1"},
				"up": {"uv": [4.6, 0.2, 9.2, 0.4], "rotation": 90, "texture": "#1"},
				"down": {"uv": [4.6, 0.2, 9.2, 0.4], "rotation": 270, "texture": "#1"}
			}
		},
		{
			"from": [5.8, 20.88126, 5.995],
			"to": [6, 22.48126, 6.495],
			"rotation": {"angle": -22.5, "axis": "x", "origin": [6.94291, 21.0459, 9.00358]},
			"faces": {
				"north": {"uv": [4.6, 0.2, 6.2, 0.4], "rotation": 90, "texture": "#1"},
				"east": {"uv": [0, 0, 1.6, 0.5], "rotation": 270, "texture": "#1"},
				"south": {"uv": [4.6, 0.2, 6.2, 0.4], "rotation": 90, "texture": "#1"},
				"west": {"uv": [0, 0, 1.6, 0.5], "rotation": 90, "texture": "#1"},
				"up": {"uv": [0, 0, 0.2, 0.5], "rotation": 180, "texture": "#1"},
				"down": {"uv": [0, 0, 0.2, 0.5], "texture": "#1"}
			}
		},
		{
			"from": [5.94038, 20.38879, 9.9875],
			"to": [10.54038, 20.88879, 10.1875],
			"rotation": {"angle": -22.5, "axis": "z", "origin": [6.94291, 21.0459, 9.00358]},
			"faces": {
				"north": {"uv": [0, 0, 4.6, 0.5], "texture": "#1"},
				"east": {"uv": [0, 0, 0.2, 0.5], "texture": "#1"},
				"south": {"uv": [0, 0, 4.6, 0.5], "texture": "#1"},
				"west": {"uv": [0, 0, 0.2, 0.5], "texture": "#1"},
				"up": {"uv": [4.6, 0.2, 9.2, 0.4], "texture": "#1"},
				"down": {"uv": [4.6, 0.2, 9.2, 0.4], "texture": "#1"}
			}
		},
		{
			"from": [5.8, 22.68732, 6.03177],
			"to": [6, 23.18732, 10.63177],
			"rotation": {"angle": -22.5, "axis": "x", "origin": [6.94291, 22.5459, 6.99642]},
			"faces": {
				"north": {"uv": [0.2, 0, 0.4, 0.5], "texture": "#1"},
				"east": {"uv": [4.6, 0, 9.2, 0.5], "texture": "#1"},
				"south": {"uv": [0.2, 0, 0.4, 0.5], "texture": "#1"},
				"west": {"uv": [4.6, 0, 9.2, 0.5], "texture": "#1"},
				"up": {"uv": [0, 0.2, 4.6, 0.4], "rotation": 90, "texture": "#1"},
				"down": {"uv": [0, 0.2, 4.6, 0.4], "rotation": 270, "texture": "#1"}
			}
		},
		{
			"from": [5.8, 23.50626, 7.23],
			"to": [6, 27.30626, 7.73],
			"rotation": {"angle": 22.5, "axis": "x", "origin": [6.94291, 22.5459, 6.99642]},
			"faces": {
				"north": {"uv": [0, 0.2, 3.8, 0.4], "rotation": 270, "texture": "#1"},
				"east": {"uv": [4.6, 0, 8.4, 0.5], "rotation": 90, "texture": "#1"},
				"south": {"uv": [0, 0.2, 3.8, 0.4], "rotation": 270, "texture": "#1"},
				"west": {"uv": [4.6, 0, 8.4, 0.5], "rotation": 270, "texture": "#1"},
				"up": {"uv": [0.2, 0, 0.4, 0.5], "texture": "#1"},
				"down": {"uv": [0.2, 0, 0.4, 0.5], "rotation": 180, "texture": "#1"}
			}
		},
		{
			"from": [5.8, 27.18732, 6.28177],
			"to": [6, 27.68732, 8.28177],
			"rotation": {"angle": 22.5, "axis": "x", "origin": [6.94291, 22.5459, 6.99642]},
			"faces": {
				"north": {"uv": [0.2, 0, 0.4, 0.5], "texture": "#1"},
				"east": {"uv": [4.6, 0, 6.6, 0.5], "texture": "#1"},
				"south": {"uv": [0.2, 0, 0.4, 0.5], "texture": "#1"},
				"west": {"uv": [4.6, 0, 6.6, 0.5], "texture": "#1"},
				"up": {"uv": [0, 0.2, 2, 0.4], "rotation": 90, "texture": "#1"},
				"down": {"uv": [0, 0.2, 2, 0.4], "rotation": 270, "texture": "#1"}
			}
		},
		{
			"from": [5.94038, 21.88879, 5.8125],
			"to": [10.54038, 22.38879, 6.0125],
			"rotation": {"angle": -22.5, "axis": "z", "origin": [6.94291, 22.5459, 6.99642]},
			"faces": {
				"north": {"uv": [4.6, 0, 9.2, 0.5], "texture": "#1"},
				"east": {"uv": [0.2, 0, 0.4, 0.5], "texture": "#1"},
				"south": {"uv": [4.6, 0, 9.2, 0.5], "texture": "#1"},
				"west": {"uv": [0.2, 0, 0.4, 0.5], "texture": "#1"},
				"up": {"uv": [4.6, 0, 9.2, 0.2], "texture": "#1"},
				"down": {"uv": [4.6, 0, 9.2, 0.2], "texture": "#1"}
			}
		},
		{
			"from": [7.10002, 21.04337, 5.8125],
			"to": [7.60002, 22.04337, 6.0125],
			"rotation": {"angle": -22.5, "axis": "z", "origin": [6.94291, 22.5459, 6.99642]},
			"faces": {
				"north": {"uv": [4.6, 0, 5.6, 0.5], "rotation": 90, "texture": "#1"},
				"east": {"uv": [4.6, 0, 5.6, 0.2], "rotation": 270, "texture": "#1"},
				"south": {"uv": [4.6, 0, 5.6, 0.5], "rotation": 270, "texture": "#1"},
				"west": {"uv": [4.6, 0, 5.6, 0.2], "rotation": 270, "texture": "#1"},
				"up": {"uv": [0.2, 0, 0.4, 0.5], "rotation": 270, "texture": "#1"},
				"down": {"uv": [0.2, 0, 0.4, 0.5], "rotation": 270, "texture": "#1"}
			}
		},
		{
			"from": [5.81538, 20.88879, 5.8125],
			"to": [6.81538, 21.38879, 6.0125],
			"rotation": {"angle": 0, "axis": "z", "origin": [6.94291, 22.5459, 6.99642]},
			"faces": {
				"north": {"uv": [4.6, 0, 5.6, 0.5], "texture": "#1"},
				"east": {"uv": [0.2, 0, 0.4, 0.5], "texture": "#1"},
				"south": {"uv": [4.6, 0, 5.6, 0.5], "texture": "#1"},
				"west": {"uv": [0.2, 0, 0.4, 0.5], "texture": "#1"},
				"up": {"uv": [4.6, 0, 5.6, 0.2], "texture": "#1"},
				"down": {"uv": [4.6, 0, 5.6, 0.2], "texture": "#1"}
			}
		},
		{
			"from": [5.95002, 18.69337, 5.8125],
			"to": [6.45002, 21.39337, 6.0125],
			"rotation": {"angle": 22.5, "axis": "z", "origin": [6.94291, 22.5459, 6.99642]},
			"faces": {
				"north": {"uv": [4.6, 0, 7.3, 0.5], "rotation": 90, "texture": "#1"},
				"east": {"uv": [4.6, 0, 7.3, 0.2], "rotation": 270, "texture": "#1"},
				"south": {"uv": [4.6, 0, 7.3, 0.5], "rotation": 270, "texture": "#1"},
				"west": {"uv": [4.6, 0, 7.3, 0.2], "rotation": 270, "texture": "#1"},
				"up": {"uv": [0.2, 0, 0.4, 0.5], "rotation": 270, "texture": "#1"},
				"down": {"uv": [0.2, 0, 0.4, 0.5], "rotation": 270, "texture": "#1"}
			}
		},
		{
			"from": [5.45962, 25.38879, 9.9875],
			"to": [10.05962, 25.88879, 10.1875],
			"rotation": {"angle": 22.5, "axis": "z", "origin": [9.05709, 26.0459, 9.00358]},
			"faces": {
				"north": {"uv": [4.6, 0, 9.2, 0.5], "texture": "#1"},
				"east": {"uv": [0.2, 0, 0.4, 0.5], "texture": "#1"},
				"south": {"uv": [4.6, 0, 9.2, 0.5], "texture": "#1"},
				"west": {"uv": [0.2, 0, 0.4, 0.5], "texture": "#1"},
				"up": {"uv": [9.2, 0.2, 13.8, 0.4], "texture": "#1"},
				"down": {"uv": [9.2, 0.2, 13.8, 0.4], "texture": "#1"}
			}
		},
		{
			"from": [6.35962, 23.88879, 9.9875],
			"to": [8.85962, 24.38879, 10.1875],
			"rotation": {"angle": -45, "axis": "z", "origin": [9.05709, 26.0459, 9.00358]},
			"faces": {
				"north": {"uv": [4.6, 0, 7.1, 0.5], "texture": "#1"},
				"east": {"uv": [0.2, 0, 0.4, 0.5], "texture": "#1"},
				"south": {"uv": [4.6, 0, 7.1, 0.5], "texture": "#1"},
				"west": {"uv": [0.2, 0, 0.4, 0.5], "texture": "#1"},
				"up": {"uv": [9.2, 0.2, 11.7, 0.4], "texture": "#1"},
				"down": {"uv": [9.2, 0.2, 11.7, 0.4], "texture": "#1"}
			}
		},
		{
			"from": [5.8, 15.68732, 6.03177],
			"to": [6, 16.18732, 10.63177],
			"rotation": {"angle": -22.5, "axis": "x", "origin": [6.94291, 15.5459, 6.99642]},
			"faces": {
				"north": {"uv": [0.2, 0, 0.4, 0.5], "texture": "#1"},
				"east": {"uv": [4.6, 0, 9.2, 0.5], "texture": "#1"},
				"south": {"uv": [0.2, 0, 0.4, 0.5], "texture": "#1"},
				"west": {"uv": [4.6, 0, 9.2, 0.5], "texture": "#1"},
				"up": {"uv": [0, 0.2, 4.6, 0.4], "rotation": 90, "texture": "#1"},
				"down": {"uv": [0, 0.2, 4.6, 0.4], "rotation": 270, "texture": "#1"}
			}
		},
		{
			"from": [5.94038, 14.88879, 5.8125],
			"to": [10.54038, 15.38879, 6.0125],
			"rotation": {"angle": -22.5, "axis": "z", "origin": [6.94291, 15.5459, 6.99642]},
			"faces": {
				"north": {"uv": [4.6, 0, 9.2, 0.5], "texture": "#1"},
				"east": {"uv": [0.2, 0, 0.4, 0.5], "texture": "#1"},
				"south": {"uv": [4.6, 0, 9.2, 0.5], "texture": "#1"},
				"west": {"uv": [0.2, 0, 0.4, 0.5], "texture": "#1"},
				"up": {"uv": [4.6, 0, 9.2, 0.2], "texture": "#1"},
				"down": {"uv": [4.6, 0, 9.2, 0.2], "texture": "#1"}
			}
		},
		{
			"from": [10, 19.18732, 5.36823],
			"to": [10.2, 19.68732, 9.96823],
			"rotation": {"angle": 22.5, "axis": "x", "origin": [9.05709, 19.0459, 9.00358]},
			"faces": {
				"north": {"uv": [0.2, 0, 0.4, 0.5], "texture": "#1"},
				"east": {"uv": [4.6, 0, 9.2, 0.5], "texture": "#1"},
				"south": {"uv": [0.2, 0, 0.4, 0.5], "texture": "#1"},
				"west": {"uv": [4.6, 0, 9.2, 0.5], "texture": "#1"},
				"up": {"uv": [4.6, 0.4, 9.2, 0.6], "rotation": 90, "texture": "#1"},
				"down": {"uv": [4.6, 0.4, 9.2, 0.6], "rotation": 270, "texture": "#1"}
			}
		},
		{
			"from": [10, 19.33554, 7.63716],
			"to": [10.2, 23.33554, 8.13716],
			"rotation": {"angle": 22.5, "axis": "x", "origin": [9.05709, 19.0459, 9.00358]},
			"faces": {
				"north": {"uv": [4.6, 0.4, 8.6, 0.6], "rotation": 270, "texture": "#1"},
				"east": {"uv": [4.6, 0, 8.6, 0.5], "rotation": 90, "texture": "#1"},
				"south": {"uv": [4.6, 0.4, 8.6, 0.6], "rotation": 270, "texture": "#1"},
				"west": {"uv": [4.6, 0, 8.6, 0.5], "rotation": 270, "texture": "#1"},
				"up": {"uv": [0.2, 0, 0.4, 0.5], "texture": "#1"},
				"down": {"uv": [0.2, 0, 0.4, 0.5], "rotation": 180, "texture": "#1"}
			}
		},
		{
			"from": [5.45962, 18.38879, 9.9875],
			"to": [10.05962, 18.88879, 10.1875],
			"rotation": {"angle": 22.5, "axis": "z", "origin": [9.05709, 19.0459, 9.00358]},
			"faces": {
				"north": {"uv": [4.6, 0, 9.2, 0.5], "texture": "#1"},
				"east": {"uv": [0.2, 0, 0.4, 0.5], "texture": "#1"},
				"south": {"uv": [4.6, 0, 9.2, 0.5], "texture": "#1"},
				"west": {"uv": [0.2, 0, 0.4, 0.5], "texture": "#1"},
				"up": {"uv": [9.2, 0.2, 13.8, 0.4], "texture": "#1"},
				"down": {"uv": [9.2, 0.2, 13.8, 0.4], "texture": "#1"}
			}
		},
		{
			"from": [6.45962, 18.38879, 9.9875],
			"to": [11.05962, 18.88879, 10.1875],
			"rotation": {"angle": -45, "axis": "z", "origin": [9.05709, 19.0459, 9.00358]},
			"faces": {
				"north": {"uv": [4.6, 0, 9.2, 0.5], "texture": "#1"},
				"east": {"uv": [0.2, 0, 0.4, 0.5], "texture": "#1"},
				"south": {"uv": [4.6, 0, 9.2, 0.5], "texture": "#1"},
				"west": {"uv": [0.2, 0, 0.4, 0.5], "texture": "#1"},
				"up": {"uv": [9.2, 0.2, 13.8, 0.4], "texture": "#1"},
				"down": {"uv": [9.2, 0.2, 13.8, 0.4], "texture": "#1"}
			}
		},
		{
			"from": [6.45962, 18.38879, 9.9875],
			"to": [11.05962, 18.88879, 10.1875],
			"rotation": {"angle": -45, "axis": "z", "origin": [9.05709, 19.0459, 9.00358]},
			"faces": {
				"north": {"uv": [4.6, 0, 9.2, 0.5], "texture": "#1"},
				"east": {"uv": [0.2, 0, 0.4, 0.5], "texture": "#1"},
				"south": {"uv": [4.6, 0, 9.2, 0.5], "texture": "#1"},
				"west": {"uv": [0.2, 0, 0.4, 0.5], "texture": "#1"},
				"up": {"uv": [9.2, 0.2, 13.8, 0.4], "texture": "#1"},
				"down": {"uv": [9.2, 0.2, 13.8, 0.4], "texture": "#1"}
			}
		},
		{
			"from": [6.0392, 14.44843, 9.9875],
			"to": [6.5392, 19.04843, 10.1875],
			"rotation": {"angle": 22.5, "axis": "z", "origin": [9.05709, 19.0459, 9.00358]},
			"faces": {
				"north": {"uv": [4.6, 0, 9.2, 0.5], "rotation": 90, "texture": "#1"},
				"east": {"uv": [9.2, 0.2, 13.8, 0.4], "rotation": 270, "texture": "#1"},
				"south": {"uv": [4.6, 0, 9.2, 0.5], "rotation": 270, "texture": "#1"},
				"west": {"uv": [9.2, 0.2, 13.8, 0.4], "rotation": 270, "texture": "#1"},
				"up": {"uv": [0.2, 0, 0.4, 0.5], "rotation": 270, "texture": "#1"},
				"down": {"uv": [0.2, 0, 0.4, 0.5], "rotation": 270, "texture": "#1"}
			}
		},
		{
			"from": [11.1642, 23.44843, 5.7375],
			"to": [11.6642, 28.04843, 5.9375],
			"rotation": {"angle": 22.5, "axis": "z", "origin": [9.05709, 19.0459, 9.00358]},
			"faces": {
				"north": {"uv": [4.6, 0, 9.2, 0.5], "rotation": 90, "texture": "#1"},
				"east": {"uv": [9.2, 0.2, 13.8, 0.4], "rotation": 270, "texture": "#1"},
				"south": {"uv": [4.6, 0, 9.2, 0.5], "rotation": 270, "texture": "#1"},
				"west": {"uv": [9.2, 0.2, 13.8, 0.4], "rotation": 270, "texture": "#1"},
				"up": {"uv": [0.2, 0, 0.4, 0.5], "rotation": 270, "texture": "#1"},
				"down": {"uv": [0.2, 0, 0.4, 0.5], "rotation": 270, "texture": "#1"}
			}
		},
		{
			"from": [5.79101, 17.68879, 6.50105],
			"to": [5.99101, 18.18879, 11.10105],
			"rotation": {"angle": 45, "axis": "x", "origin": [9.05709, 19.0459, 9.00358]},
			"faces": {
				"north": {"uv": [0.2, 0, 0.4, 0.5], "texture": "#1"},
				"east": {"uv": [4.6, 0, 9.2, 0.5], "texture": "#1"},
				"south": {"uv": [0.2, 0, 0.4, 0.5], "texture": "#1"},
				"west": {"uv": [4.6, 0, 9.2, 0.5], "texture": "#1"},
				"up": {"uv": [9.2, 0.2, 13.8, 0.4], "rotation": 270, "texture": "#1"},
				"down": {"uv": [9.2, 0.2, 13.8, 0.4], "rotation": 90, "texture": "#1"}
			}
		},
		{
			"from": [10.04101, 18.18879, 6.25105],
			"to": [10.24101, 18.68879, 10.85105],
			"rotation": {"angle": 45, "axis": "x", "origin": [9.05709, 19.0459, 9.00358]},
			"faces": {
				"north": {"uv": [0.2, 0, 0.4, 0.5], "texture": "#1"},
				"east": {"uv": [4.6, 0, 9.2, 0.5], "texture": "#1"},
				"south": {"uv": [0.2, 0, 0.4, 0.5], "texture": "#1"},
				"west": {"uv": [4.6, 0, 9.2, 0.5], "texture": "#1"},
				"up": {"uv": [9.2, 0.2, 13.8, 0.4], "rotation": 270, "texture": "#1"},
				"down": {"uv": [9.2, 0.2, 13.8, 0.4], "rotation": 90, "texture": "#1"}
			}
		},
		{
			"from": [5.8, 26.68732, 6.03177],
			"to": [6, 27.18732, 10.63177],
			"rotation": {"angle": -22.5, "axis": "x", "origin": [6.94291, 26.5459, 6.99642]},
			"faces": {
				"north": {"uv": [0.2, 0, 0.4, 0.5], "texture": "#1"},
				"east": {"uv": [4.6, 0, 9.2, 0.5], "texture": "#1"},
				"south": {"uv": [0.2, 0, 0.4, 0.5], "texture": "#1"},
				"west": {"uv": [4.6, 0, 9.2, 0.5], "texture": "#1"},
				"up": {"uv": [0, 0.2, 4.6, 0.4], "rotation": 90, "texture": "#1"},
				"down": {"uv": [0, 0.2, 4.6, 0.4], "rotation": 270, "texture": "#1"}
			}
		},
		{
			"from": [5.94038, 25.88879, 5.8125],
			"to": [10.54038, 26.38879, 6.0125],
			"rotation": {"angle": -22.5, "axis": "z", "origin": [6.94291, 26.5459, 6.99642]},
			"faces": {
				"north": {"uv": [4.6, 0, 9.2, 0.5], "texture": "#1"},
				"east": {"uv": [0.2, 0, 0.4, 0.5], "texture": "#1"},
				"south": {"uv": [4.6, 0, 9.2, 0.5], "texture": "#1"},
				"west": {"uv": [0.2, 0, 0.4, 0.5], "texture": "#1"},
				"up": {"uv": [4.6, 0, 9.2, 0.2], "texture": "#1"},
				"down": {"uv": [4.6, 0, 9.2, 0.2], "texture": "#1"}
			}
		},
		{
			"from": [5.8, 19.68732, 6.03177],
			"to": [6, 20.18732, 10.63177],
			"rotation": {"angle": -22.5, "axis": "x", "origin": [6.94291, 19.5459, 6.99642]},
			"faces": {
				"north": {"uv": [0.2, 0, 0.4, 0.5], "texture": "#1"},
				"east": {"uv": [4.6, 0, 9.2, 0.5], "texture": "#1"},
				"south": {"uv": [0.2, 0, 0.4, 0.5], "texture": "#1"},
				"west": {"uv": [4.6, 0, 9.2, 0.5], "texture": "#1"},
				"up": {"uv": [0, 0.2, 4.6, 0.4], "rotation": 90, "texture": "#1"},
				"down": {"uv": [0, 0.2, 4.6, 0.4], "rotation": 270, "texture": "#1"}
			}
		},
		{
			"from": [5.94038, 18.88879, 5.8125],
			"to": [10.54038, 19.38879, 6.0125],
			"rotation": {"angle": -22.5, "axis": "z", "origin": [6.94291, 19.5459, 6.99642]},
			"faces": {
				"north": {"uv": [4.6, 0, 9.2, 0.5], "texture": "#1"},
				"east": {"uv": [0.2, 0, 0.4, 0.5], "texture": "#1"},
				"south": {"uv": [4.6, 0, 9.2, 0.5], "texture": "#1"},
				"west": {"uv": [0.2, 0, 0.4, 0.5], "texture": "#1"},
				"up": {"uv": [4.6, 0, 9.2, 0.2], "texture": "#1"},
				"down": {"uv": [4.6, 0, 9.2, 0.2], "texture": "#1"}
			}
		},
		{
			"from": [10, 23.18732, 5.36823],
			"to": [10.2, 23.68732, 9.96823],
			"rotation": {"angle": 22.5, "axis": "x", "origin": [9.05709, 23.0459, 9.00358]},
			"faces": {
				"north": {"uv": [0.2, 0, 0.4, 0.5], "texture": "#1"},
				"east": {"uv": [4.6, 0, 9.2, 0.5], "texture": "#1"},
				"south": {"uv": [0.2, 0, 0.4, 0.5], "texture": "#1"},
				"west": {"uv": [4.6, 0, 9.2, 0.5], "texture": "#1"},
				"up": {"uv": [4.6, 0.4, 9.2, 0.6], "rotation": 90, "texture": "#1"},
				"down": {"uv": [4.6, 0.4, 9.2, 0.6], "rotation": 270, "texture": "#1"}
			}
		},
		{
			"from": [5.45962, 22.38879, 9.9875],
			"to": [10.05962, 22.88879, 10.1875],
			"rotation": {"angle": 22.5, "axis": "z", "origin": [9.05709, 23.0459, 9.00358]},
			"faces": {
				"north": {"uv": [4.6, 0, 9.2, 0.5], "texture": "#1"},
				"east": {"uv": [0.2, 0, 0.4, 0.5], "texture": "#1"},
				"south": {"uv": [4.6, 0, 9.2, 0.5], "texture": "#1"},
				"west": {"uv": [0.2, 0, 0.4, 0.5], "texture": "#1"},
				"up": {"uv": [9.2, 0.2, 13.8, 0.4], "texture": "#1"},
				"down": {"uv": [9.2, 0.2, 13.8, 0.4], "texture": "#1"}
			}
		},
		{
			"from": [7.9642, 21.74843, 9.9875],
			"to": [8.4642, 25.44843, 10.1875],
			"rotation": {"angle": -22.5, "axis": "z", "origin": [9.05709, 23.0459, 9.00358]},
			"faces": {
				"north": {"uv": [4.6, 0, 8.3, 0.5], "rotation": 90, "texture": "#1"},
				"east": {"uv": [9.2, 0.2, 12.9, 0.4], "rotation": 270, "texture": "#1"},
				"south": {"uv": [4.6, 0, 8.3, 0.5], "rotation": 270, "texture": "#1"},
				"west": {"uv": [9.2, 0.2, 12.9, 0.4], "rotation": 270, "texture": "#1"},
				"up": {"uv": [0.2, 0, 0.4, 0.5], "rotation": 270, "texture": "#1"},
				"down": {"uv": [0.2, 0, 0.4, 0.5], "rotation": 270, "texture": "#1"}
			}
		}
	],
	"display": {
		"thirdperson_righthand": {
			"translation": [0, 1.5, 0],
			"scale": [0.8, 0.8, 0.8]
		},
		"thirdperson_lefthand": {
			"translation": [0, 1.5, 0],
			"scale": [0.8, 0.8, 0.8]
		},
		"firstperson_righthand": {
			"rotation": [25, 0, 0]
		},
		"firstperson_lefthand": {
			"rotation": [25, 0, 0]
		},
		"ground": {
			"translation": [0, 3.5, 0],
			"scale": [0.7, 0.7, 0.7]
		},
		"gui": {
			"rotation": [-28, -47, -65],
			"translation": [-2.75, -3, 0],
			"scale": [0.8, 0.8, 0.8]
		},
		"fixed": {
			"rotation": [90, 25, 26],
			"translation": [9.75, 2.5, -36],
			"scale": [2, 2, 2]
		}
	},
	"groups": [
		{
			"name": "bat",
			"origin": [8, 0.5, 8],
			"color": 0,
			"children": [0, 1, 2, 3]
		},
		{
			"name": "group",
			"origin": [9.05709, 17.5459, 6.99642],
			"color": 0,
			"children": [
				{
					"name": "group",
					"origin": [9.05709, 17.5459, 6.99642],
					"color": 0,
					"children": [4, 5, 6, 7, 8, 9, 10, 11, 12, 13, 14, 15, 16]
				},
				{
					"name": "group",
					"origin": [9.05709, 17.5459, 6.99642],
					"color": 0,
					"children": [17, 18, 19, 20, 21, 22, 23, 24, 25, 26, 27, 28, 29, 30, 31, 32, 33, 34, 35, 36]
				},
				{
					"name": "group",
					"origin": [9.05709, 17.5459, 6.99642],
					"color": 0,
					"children": [37, 38, 39, 40, 41, 42, 43]
				}
			]
		}
	]
}