{
	"credit": "Made with Blockbench",
	"textures": {
		"0": "block/mushroom_stem",
		"1": "block/crimson_fungus",
		"particle": "block/mushroom_stem"
	},
	"elements": [
		{
			"from": [6.5, 0, 6.5],
			"to": [9.5, 6, 9.5],
			"rotation": {"angle": 0, "axis": "y", "origin": [-0.5, 0, 0.5]},
			"faces": {
				"north": {"uv": [0, 0, 3, 6], "texture": "#0"},
				"east": {"uv": [0, 0, 3, 6], "texture": "#0"},
				"south": {"uv": [0, 0, 3, 6], "texture": "#0"},
				"west": {"uv": [0, 0, 3, 6], "texture": "#0"},
				"up": {"uv": [0, 0, 3, 3], "texture": "#0"},
				"down": {"uv": [0, 0, 3, 3], "texture": "#0"}
			}
		},
		{
			"from": [9.5, 2, 7.5],
			"to": [10.9, 2.2, 7.7],
			"rotation": {"angle": 0, "axis": "y", "origin": [-0.5, 0, 0.5]},
			"faces": {
				"north": {"uv": [0, 0, 1.4, 0.2], "texture": "#0"},
				"east": {"uv": [0, 0, 0.2, 0.2], "texture": "#0"},
				"south": {"uv": [0, 0, 1.4, 0.2], "texture": "#0"},
				"west": {"uv": [0, 0, 0.2, 0.2], "texture": "#0"},
				"up": {"uv": [0, 0, 1.4, 0.2], "texture": "#0"},
				"down": {"uv": [0, 0, 1.4, 0.2], "texture": "#0"}
			}
		},
		{
			"from": [10.7, 2.175, 7.5],
			"to": [10.9, 2.575, 7.7],
			"rotation": {"angle": 0, "axis": "x", "origin": [10.8, 2.1, 7.2]},
			"faces": {
				"north": {"uv": [0, 0, 0.2, 0.4], "rotation": 180, "texture": "#0"},
				"east": {"uv": [0, 0, 0.4, 0.2], "rotation": 270, "texture": "#0"},
				"south": {"uv": [0, 0, 0.2, 0.4], "texture": "#0"},
				"west": {"uv": [0, 0, 0.4, 0.2], "rotation": 90, "texture": "#0"},
				"up": {"uv": [0, 0, 0.2, 0.2], "rotation": 180, "texture": "#0"},
				"down": {"uv": [0, 0, 0.2, 0.2], "texture": "#0"}
			}
		},
		{
			"from": [10.725, 2.525, 7.5],
			"to": [10.925, 3.125, 7.7],
			"rotation": {"angle": 22.5, "axis": "z", "origin": [10.8, 2.475, 7.6]},
			"faces": {
				"north": {"uv": [0, 0, 0.2, 0.6], "rotation": 180, "texture": "#0"},
				"east": {"uv": [0, 0, 0.6, 0.2], "rotation": 270, "texture": "#0"},
				"south": {"uv": [0, 0, 0.2, 0.6], "texture": "#0"},
				"west": {"uv": [0, 0, 0.6, 0.2], "rotation": 90, "texture": "#0"},
				"up": {"uv": [0, 0, 0.2, 0.2], "rotation": 180, "texture": "#0"},
				"down": {"uv": [0, 0, 0.2, 0.2], "texture": "#0"}
			}
		},
		{
			"from": [10.78916, 2.70792, 7.5],
			"to": [10.98916, 3.30792, 7.7],
			"rotation": {"angle": -45, "axis": "z", "origin": [10.68916, 2.80792, 7.6]},
			"faces": {
				"north": {"uv": [0, 0, 0.2, 0.6], "rotation": 180, "texture": "#0"},
				"east": {"uv": [0, 0, 0.6, 0.2], "rotation": 270, "texture": "#0"},
				"south": {"uv": [0, 0, 0.2, 0.6], "texture": "#0"},
				"west": {"uv": [0, 0, 0.6, 0.2], "rotation": 90, "texture": "#0"},
				"up": {"uv": [0, 0, 0.2, 0.2], "rotation": 180, "texture": "#0"},
				"down": {"uv": [0, 0, 0.2, 0.2], "texture": "#0"}
			}
		},
		{
			"from": [4.57286, 2.42296, 7.5],
			"to": [5.17286, 2.62296, 7.7],
			"rotation": {"angle": -45, "axis": "z", "origin": [4.97286, 2.62296, 7.6]},
			"faces": {
				"north": {"uv": [0.2, 0, 0.4, 0.6], "rotation": 270, "texture": "#0"},
				"east": {"uv": [0.2, 0, 0.4, 0.2], "rotation": 270, "texture": "#0"},
				"south": {"uv": [0.2, 0, 0.4, 0.6], "rotation": 270, "texture": "#0"},
				"west": {"uv": [0.2, 0, 0.4, 0.2], "rotation": 90, "texture": "#0"},
				"up": {"uv": [0, 0.2, 0.6, 0.4], "texture": "#0"},
				"down": {"uv": [0, 0.2, 0.6, 0.4], "rotation": 180, "texture": "#0"}
			}
		},
		{
			"from": [5.00351, 2.37708, 7.5],
			"to": [5.20351, 2.97708, 7.7],
			"rotation": {"angle": -22.5, "axis": "z", "origin": [4.97286, 2.62296, 7.6]},
			"faces": {
				"north": {"uv": [0.2, 0, 0.4, 0.6], "rotation": 180, "texture": "#0"},
				"east": {"uv": [0, 0.2, 0.6, 0.4], "rotation": 90, "texture": "#0"},
				"south": {"uv": [0.2, 0, 0.4, 0.6], "texture": "#0"},
				"west": {"uv": [0, 0.2, 0.6, 0.4], "rotation": 270, "texture": "#0"},
				"up": {"uv": [0.2, 0, 0.4, 0.2], "rotation": 180, "texture": "#0"},
				"down": {"uv": [0.2, 0, 0.4, 0.2], "texture": "#0"}
			}
		},
		{
			"from": [4.95, 2.075, 7.5],
			"to": [5.15, 2.475, 7.7],
			"rotation": {"angle": 22.5, "axis": "z", "origin": [5.18471, 2.42271, 7.6]},
			"faces": {
				"north": {"uv": [0.2, 0, 0.4, 0.4], "rotation": 180, "texture": "#0"},
				"east": {"uv": [0, 0.2, 0.4, 0.4], "rotation": 90, "texture": "#0"},
				"south": {"uv": [0.2, 0, 0.4, 0.4], "texture": "#0"},
				"west": {"uv": [0, 0.2, 0.4, 0.4], "rotation": 270, "texture": "#0"},
				"up": {"uv": [0.2, 0, 0.4, 0.2], "rotation": 180, "texture": "#0"},
				"down": {"uv": [0.2, 0, 0.4, 0.2], "texture": "#0"}
			}
		},
		{
			"from": [5.1, 2, 7.5],
			"to": [6.5, 2.2, 7.7],
			"rotation": {"angle": 0, "axis": "x", "origin": [5.33471, 2.52271, 7.6]},
			"faces": {
				"north": {"uv": [1.4, 0, 2.8, 0.2], "texture": "#0"},
				"east": {"uv": [0.2, 0, 0.4, 0.2], "texture": "#0"},
				"south": {"uv": [1.4, 0, 2.8, 0.2], "texture": "#0"},
				"west": {"uv": [0.2, 0, 0.4, 0.2], "texture": "#0"},
				"up": {"uv": [1.4, 0, 2.8, 0.2], "texture": "#0"},
				"down": {"uv": [1.4, 0, 2.8, 0.2], "texture": "#0"}
			}
		},
		{
			"from": [5, 7.025, 5],
			"to": [11, 9.025, 11],
			"rotation": {"angle": 0, "axis": "y", "origin": [8, 8, 8]},
			"faces": {
				"north": {"uv": [3, 8, 9, 10], "texture": "#1"},
				"east": {"uv": [5, 6, 11, 8], "texture": "#1"},
				"south": {"uv": [4, 9, 10, 11], "texture": "#1"},
				"west": {"uv": [4, 8, 10, 10], "texture": "#1"},
				"up": {"uv": [5, 5, 11, 11], "rotation": 270, "texture": "#1"},
				"down": {"uv": [5, 5, 11, 11], "rotation": 90, "texture": "#1"}
			}
		},
		{
			"from": [4, 5.025, 4],
			"to": [12, 7.025, 12],
			"rotation": {"angle": 0, "axis": "z", "origin": [8, 8, 8]},
			"faces": {
				"north": {"uv": [6, 8, 12, 10], "texture": "#1"},
				"east": {"uv": [3, 8, 11, 10], "texture": "#1"},
				"south": {"uv": [4, 9, 12, 11], "texture": "#1"},
				"west": {"uv": [5, 8, 13, 10], "texture": "#1"},
				"up": {"uv": [5, 5, 11, 11], "rotation": 180, "texture": "#1"},
				"down": {"uv": [5, 5, 11, 11], "texture": "#1"}
			}
		},
		{
			"from": [6.9, 3, 6.3625],
			"to": [7.7, 4.6, 6.5625],
			"faces": {
				"north": {"uv": [8.125, 6.15, 8.925, 7.75], "texture": "#1"},
				"east": {"uv": [8.125, 6.15, 8.125, 7.75], "texture": "#1"},
				"south": {"uv": [8.125, 6.15, 8.925, 7.75], "texture": "#1"},
				"west": {"uv": [8.125, 6.15, 8.125, 7.75], "texture": "#1"},
				"up": {"uv": [8.125, 6.15, 8.925, 6.15], "texture": "#1"},
				"down": {"uv": [8.125, 6.15, 8.925, 6.15], "texture": "#1"}
			}
		},
		{
			"from": [7.15, 1.825, 6.3625],
			"to": [8.75, 2.025, 6.5625],
			"faces": {
				"north": {"uv": [8.125, 4.15, 8.925, 5.75], "texture": "#1"},
				"east": {"uv": [6.125, 8.15, 6.125, 9.75], "texture": "#1"},
				"south": {"uv": [7.125, 6.15, 7.925, 7.75], "texture": "#1"},
				"west": {"uv": [6.125, 8.15, 6.125, 9.75], "texture": "#1"},
				"up": {"uv": [6.125, 8.15, 6.925, 8.15], "texture": "#1"},
				"down": {"uv": [6.125, 8.15, 6.925, 8.15], "texture": "#1"}
			}
		},
		{
			"from": [8.575, 1.65, 6.3625],
			"to": [9.175, 1.85, 6.5625],
			"rotation": {"angle": 45, "axis": "z", "origin": [8.45, 1.925, 6.4625]},
			"faces": {
				"north": {"uv": [8.125, 4.15, 8.925, 5.75], "texture": "#1"},
				"east": {"uv": [6.125, 8.15, 6.125, 9.75], "texture": "#1"},
				"south": {"uv": [7.125, 6.15, 7.925, 7.75], "texture": "#1"},
				"west": {"uv": [6.125, 8.15, 6.125, 9.75], "texture": "#1"},
				"up": {"uv": [6.125, 8.15, 6.925, 8.15], "texture": "#1"},
				"down": {"uv": [6.125, 8.15, 6.925, 8.15], "texture": "#1"}
			}
		},
		{
			"from": [6.75, 1.575, 6.3625],
			"to": [7.35, 1.775, 6.5625],
			"rotation": {"angle": -45, "axis": "z", "origin": [7.55, 1.925, 6.4625]},
			"faces": {
				"north": {"uv": [8.925, 4.15, 8.125, 5.75], "texture": "#1"},
				"east": {"uv": [6.125, 8.15, 6.125, 9.75], "texture": "#1"},
				"south": {"uv": [7.925, 6.15, 7.125, 7.75], "texture": "#1"},
				"west": {"uv": [6.125, 8.15, 6.125, 9.75], "texture": "#1"},
				"up": {"uv": [6.925, 8.15, 6.125, 8.15], "texture": "#1"},
				"down": {"uv": [6.925, 8.15, 6.125, 8.15], "texture": "#1"}
			}
		},
		{
			"from": [7.025, 3.75, 6.3125],
			"to": [7.225, 4.35, 6.5125],
			"faces": {
				"north": {"uv": [9.125, 6.15, 9.925, 6.75], "texture": "#1"},
				"east": {"uv": [9.125, 7.15, 9.125, 7.75], "texture": "#1"},
				"south": {"uv": [9.125, 7.15, 9.925, 7.75], "texture": "#1"},
				"west": {"uv": [9.125, 7.15, 9.125, 7.75], "texture": "#1"},
				"up": {"uv": [9.125, 7.15, 9.925, 6.15], "texture": "#1"},
				"down": {"uv": [9.125, 6.65, 9.925, 6.15], "texture": "#1"}
			}
		},
		{
			"from": [8.3, 3, 6.3625],
			"to": [9.1, 4.6, 6.5625],
			"rotation": {"angle": 0, "axis": "y", "origin": [16, 0, 0]},
			"faces": {
				"north": {"uv": [8.925, 6.15, 8.125, 7.75], "texture": "#1"},
				"east": {"uv": [8.125, 6.15, 8.125, 7.75], "texture": "#1"},
				"south": {"uv": [8.925, 6.15, 8.125, 7.75], "texture": "#1"},
				"west": {"uv": [8.125, 6.15, 8.125, 7.75], "texture": "#1"},
				"up": {"uv": [8.925, 6.15, 8.125, 6.15], "texture": "#1"},
				"down": {"uv": [8.925, 6.15, 8.125, 6.15], "texture": "#1"}
			}
		},
		{
			"from": [8.425, 3.75, 6.3125],
			"to": [8.625, 4.35, 6.5125],
			"rotation": {"angle": 0, "axis": "y", "origin": [16, 0, 0]},
			"faces": {
				"north": {"uv": [9.925, 6.15, 9.125, 6.75], "texture": "#1"},
				"east": {"uv": [9.125, 7.15, 9.125, 7.75], "texture": "#1"},
				"south": {"uv": [9.925, 7.15, 9.125, 7.75], "texture": "#1"},
				"west": {"uv": [9.125, 7.15, 9.125, 7.75], "texture": "#1"},
				"up": {"uv": [9.925, 7.15, 9.125, 6.15], "texture": "#1"},
				"down": {"uv": [9.925, 6.65, 9.125, 6.15], "texture": "#1"}
			}
		}
	],
	"display": {
		"thirdperson_righthand": {
			"translation": [0, 5.5, 1.75],
			"scale": [0.7, 0.7, 0.7]
		},
		"thirdperson_lefthand": {
			"translation": [0, 5.5, 1.75],
			"scale": [0.7, 0.7, 0.7]
		},
		"firstperson_righthand": {
			"rotation": [-60, 135, 25],
			"translation": [0, 6, 0],
			"scale": [0.75, 0.75, 0.75]
		},
		"firstperson_lefthand": {
			"rotation": [-60, 135, 25],
			"translation": [0, 6, 0],
			"scale": [0.75, 0.75, 0.75]
		},
		"ground": {
			"translation": [0, 3, 0],
			"scale": [0.8, 0.8, 0.8]
		},
		"gui": {
			"rotation": [15, 135, 0],
			"translation": [0, 3.5, 0],
			"scale": [1.2, 1.2, 1.2]
		},
		"fixed": {
			"rotation": [-90, 0, 0],
			"translation": [0, 0.25, -16],
			"scale": [2, 2, 2]
		}
	},
	"groups": [
		{
			"name": "stem",
			"origin": [0, 0, 0],
			"color": 0,
			"children": [
				0,
				1,
				2,
				3,
				4,
				{
					"name": "group",
					"origin": [16.5, 0, 0.5],
					"color": 0,
					"children": [5, 6, 7, 8]
				}
			]
		},
		{
			"name": "mushroom",
			"origin": [0, 0, 0],
			"color": 0,
			"children": [9, 10]
		},
		11,
		12,
		13,
		14,
		15,
		16,
		17
	]
}