{
	"credit": "Made with Blockbench",
	"textures": {
		"0": "block/copper_block",
		"1": "block/white_stained_glass",
		"2": "block/sponge",
		"3": "block/black_concrete",
		"particle": "block/copper_block"
	},
	"elements": [
		{
			"from": [7, 5, 7],
			"to": [9, 9, 9],
			"rotation": {"angle": 0, "axis": "y", "origin": [8, 8, 8]},
			"faces": {
				"north": {"uv": [0, 0, 2, 4], "texture": "#0"},
				"east": {"uv": [0, 0, 2, 4], "texture": "#0"},
				"south": {"uv": [0, 0, 2, 4], "texture": "#0"},
				"west": {"uv": [0, 0, 2, 4], "texture": "#0"},
				"up": {"uv": [0, 0, 2, 2], "texture": "#0"},
				"down": {"uv": [0, 0, 2, 2], "texture": "#0"}
			}
		},
		{
			"from": [7.75, 6.4, 7],
			"to": [9.25, 7.9, 7],
			"rotation": {"angle": 22.5, "axis": "y", "origin": [7.75, 5.75, 7]},
			"faces": {
				"north": {"uv": [0, 0, 1.5, 1.5], "texture": "#0"},
				"east": {"uv": [0, 0, 0, 1.5], "texture": "#0"},
				"south": {"uv": [0, 0, 1.5, 1.5], "texture": "#0"},
				"west": {"uv": [0, 0, 0, 1.5], "texture": "#0"},
				"up": {"uv": [0, 0, 1.5, 0], "texture": "#0"},
				"down": {"uv": [0, 0, 1.5, 0], "texture": "#0"}
			}
		},
		{
			"from": [7.75, 6.65, 7.025],
			"to": [9.75, 7.65, 7.025],
			"rotation": {"angle": 22.5, "axis": "y", "origin": [7.75, 5.75, 7]},
			"faces": {
				"north": {"uv": [8, 5, 10, 6], "texture": "#1"},
				"east": {"uv": [8, 5, 8, 6], "texture": "#1"},
				"south": {"uv": [8, 5, 10, 6], "texture": "#1"},
				"west": {"uv": [8, 5, 8, 6], "texture": "#1"},
				"up": {"uv": [8, 5, 10, 5], "texture": "#1"},
				"down": {"uv": [8, 5, 10, 5], "texture": "#1"}
			}
		},
		{
			"from": [7.75, 6.4, 9],
			"to": [9.25, 7.9, 9],
			"rotation": {"angle": -22.5, "axis": "y", "origin": [7.75, 5.75, 9]},
			"faces": {
				"north": {"uv": [1.5, 0, 0, 1.5], "texture": "#0"},
				"east": {"uv": [0, 0, 0, 1.5], "texture": "#0"},
				"south": {"uv": [1.5, 0, 0, 1.5], "texture": "#0"},
				"west": {"uv": [0, 0, 0, 1.5], "texture": "#0"},
				"up": {"uv": [0, 0, 1.5, 0], "texture": "#0"},
				"down": {"uv": [0, 0, 1.5, 0], "texture": "#0"}
			}
		},
		{
			"from": [7.75, 6.65, 8.975],
			"to": [9.75, 7.65, 8.975],
			"rotation": {"angle": -22.5, "axis": "y", "origin": [7.75, 5.75, 9]},
			"faces": {
				"north": {"uv": [10, 5, 8, 6], "texture": "#1"},
				"east": {"uv": [8, 5, 8, 6], "texture": "#1"},
				"south": {"uv": [10, 5, 8, 6], "texture": "#1"},
				"west": {"uv": [8, 5, 8, 6], "texture": "#1"},
				"up": {"uv": [8, 5, 10, 5], "texture": "#1"},
				"down": {"uv": [8, 5, 10, 5], "texture": "#1"}
			}
		},
		{
			"from": [5.75, 9, 6.75],
			"to": [8.75, 11, 9.25],
			"rotation": {"angle": 0, "axis": "y", "origin": [8, 8, 8]},
			"faces": {
				"north": {"uv": [0, 0, 3, 2], "texture": "#0"},
				"east": {"uv": [0, 0, 2.5, 2], "texture": "#0"},
				"south": {"uv": [0, 0, 3, 2], "texture": "#0"},
				"west": {"uv": [0, 0, 2.5, 2], "texture": "#0"},
				"up": {"uv": [0, 0, 3, 2.5], "texture": "#0"},
				"down": {"uv": [0, 0, 3, 2.5], "texture": "#0"}
			}
		},
		{
			"from": [4.25, 9.25, 7.75],
			"to": [5.75, 9.75, 8.25],
			"rotation": {"angle": 0, "axis": "y", "origin": [8, 8, 8]},
			"faces": {
				"north": {"uv": [0, 0, 1.5, 0.5], "texture": "#0"},
				"east": {"uv": [0, 0, 0.5, 0.5], "texture": "#0"},
				"south": {"uv": [0, 0, 1.5, 0.5], "texture": "#0"},
				"west": {"uv": [0, 0, 0.5, 0.5], "texture": "#0"},
				"up": {"uv": [0, 0, 1.5, 0.5], "texture": "#0"},
				"down": {"uv": [0, 0, 1.5, 0.5], "texture": "#0"}
			}
		},
		{
			"from": [6.375, 11, 7.875],
			"to": [6.625, 12, 8.125],
			"rotation": {"angle": 0, "axis": "y", "origin": [8, 8, 8]},
			"faces": {
				"north": {"uv": [0, 0, 0.25, 1], "texture": "#0"},
				"east": {"uv": [0, 0, 0.25, 1], "texture": "#0"},
				"south": {"uv": [0, 0, 0.25, 1], "texture": "#0"},
				"west": {"uv": [0, 0, 0.25, 1], "texture": "#0"},
				"up": {"uv": [0, 0, 0.25, 0.25], "texture": "#0"},
				"down": {"uv": [0, 0, 0.25, 0.25], "texture": "#0"}
			}
		},
		{
			"from": [7.625, 11, 7.875],
			"to": [7.875, 12, 8.125],
			"rotation": {"angle": 0, "axis": "y", "origin": [8, 8, 8]},
			"faces": {
				"north": {"uv": [0, 0, 0.25, 1], "texture": "#0"},
				"east": {"uv": [0, 0, 0.25, 1], "texture": "#0"},
				"south": {"uv": [0, 0, 0.25, 1], "texture": "#0"},
				"west": {"uv": [0, 0, 0.25, 1], "texture": "#0"},
				"up": {"uv": [0, 0, 0.25, 0.25], "texture": "#0"},
				"down": {"uv": [0, 0, 0.25, 0.25], "texture": "#0"}
			}
		},
		{
			"from": [8.75, 9.875, 7.875],
			"to": [9.75, 10.125, 8.125],
			"rotation": {"angle": 0, "axis": "z", "origin": [8, 8, 8]},
			"faces": {
				"north": {"uv": [0, 0, 0.25, 1], "rotation": 270, "texture": "#0"},
				"east": {"uv": [0, 0, 0.25, 0.25], "rotation": 90, "texture": "#0"},
				"south": {"uv": [0, 0, 0.25, 1], "rotation": 90, "texture": "#0"},
				"west": {"uv": [0, 0, 0.25, 0.25], "rotation": 90, "texture": "#0"},
				"up": {"uv": [0, 0, 0.25, 1], "rotation": 90, "texture": "#0"},
				"down": {"uv": [0, 0, 0.25, 1], "rotation": 90, "texture": "#0"}
			}
		},
		{
			"from": [9, 8.375, 7.875],
			"to": [10, 8.625, 8.125],
			"rotation": {"angle": 0, "axis": "z", "origin": [8, 8, 8]},
			"faces": {
				"north": {"uv": [0, 0, 0.25, 1], "rotation": 270, "texture": "#0"},
				"east": {"uv": [0, 0, 0.25, 0.25], "rotation": 90, "texture": "#0"},
				"south": {"uv": [0, 0, 0.25, 1], "rotation": 90, "texture": "#0"},
				"west": {"uv": [0, 0, 0.25, 0.25], "rotation": 90, "texture": "#0"},
				"up": {"uv": [0, 0, 0.25, 1], "rotation": 90, "texture": "#0"},
				"down": {"uv": [0, 0, 0.25, 1], "rotation": 90, "texture": "#0"}
			}
		},
		{
			"from": [9, 7.125, 7.875],
			"to": [10, 7.375, 8.125],
			"rotation": {"angle": 0, "axis": "z", "origin": [8, 8, 8]},
			"faces": {
				"north": {"uv": [0, 0, 0.25, 1], "rotation": 270, "texture": "#0"},
				"east": {"uv": [0, 0, 0.25, 0.25], "rotation": 90, "texture": "#0"},
				"south": {"uv": [0, 0, 0.25, 1], "rotation": 90, "texture": "#0"},
				"west": {"uv": [0, 0, 0.25, 0.25], "rotation": 90, "texture": "#0"},
				"up": {"uv": [0, 0, 0.25, 1], "rotation": 90, "texture": "#0"},
				"down": {"uv": [0, 0, 0.25, 1], "rotation": 90, "texture": "#0"}
			}
		},
		{
			"from": [8.875, 5.875, 7.875],
			"to": [9.875, 6.125, 8.125],
			"rotation": {"angle": 0, "axis": "z", "origin": [8, 8, 8]},
			"faces": {
				"north": {"uv": [0, 0, 0.25, 1], "rotation": 270, "texture": "#0"},
				"east": {"uv": [0, 0, 0.25, 0.25], "rotation": 90, "texture": "#0"},
				"south": {"uv": [0, 0, 0.25, 1], "rotation": 90, "texture": "#0"},
				"west": {"uv": [0, 0, 0.25, 0.25], "rotation": 90, "texture": "#0"},
				"up": {"uv": [0, 0, 0.25, 1], "rotation": 90, "texture": "#0"},
				"down": {"uv": [0, 0, 0.25, 1], "rotation": 90, "texture": "#0"}
			}
		},
		{
			"from": [8.5, 4.625, 7.875],
			"to": [9.5, 4.875, 8.125],
			"rotation": {"angle": -22.5, "axis": "z", "origin": [9, 4.75, 8]},
			"faces": {
				"north": {"uv": [0, 0, 0.25, 1], "rotation": 270, "texture": "#0"},
				"east": {"uv": [0, 0, 0.25, 0.25], "rotation": 90, "texture": "#0"},
				"south": {"uv": [0, 0, 0.25, 1], "rotation": 90, "texture": "#0"},
				"west": {"uv": [0, 0, 0.25, 0.25], "rotation": 90, "texture": "#0"},
				"up": {"uv": [0, 0, 0.25, 1], "rotation": 90, "texture": "#0"},
				"down": {"uv": [0, 0, 0.25, 1], "rotation": 90, "texture": "#0"}
			}
		},
		{
			"from": [8.5, 3.625, 7.875],
			"to": [9.5, 3.875, 8.125],
			"rotation": {"angle": -45, "axis": "z", "origin": [9, 4.75, 8]},
			"faces": {
				"north": {"uv": [0, 0, 0.25, 1], "rotation": 270, "texture": "#0"},
				"east": {"uv": [0, 0, 0.25, 0.25], "rotation": 90, "texture": "#0"},
				"south": {"uv": [0, 0, 0.25, 1], "rotation": 90, "texture": "#0"},
				"west": {"uv": [0, 0, 0.25, 0.25], "rotation": 90, "texture": "#0"},
				"up": {"uv": [0, 0, 0.25, 1], "rotation": 90, "texture": "#0"},
				"down": {"uv": [0, 0, 0.25, 1], "rotation": 90, "texture": "#0"}
			}
		},
		{
			"from": [6.3, 10.275, 7.875],
			"to": [6.55, 11.275, 8.125],
			"rotation": {"angle": -45, "axis": "z", "origin": [8, 8, 8]},
			"faces": {
				"north": {"uv": [0, 0, 0.25, 1], "texture": "#0"},
				"east": {"uv": [0, 0, 0.25, 1], "texture": "#0"},
				"south": {"uv": [0, 0, 0.25, 1], "texture": "#0"},
				"west": {"uv": [0, 0, 0.25, 1], "texture": "#0"},
				"up": {"uv": [0, 0, 0.25, 0.25], "texture": "#0"},
				"down": {"uv": [0, 0, 0.25, 0.25], "texture": "#0"}
			}
		},
		{
			"from": [7.125, 4.75, 7],
			"to": [8.625, 5, 9],
			"rotation": {"angle": 0, "axis": "y", "origin": [8, 8, 8]},
			"faces": {
				"north": {"uv": [0, 0, 1.5, 0.25], "texture": "#0"},
				"east": {"uv": [0, 0, 2, 0.25], "texture": "#0"},
				"south": {"uv": [0, 0, 1.5, 0.25], "texture": "#0"},
				"west": {"uv": [0, 0, 2, 0.25], "texture": "#0"},
				"up": {"uv": [0, 0, 1.5, 2], "texture": "#0"},
				"down": {"uv": [0, 0, 1.5, 2], "texture": "#0"}
			}
		},
		{
			"from": [7.125, 4.5, 7.25],
			"to": [8.625, 4.75, 8.75],
			"rotation": {"angle": 0, "axis": "y", "origin": [8, 8, 8]},
			"faces": {
				"north": {"uv": [0, 0, 1.5, 0.25], "texture": "#0"},
				"east": {"uv": [0, 0, 1.5, 0.25], "texture": "#0"},
				"south": {"uv": [0, 0, 1.5, 0.25], "texture": "#0"},
				"west": {"uv": [0, 0, 1.5, 0.25], "texture": "#0"},
				"up": {"uv": [0, 0, 1.5, 1.5], "texture": "#0"},
				"down": {"uv": [0, 0, 1.5, 1.5], "texture": "#0"}
			}
		},
		{
			"from": [7.375, 4.25, 7.25],
			"to": [8.375, 4.5, 8.75],
			"rotation": {"angle": 0, "axis": "y", "origin": [8, 8, 8]},
			"faces": {
				"north": {"uv": [0, 0, 1, 0.25], "texture": "#0"},
				"east": {"uv": [0, 0, 1.5, 0.25], "texture": "#0"},
				"south": {"uv": [0, 0, 1, 0.25], "texture": "#0"},
				"west": {"uv": [0, 0, 1.5, 0.25], "texture": "#0"},
				"up": {"uv": [0, 0, 1, 1.5], "texture": "#0"},
				"down": {"uv": [0, 0, 1, 1.5], "texture": "#0"}
			}
		},
		{
			"from": [7.125, 4, 7.5],
			"to": [8.375, 4.25, 8.5],
			"rotation": {"angle": 0, "axis": "y", "origin": [8, 8, 8]},
			"faces": {
				"north": {"uv": [0, 0, 1.25, 0.25], "texture": "#0"},
				"east": {"uv": [0, 0, 1, 0.25], "texture": "#0"},
				"south": {"uv": [0, 0, 1.25, 0.25], "texture": "#0"},
				"west": {"uv": [0, 0, 1, 0.25], "texture": "#0"},
				"up": {"uv": [0, 0, 1.25, 1], "texture": "#0"},
				"down": {"uv": [0, 0, 1.25, 1], "texture": "#0"}
			}
		},
		{
			"from": [6.125, 3.75, 7.5],
			"to": [8.125, 4, 8.5],
			"rotation": {"angle": 0, "axis": "y", "origin": [8, 8, 8]},
			"faces": {
				"north": {"uv": [0, 0, 2, 0.25], "texture": "#0"},
				"east": {"uv": [0, 0, 1, 0.25], "texture": "#0"},
				"south": {"uv": [0, 0, 2, 0.25], "texture": "#0"},
				"west": {"uv": [0, 0, 1, 0.25], "texture": "#0"},
				"up": {"uv": [0, 0, 2, 1], "texture": "#0"},
				"down": {"uv": [0, 0, 2, 1], "texture": "#0"}
			}
		},
		{
			"from": [5.875, 4, 7.75],
			"to": [6.625, 4.25, 8.25],
			"rotation": {"angle": 0, "axis": "y", "origin": [8, 8, 8]},
			"faces": {
				"north": {"uv": [0, 0, 0.75, 0.25], "texture": "#0"},
				"east": {"uv": [0, 0, 0.5, 0.25], "texture": "#0"},
				"south": {"uv": [0, 0, 0.75, 0.25], "texture": "#0"},
				"west": {"uv": [0, 0, 0.5, 0.25], "texture": "#0"},
				"up": {"uv": [0, 0, 0.75, 0.5], "texture": "#0"},
				"down": {"uv": [0, 0, 0.75, 0.5], "texture": "#0"}
			}
		},
		{
			"from": [5.85, 4.25, 7.75],
			"to": [6.35, 4.5, 8.25],
			"rotation": {"angle": 0, "axis": "y", "origin": [8, 8, 8]},
			"faces": {
				"north": {"uv": [0, 0, 0.5, 0.25], "texture": "#0"},
				"east": {"uv": [0, 0, 0.5, 0.25], "texture": "#0"},
				"south": {"uv": [0, 0, 0.5, 0.25], "texture": "#0"},
				"west": {"uv": [0, 0, 0.5, 0.25], "texture": "#0"},
				"up": {"uv": [0, 0, 0.5, 0.5], "texture": "#0"},
				"down": {"uv": [0, 0, 0.5, 0.5], "texture": "#0"}
			}
		},
		{
			"from": [5.8, 4.5, 7.875],
			"to": [6.05, 4.75, 8.125],
			"rotation": {"angle": 0, "axis": "y", "origin": [8, 8, 8]},
			"faces": {
				"north": {"uv": [0, 0, 0.25, 0.25], "texture": "#0"},
				"east": {"uv": [0, 0, 0.25, 0.25], "texture": "#0"},
				"south": {"uv": [0, 0, 0.25, 0.25], "texture": "#0"},
				"west": {"uv": [0, 0, 0.25, 0.25], "texture": "#0"},
				"up": {"uv": [0, 0, 0.25, 0.25], "texture": "#0"},
				"down": {"uv": [0, 0, 0.25, 0.25], "texture": "#0"}
			}
		},
		{
			"from": [6.625, 3.5, 7.75],
			"to": [7.625, 3.75, 8.25],
			"rotation": {"angle": 0, "axis": "y", "origin": [8, 8, 8]},
			"faces": {
				"north": {"uv": [0, 0, 1, 0.25], "texture": "#0"},
				"east": {"uv": [0, 0, 0.5, 0.25], "texture": "#0"},
				"south": {"uv": [0, 0, 1, 0.25], "texture": "#0"},
				"west": {"uv": [0, 0, 0.5, 0.25], "texture": "#0"},
				"up": {"uv": [0, 0, 1, 0.5], "texture": "#0"},
				"down": {"uv": [0, 0, 1, 0.5], "texture": "#0"}
			}
		},
		{
			"from": [8.675, 5.875, 8],
			"to": [9.675, 8.375, 8],
			"rotation": {"angle": 0, "axis": "z", "origin": [8, 8, 8]},
			"faces": {
				"north": {"uv": [8, 6, 11, 7], "rotation": 270, "texture": "#1"},
				"east": {"uv": [8, 6, 11, 6], "rotation": 90, "texture": "#1"},
				"south": {"uv": [8, 6, 11, 7], "rotation": 90, "texture": "#1"},
				"west": {"uv": [8, 6, 11, 6], "rotation": 90, "texture": "#1"},
				"up": {"uv": [8, 6, 8, 7], "rotation": 90, "texture": "#1"},
				"down": {"uv": [8, 6, 8, 7], "rotation": 90, "texture": "#1"}
			}
		},
		{
			"from": [8.525, 8.375, 8],
			"to": [9.525, 9.875, 8],
			"rotation": {"angle": 0, "axis": "z", "origin": [8, 8, 8]},
			"faces": {
				"north": {"uv": [8, 6, 11, 7], "rotation": 270, "texture": "#1"},
				"east": {"uv": [8, 6, 11, 6], "rotation": 90, "texture": "#1"},
				"south": {"uv": [8, 6, 11, 7], "rotation": 90, "texture": "#1"},
				"west": {"uv": [8, 6, 11, 6], "rotation": 90, "texture": "#1"},
				"up": {"uv": [8, 6, 8, 7], "rotation": 90, "texture": "#1"},
				"down": {"uv": [8, 6, 8, 7], "rotation": 90, "texture": "#1"}
			}
		},
		{
			"from": [8.825, 9.875, 8],
			"to": [9.825, 10.975, 8],
			"rotation": {"angle": 22.5, "axis": "z", "origin": [9.025, 8.975, 8]},
			"faces": {
				"north": {"uv": [8, 6, 11, 7], "rotation": 270, "texture": "#1"},
				"east": {"uv": [8, 6, 11, 6], "rotation": 90, "texture": "#1"},
				"south": {"uv": [8, 6, 11, 7], "rotation": 90, "texture": "#1"},
				"west": {"uv": [8, 6, 11, 6], "rotation": 90, "texture": "#1"},
				"up": {"uv": [8, 6, 8, 7], "rotation": 90, "texture": "#1"},
				"down": {"uv": [8, 6, 8, 7], "rotation": 90, "texture": "#1"}
			}
		},
		{
			"from": [6.925, 10, 8],
			"to": [8.125, 11, 8],
			"rotation": {"angle": -22.5, "axis": "z", "origin": [9.025, 8.975, 8]},
			"faces": {
				"north": {"uv": [8, 6, 11, 7], "texture": "#1"},
				"east": {"uv": [8, 6, 8, 7], "texture": "#1"},
				"south": {"uv": [8, 6, 11, 7], "texture": "#1"},
				"west": {"uv": [8, 6, 8, 7], "texture": "#1"},
				"up": {"uv": [8, 6, 11, 6], "texture": "#1"},
				"down": {"uv": [8, 6, 11, 6], "texture": "#1"}
			}
		},
		{
			"from": [6.52277, 10.68294, 8],
			"to": [7.72277, 11.68294, 8],
			"rotation": {"angle": 0, "axis": "z", "origin": [8.22277, 10.95794, 8]},
			"faces": {
				"north": {"uv": [8, 6, 11, 7], "texture": "#1"},
				"east": {"uv": [8, 6, 8, 7], "texture": "#1"},
				"south": {"uv": [8, 6, 11, 7], "texture": "#1"},
				"west": {"uv": [8, 6, 8, 7], "texture": "#1"},
				"up": {"uv": [8, 6, 11, 6], "texture": "#1"},
				"down": {"uv": [8, 6, 11, 6], "texture": "#1"}
			}
		},
		{
			"from": [5.99777, 11.23294, 8],
			"to": [6.79777, 12.23294, 8],
			"rotation": {"angle": 22.5, "axis": "z", "origin": [8.22277, 10.95794, 8]},
			"faces": {
				"north": {"uv": [8, 6, 11, 7], "texture": "#1"},
				"east": {"uv": [8, 6, 8, 7], "texture": "#1"},
				"south": {"uv": [8, 6, 11, 7], "texture": "#1"},
				"west": {"uv": [8, 6, 8, 7], "texture": "#1"},
				"up": {"uv": [8, 6, 11, 6], "texture": "#1"},
				"down": {"uv": [8, 6, 11, 6], "texture": "#1"}
			}
		},
		{
			"from": [8.425, 4.875, 8],
			"to": [9.425, 6.075, 8],
			"rotation": {"angle": -22.5, "axis": "z", "origin": [9.175, 5.375, 8]},
			"faces": {
				"north": {"uv": [8, 6, 11, 7], "rotation": 270, "texture": "#1"},
				"east": {"uv": [8, 6, 11, 6], "rotation": 90, "texture": "#1"},
				"south": {"uv": [8, 6, 11, 7], "rotation": 90, "texture": "#1"},
				"west": {"uv": [8, 6, 11, 6], "rotation": 90, "texture": "#1"},
				"up": {"uv": [8, 6, 8, 7], "rotation": 90, "texture": "#1"},
				"down": {"uv": [8, 6, 8, 7], "rotation": 90, "texture": "#1"}
			}
		},
		{
			"from": [8.7, 3.875, 8],
			"to": [9.7, 4.775, 8],
			"rotation": {"angle": -45, "axis": "z", "origin": [9.175, 5.375, 8]},
			"faces": {
				"north": {"uv": [8, 6, 11, 7], "rotation": 270, "texture": "#1"},
				"east": {"uv": [8, 6, 11, 6], "rotation": 90, "texture": "#1"},
				"south": {"uv": [8, 6, 11, 7], "rotation": 90, "texture": "#1"},
				"west": {"uv": [8, 6, 11, 6], "rotation": 90, "texture": "#1"},
				"up": {"uv": [8, 6, 8, 7], "rotation": 90, "texture": "#1"},
				"down": {"uv": [8, 6, 8, 7], "rotation": 90, "texture": "#1"}
			}
		},
		{
			"from": [6.9, 5.25, 7.25],
			"to": [7.15, 8.25, 8.75],
			"faces": {
				"north": {"uv": [0, 0, 2.75, 8], "texture": "#2"},
				"east": {"uv": [0, 0, 4, 8], "texture": "#2"},
				"south": {"uv": [0, 0, 2.75, 8], "texture": "#2"},
				"west": {"uv": [0, 0, 4, 8], "texture": "#2"},
				"up": {"uv": [0, 0, 2.75, 6.5], "texture": "#2"},
				"down": {"uv": [0, 0, 2.75, 6.5], "texture": "#2"}
			}
		},
		{
			"from": [6.5, 9.75, 6.5],
			"to": [6.9, 10.15, 6.9],
			"faces": {
				"north": {"uv": [0, 0, 0.4, 0.4], "texture": "#3"},
				"east": {"uv": [0, 0, 0.4, 0.4], "texture": "#3"},
				"south": {"uv": [0, 0, 0.4, 0.4], "texture": "#3"},
				"west": {"uv": [0, 0, 0.4, 0.4], "texture": "#3"},
				"up": {"uv": [0, 0, 0.4, 0.4], "texture": "#3"},
				"down": {"uv": [0, 0, 0.4, 0.4], "texture": "#3"}
			}
		},
		{
			"from": [6.5, 9.75, 9.1],
			"to": [6.9, 10.15, 9.5],
			"rotation": {"angle": 0, "axis": "y", "origin": [0, 0, 16]},
			"faces": {
				"north": {"uv": [0.4, 0, 0, 0.4], "texture": "#3"},
				"east": {"uv": [0.4, 0, 0, 0.4], "texture": "#3"},
				"south": {"uv": [0.4, 0, 0, 0.4], "texture": "#3"},
				"west": {"uv": [0.4, 0, 0, 0.4], "texture": "#3"},
				"up": {"uv": [0, 0.4, 0.4, 0], "texture": "#3"},
				"down": {"uv": [0, 0.4, 0.4, 0], "texture": "#3"}
			}
		}
	],
	"display": {
		"thirdperson_righthand": {
			"rotation": [0, -90, 0],
			"translation": [0, -1.25, 0]
		},
		"thirdperson_lefthand": {
			"rotation": [0, 90, 0],
			"translation": [0, -1.25, 0]
		},
		"firstperson_righthand": {
			"translation": [2.5, 2.5, 0]
		},
		"firstperson_lefthand": {
			"rotation": [0, -180, 0],
			"translation": [2.25, 2.25, 0]
		},
		"gui": {
			"rotation": [20, 35, 0],
			"translation": [0.75, 0.75, 0],
			"scale": [1.4, 1.4, 1.4]
		},
		"fixed": {
			"rotation": [-90, 41, 23],
			"translation": [0, 0, -14.5],
			"scale": [2, 2, 2]
		}
	},
	"groups": [
		{
			"name": "group",
			"origin": [8, 8, 8],
			"color": 0,
			"nbt": "{}",
			"armAnimationEnabled": false,
			"children": [0, 1, 2, 3, 4, 5, 6, 7, 8, 9, 10, 11, 12, 13, 14, 15, 16, 17, 18, 19, 20, 21, 22, 23, 24]
		},
		{
			"name": "group",
			"origin": [9.175, 5.375, 8],
			"color": 0,
			"nbt": "{}",
			"armAnimationEnabled": false,
			"children": [25, 26, 27, 28, 29, 30, 31, 32]
		},
		33,
		34,
		35
	]
}