{
	"credit": "Made with Blockbench",
	"textures": {
		"0": "block/stripped_dark_oak_log",
		"1": "block/smooth_stone",
		"2": "block/stripped_oak_log",
		"particle": "block/stripped_dark_oak_log"
	},
	"elements": [
		{
			"from": [7, 0, 7],
			"to": [9, 16, 9],
			"rotation": {"angle": 0, "axis": "y", "origin": [0, 0, 3]},
			"faces": {
				"north": {"uv": [0, 0, 2, 16], "texture": "#0"},
				"east": {"uv": [0, 0, 2, 16], "texture": "#0"},
				"south": {"uv": [0, 0, 2, 16], "texture": "#0"},
				"west": {"uv": [0, 0, 2, 16], "texture": "#0"},
				"up": {"uv": [0, 0, 2, 2], "texture": "#0"},
				"down": {"uv": [0, 0, 2, 2], "texture": "#0"}
			}
		},
		{
			"from": [7, 20, 7],
			"to": [9, 21, 9],
			"rotation": {"angle": 0, "axis": "y", "origin": [0, 0, 3]},
			"faces": {
				"north": {"uv": [0, 0, 2, 1], "texture": "#0"},
				"east": {"uv": [0, 0, 2, 1], "texture": "#0"},
				"south": {"uv": [0, 0, 2, 1], "texture": "#0"},
				"west": {"uv": [0, 0, 2, 1], "texture": "#0"},
				"up": {"uv": [0, 0, 2, 2], "texture": "#0"},
				"down": {"uv": [0, 0, 2, 2], "texture": "#0"}
			}
		},
		{
			"from": [3, 16, 5.5],
			"to": [13, 20, 10.5],
			"rotation": {"angle": 0, "axis": "y", "origin": [0, 0, 3]},
			"faces": {
				"north": {"uv": [5, 8, 15, 12], "texture": "#1"},
				"east": {"uv": [5, 8, 10, 12], "texture": "#1"},
				"south": {"uv": [5, 8, 15, 12], "texture": "#1"},
				"west": {"uv": [5, 8, 10, 12], "texture": "#1"},
				"up": {"uv": [5, 8, 15, 13], "texture": "#1"},
				"down": {"uv": [5, 8, 15, 13], "texture": "#1"}
			}
		},
		{
			"from": [7.72305, 15.58687, 10.5],
			"to": [8.22305, 20.38687, 10.7],
			"rotation": {"angle": 22.5, "axis": "z", "origin": [7.97305, 17.98687, 10.6]},
			"faces": {
				"north": {"uv": [0, 0, 0.5, 4.8], "texture": "#2"},
				"east": {"uv": [0, 0, 0.2, 4.8], "texture": "#2"},
				"south": {"uv": [0, 0, 0.5, 4.8], "texture": "#2"},
				"west": {"uv": [0, 0, 0.2, 4.8], "texture": "#2"},
				"up": {"uv": [0, 0, 0.5, 0.2], "texture": "#2"},
				"down": {"uv": [0, 0, 0.5, 0.2], "texture": "#2"}
			}
		},
		{
			"from": [7.72305, 20.28687, 5.3],
			"to": [8.22305, 20.48687, 10.7],
			"rotation": {"angle": 22.5, "axis": "z", "origin": [7.97305, 17.98687, 10.6]},
			"faces": {
				"north": {"uv": [0, 0, 0.5, 0.2], "rotation": 180, "texture": "#2"},
				"east": {"uv": [0, 0, 0.2, 5.4], "rotation": 90, "texture": "#2"},
				"south": {"uv": [0, 0, 0.5, 0.2], "texture": "#2"},
				"west": {"uv": [0, 0, 0.2, 5.4], "rotation": 270, "texture": "#2"},
				"up": {"uv": [0, 0, 0.5, 5.4], "texture": "#2"},
				"down": {"uv": [0, 0, 0.5, 5.4], "rotation": 180, "texture": "#2"}
			}
		},
		{
			"from": [7.72305, 20.28687, 5.3],
			"to": [8.22305, 20.48687, 10.7],
			"rotation": {"angle": -22.5, "axis": "z", "origin": [7.97305, 17.98687, 10.6]},
			"faces": {
				"north": {"uv": [0, 0, 0.5, 0.2], "rotation": 180, "texture": "#2"},
				"east": {"uv": [0, 0, 0.2, 5.4], "rotation": 90, "texture": "#2"},
				"south": {"uv": [0, 0, 0.5, 0.2], "texture": "#2"},
				"west": {"uv": [0, 0, 0.2, 5.4], "rotation": 270, "texture": "#2"},
				"up": {"uv": [0, 0, 0.5, 5.4], "texture": "#2"},
				"down": {"uv": [0, 0, 0.5, 5.4], "rotation": 180, "texture": "#2"}
			}
		},
		{
			"from": [7.72305, 15.53687, 5.3],
			"to": [8.22305, 15.73687, 10.7],
			"rotation": {"angle": -22.5, "axis": "z", "origin": [7.97305, 17.98687, 10.6]},
			"faces": {
				"north": {"uv": [0, 0, 0.5, 0.2], "rotation": 180, "texture": "#2"},
				"east": {"uv": [0, 0, 0.2, 5.4], "rotation": 90, "texture": "#2"},
				"south": {"uv": [0, 0, 0.5, 0.2], "texture": "#2"},
				"west": {"uv": [0, 0, 0.2, 5.4], "rotation": 270, "texture": "#2"},
				"up": {"uv": [0, 0, 0.5, 5.4], "texture": "#2"},
				"down": {"uv": [0, 0, 0.5, 5.4], "rotation": 180, "texture": "#2"}
			}
		},
		{
			"from": [7.72305, 15.53687, 5.3],
			"to": [8.22305, 15.73687, 10.7],
			"rotation": {"angle": 22.5, "axis": "z", "origin": [7.97305, 17.98687, 10.6]},
			"faces": {
				"north": {"uv": [0, 0, 0.5, 0.2], "rotation": 180, "texture": "#2"},
				"east": {"uv": [0, 0, 0.2, 5.4], "rotation": 90, "texture": "#2"},
				"south": {"uv": [0, 0, 0.5, 0.2], "texture": "#2"},
				"west": {"uv": [0, 0, 0.2, 5.4], "rotation": 270, "texture": "#2"},
				"up": {"uv": [0, 0, 0.5, 5.4], "texture": "#2"},
				"down": {"uv": [0, 0, 0.5, 5.4], "rotation": 180, "texture": "#2"}
			}
		},
		{
			"from": [7.72305, 15.58687, 10.5],
			"to": [8.22305, 20.38687, 10.7],
			"rotation": {"angle": -22.5, "axis": "z", "origin": [7.97305, 17.98687, 10.6]},
			"faces": {
				"north": {"uv": [0, 0, 0.5, 4.8], "texture": "#2"},
				"east": {"uv": [0, 0, 0.2, 4.8], "texture": "#2"},
				"south": {"uv": [0, 0, 0.5, 4.8], "texture": "#2"},
				"west": {"uv": [0, 0, 0.2, 4.8], "texture": "#2"},
				"up": {"uv": [0, 0, 0.5, 0.2], "texture": "#2"},
				"down": {"uv": [0, 0, 0.5, 0.2], "texture": "#2"}
			}
		},
		{
			"from": [7.72305, 15.58687, 5.3125],
			"to": [8.22305, 20.38687, 5.5125],
			"rotation": {"angle": 22.5, "axis": "z", "origin": [7.97305, 17.98687, 5.4125]},
			"faces": {
				"north": {"uv": [0, 0, 0.5, 4.8], "texture": "#2"},
				"east": {"uv": [0, 0, 0.2, 4.8], "texture": "#2"},
				"south": {"uv": [0, 0, 0.5, 4.8], "texture": "#2"},
				"west": {"uv": [0, 0, 0.2, 4.8], "texture": "#2"},
				"up": {"uv": [0, 0, 0.5, 0.2], "texture": "#2"},
				"down": {"uv": [0, 0, 0.5, 0.2], "texture": "#2"}
			}
		},
		{
			"from": [7.72305, 15.58687, 5.3125],
			"to": [8.22305, 20.38687, 5.5125],
			"rotation": {"angle": -22.5, "axis": "z", "origin": [7.97305, 17.98687, 5.4125]},
			"faces": {
				"north": {"uv": [0, 0, 0.5, 4.8], "texture": "#2"},
				"east": {"uv": [0, 0, 0.2, 4.8], "texture": "#2"},
				"south": {"uv": [0, 0, 0.5, 4.8], "texture": "#2"},
				"west": {"uv": [0, 0, 0.2, 4.8], "texture": "#2"},
				"up": {"uv": [0, 0, 0.5, 0.2], "texture": "#2"},
				"down": {"uv": [0, 0, 0.5, 0.2], "texture": "#2"}
			}
		}
	],
	"display": {
		"thirdperson_righthand": {
			"rotation": [0, 90, 0],
			"translation": [0, 1.5, 0],
			"scale": [0.8, 0.8, 0.8]
		},
		"thirdperson_lefthand": {
			"rotation": [0, 90, 0],
			"translation": [0, 1.5, 0],
			"scale": [0.8, 0.8, 0.8]
		},
		"firstperson_righthand": {
			"rotation": [-35, 90, 0],
			"translation": [0, 3.5, 2],
			"scale": [0.6, 0.6, 0.6]
		},
		"firstperson_lefthand": {
			"rotation": [-35, 90, 0],
			"translation": [0, 3.5, 2],
			"scale": [0.6, 0.6, 0.6]
		},
		"ground": {
			"rotation": [90, 0, 0],
			"translation": [0, -1.5, -1],
			"scale": [0.6, 0.6, 0.6]
		},
		"gui": {
			"rotation": [0, 135, 45],
			"translation": [-1.75, -2.25, 0],
			"scale": [0.8, 0.8, 0.8]
		},
		"fixed": {
			"rotation": [-59, 4, 22],
			"translation": [0, 0, -14],
			"scale": [2, 2, 2]
		}
	}
}