{
	"credit": "Made with Blockbench",
	"textures": {
		"0": "block/hay_block_side",
		"1": "block/hay_block_top",
		"particle": "block/hay_block_side"
	},
	"elements": [
		{
			"from": [2, 0, -3],
			"to": [14, 1, -1],
			"rotation": {"angle": 0, "axis": "y", "origin": [5, 0.25, 8]},
			"faces": {
				"north": {"uv": [0, 0, 12, 1], "texture": "#1"},
				"east": {"uv": [0, 0, 2, 1], "texture": "#1"},
				"south": {"uv": [0, 0, 12, 1], "texture": "#1"},
				"west": {"uv": [0, 0, 2, 1], "texture": "#1"},
				"up": {"uv": [0, 0, 2, 12], "rotation": 270, "texture": "#1"},
				"down": {"uv": [0, 0, 2, 12], "rotation": 90, "texture": "#1"}
			}
		},
		{
			"from": [3, 0, -1],
			"to": [17, 1, 3],
			"rotation": {"angle": 0, "axis": "y", "origin": [-3, 0, 0]},
			"faces": {
				"north": {"uv": [0, 0, 5, 0.5], "texture": "#1"},
				"east": {"uv": [0, 0, 1.5, 0.5], "texture": "#1"},
				"south": {"uv": [0, 0, 5, 0.5], "texture": "#1"},
				"west": {"uv": [0, 0, 1.5, 0.5], "texture": "#1"},
				"up": {"uv": [0, 0, 14, 4], "texture": "#1"},
				"down": {"uv": [0, 0, 14, 4], "texture": "#1"}
			}
		},
		{
			"from": [3, 5.5, 3],
			"to": [13, 6.5, 13],
			"rotation": {"angle": 0, "axis": "y", "origin": [10.5, 1.5, 8]},
			"faces": {
				"north": {"uv": [6, 0, 16, 1], "texture": "#1"},
				"east": {"uv": [6, 0, 16, 1], "texture": "#1"},
				"south": {"uv": [6, 0, 16, 1], "texture": "#1"},
				"west": {"uv": [6, 0, 16, 1], "texture": "#1"},
				"up": {"uv": [6, 0, 16, 10], "texture": "#1"},
				"down": {"uv": [6, 0, 16, 10], "texture": "#1"}
			}
		},
		{
			"from": [3, 0.5, 2],
			"to": [13, 5.5, 3],
			"rotation": {"angle": 0, "axis": "y", "origin": [5.5, 1.5, 8]},
			"faces": {
				"north": {"uv": [0, 0, 10, 5], "texture": "#1"},
				"east": {"uv": [0, 0, 1, 5], "texture": "#1"},
				"south": {"uv": [0, 0, 10, 5], "texture": "#1"},
				"west": {"uv": [0, 0, 1, 5], "texture": "#1"},
				"up": {"uv": [0, 0, 1, 10], "rotation": 270, "texture": "#1"},
				"down": {"uv": [0, 0, 1, 10], "rotation": 90, "texture": "#1"}
			}
		},
		{
			"from": [17, 0, 2],
			"to": [19, 1, 14],
			"rotation": {"angle": 0, "axis": "y", "origin": [8, 1.33333, 8]},
			"faces": {
				"north": {"uv": [0, 0, 2, 1], "texture": "#1"},
				"east": {"uv": [0, 0, 12, 1], "texture": "#1"},
				"south": {"uv": [0, 0, 2, 1], "texture": "#1"},
				"west": {"uv": [0, 0, 12, 1], "texture": "#1"},
				"up": {"uv": [0, 0, 2, 12], "texture": "#1"},
				"down": {"uv": [0, 0, 2, 12], "texture": "#1"}
			}
		},
		{
			"from": [13, 0, 3],
			"to": [17, 1, 17],
			"rotation": {"angle": 0, "axis": "y", "origin": [8, 1.33333, 8]},
			"faces": {
				"north": {"uv": [0, 0, 1.5, 0.5], "texture": "#1"},
				"east": {"uv": [0, 0, 5, 0.5], "texture": "#1"},
				"south": {"uv": [0, 0, 1.5, 0.5], "texture": "#1"},
				"west": {"uv": [0, 0, 5, 0.5], "texture": "#1"},
				"up": {"uv": [0, 0, 14, 4], "rotation": 90, "texture": "#1"},
				"down": {"uv": [0, 0, 14, 4], "rotation": 270, "texture": "#1"}
			}
		},
		{
			"from": [13, 0.5, 3],
			"to": [14, 5.5, 13],
			"rotation": {"angle": 0, "axis": "y", "origin": [8, 1.33333, 8]},
			"faces": {
				"north": {"uv": [0, 0, 1, 5], "texture": "#1"},
				"east": {"uv": [0, 0, 10, 5], "texture": "#1"},
				"south": {"uv": [0, 0, 1, 5], "texture": "#1"},
				"west": {"uv": [0, 0, 10, 5], "texture": "#1"},
				"up": {"uv": [0, 0, 1, 10], "texture": "#1"},
				"down": {"uv": [0, 0, 1, 10], "texture": "#1"}
			}
		},
		{
			"from": [-3, 0, 2],
			"to": [-1, 1, 14],
			"rotation": {"angle": 0, "axis": "y", "origin": [8, 1.33333, 8]},
			"faces": {
				"north": {"uv": [0, 0, 2, 1], "texture": "#1"},
				"east": {"uv": [0, 0, 12, 1], "texture": "#1"},
				"south": {"uv": [0, 0, 2, 1], "texture": "#1"},
				"west": {"uv": [0, 0, 12, 1], "texture": "#1"},
				"up": {"uv": [0, 0, 2, 12], "rotation": 180, "texture": "#1"},
				"down": {"uv": [0, 0, 2, 12], "rotation": 180, "texture": "#1"}
			}
		},
		{
			"from": [-1, 0, -1],
			"to": [3, 1, 13],
			"rotation": {"angle": 0, "axis": "y", "origin": [8, 1.33333, 8]},
			"faces": {
				"north": {"uv": [0, 0, 1.5, 0.5], "texture": "#1"},
				"east": {"uv": [0, 0, 5, 0.5], "texture": "#1"},
				"south": {"uv": [0, 0, 1.5, 0.5], "texture": "#1"},
				"west": {"uv": [0, 0, 5, 0.5], "texture": "#1"},
				"up": {"uv": [0, 0, 14, 4], "rotation": 270, "texture": "#1"},
				"down": {"uv": [0, 0, 14, 4], "rotation": 90, "texture": "#1"}
			}
		},
		{
			"from": [2, 0.5, 3],
			"to": [3, 5.5, 13],
			"rotation": {"angle": 0, "axis": "y", "origin": [8, 1.33333, 8]},
			"faces": {
				"north": {"uv": [0, 0, 1, 5], "texture": "#1"},
				"east": {"uv": [0, 0, 10, 5], "texture": "#1"},
				"south": {"uv": [0, 0, 1, 5], "texture": "#1"},
				"west": {"uv": [0, 0, 10, 5], "texture": "#1"},
				"up": {"uv": [0, 0, 1, 10], "rotation": 180, "texture": "#1"},
				"down": {"uv": [0, 0, 1, 10], "rotation": 180, "texture": "#1"}
			}
		},
		{
			"from": [3, 0.5, 13],
			"to": [13, 5.5, 14],
			"rotation": {"angle": 0, "axis": "y", "origin": [8, 1.33333, 8]},
			"faces": {
				"north": {"uv": [0, 0, 10, 5], "texture": "#1"},
				"east": {"uv": [0, 0, 1, 5], "texture": "#1"},
				"south": {"uv": [0, 0, 10, 5], "texture": "#1"},
				"west": {"uv": [0, 0, 1, 5], "texture": "#1"},
				"up": {"uv": [0, 0, 1, 10], "rotation": 90, "texture": "#1"},
				"down": {"uv": [0, 0, 1, 10], "rotation": 270, "texture": "#1"}
			}
		},
		{
			"from": [-1, 0, 13],
			"to": [13, 1, 17],
			"rotation": {"angle": 0, "axis": "y", "origin": [8, 1.33333, 8]},
			"faces": {
				"north": {"uv": [0, 0, 5, 0.5], "texture": "#1"},
				"east": {"uv": [0, 0, 1.5, 0.5], "texture": "#1"},
				"south": {"uv": [0, 0, 5, 0.5], "texture": "#1"},
				"west": {"uv": [0, 0, 1.5, 0.5], "texture": "#1"},
				"up": {"uv": [0, 0, 14, 4], "rotation": 180, "texture": "#1"},
				"down": {"uv": [0, 0, 14, 4], "rotation": 180, "texture": "#1"}
			}
		},
		{
			"from": [2, 0, 17],
			"to": [14, 1, 19],
			"rotation": {"angle": 0, "axis": "y", "origin": [8, 1.33333, 8]},
			"faces": {
				"north": {"uv": [0, 0, 12, 1], "texture": "#1"},
				"east": {"uv": [0, 0, 2, 1], "texture": "#1"},
				"south": {"uv": [0, 0, 12, 1], "texture": "#1"},
				"west": {"uv": [0, 0, 2, 1], "texture": "#1"},
				"up": {"uv": [0, 0, 2, 12], "rotation": 90, "texture": "#1"},
				"down": {"uv": [0, 0, 2, 12], "rotation": 270, "texture": "#1"}
			}
		},
		{
			"from": [2.8, 1.325, 1.8],
			"to": [13.2, 2.325, 3],
			"faces": {
				"north": {"uv": [0, 3, 10.4, 4], "texture": "#0"},
				"east": {"uv": [0, 3, 1.2, 4], "texture": "#0"},
				"south": {"uv": [0, 3, 10.4, 4], "texture": "#0"},
				"west": {"uv": [0, 3, 1.2, 4], "texture": "#0"},
				"up": {"uv": [0, 3, 10.4, 4.2], "texture": "#0"},
				"down": {"uv": [0, 3, 10.4, 4.2], "texture": "#0"}
			}
		},
		{
			"from": [13, 1.325, 2.8],
			"to": [14.2, 2.325, 13.2],
			"rotation": {"angle": 0, "axis": "y", "origin": [8, 1.5, 8]},
			"faces": {
				"north": {"uv": [0, 3, 1.2, 4], "texture": "#0"},
				"east": {"uv": [0, 3, 10.4, 4], "texture": "#0"},
				"south": {"uv": [0, 3, 1.2, 4], "texture": "#0"},
				"west": {"uv": [0, 3, 10.4, 4], "texture": "#0"},
				"up": {"uv": [0, 3, 10.4, 4.2], "rotation": 90, "texture": "#0"},
				"down": {"uv": [0, 3, 10.4, 4.2], "rotation": 270, "texture": "#0"}
			}
		},
		{
			"from": [2.8, 1.325, 13],
			"to": [13.2, 2.325, 14.2],
			"rotation": {"angle": 0, "axis": "y", "origin": [8, 1.5, 8]},
			"faces": {
				"north": {"uv": [0, 3, 10.4, 4], "texture": "#0"},
				"east": {"uv": [0, 3, 1.2, 4], "texture": "#0"},
				"south": {"uv": [0, 3, 10.4, 4], "texture": "#0"},
				"west": {"uv": [0, 3, 1.2, 4], "texture": "#0"},
				"up": {"uv": [0, 3, 10.4, 4.2], "rotation": 180, "texture": "#0"},
				"down": {"uv": [0, 3, 10.4, 4.2], "rotation": 180, "texture": "#0"}
			}
		},
		{
			"from": [1.8, 1.325, 2.8],
			"to": [3, 2.325, 13.2],
			"rotation": {"angle": 0, "axis": "y", "origin": [8, 1.5, 8]},
			"faces": {
				"north": {"uv": [0, 3, 1.2, 4], "texture": "#0"},
				"east": {"uv": [0, 3, 10.4, 4], "texture": "#0"},
				"south": {"uv": [0, 3, 1.2, 4], "texture": "#0"},
				"west": {"uv": [0, 3, 10.4, 4], "texture": "#0"},
				"up": {"uv": [0, 3, 10.4, 4.2], "rotation": 270, "texture": "#0"},
				"down": {"uv": [0, 3, 10.4, 4.2], "rotation": 90, "texture": "#0"}
			}
		}
	],
	"display": {
		"thirdperson_righthand": {
			"rotation": [-20, 0, 0],
			"translation": [0, 2.75, 0],
			"scale": [0.5, 0.5, 0.5]
		},
		"thirdperson_lefthand": {
			"rotation": [-20, 0, 0],
			"translation": [0, 2.75, 0],
			"scale": [0.5, 0.5, 0.5]
		},
		"firstperson_righthand": {
			"translation": [0, 6, 0],
			"scale": [0.5, 0.5, 0.5]
		},
		"firstperson_lefthand": {
			"translation": [0, 6, 0],
			"scale": [0.5, 0.5, 0.5]
		},
		"ground": {
			"translation": [0, 5.25, 0]
		},
		"gui": {
			"rotation": [35, 135, 0],
			"translation": [0, 2.5, 0],
			"scale": [0.5, 0.5, 0.5]
		},
		"head": {
			"translation": [0, 14.25, 0]
		},
		"fixed": {
			"rotation": [-90, 19, 27],
			"translation": [-5.5, 2, -40.5],
			"scale": [1.5, 1.5, 1.5]
		}
	},
	"groups": [
		{
			"name": "group",
			"origin": [8, 0.25, 8],
			"color": 0,
			"children": [0, 1, 2, 3, 4, 5, 6, 7, 8, 9, 10, 11, 12]
		},
		13,
		14,
		15,
		16
	]
}