{
	"credit": "Made with Blockbench",
	"textures": {
		"0": "people/amirkaka",
		"particle": "people/amirkaka"
	},
	"elements": [
		{
			"from": [8.75, 2.75, 2.75],
			"to": [11.75, 5.75, 5.75],
			"rotation": {"angle": 0, "axis": "y", "origin": [-0.25, 0, 0]},
			"faces": {
				"north": {"uv": [2.25, 2.75, 2.45, 2.95], "texture": "#0"},
				"east": {"uv": [2.25, 2.75, 2.45, 2.95], "texture": "#0"},
				"south": {"uv": [2.25, 2.75, 2.45, 2.95], "texture": "#0"},
				"west": {"uv": [2.25, 2.75, 2.45, 2.95], "texture": "#0"},
				"up": {"uv": [2.25, 2.75, 2.45, 2.95], "texture": "#0"},
				"down": {"uv": [2.25, 2.75, 2.45, 2.95], "texture": "#0"}
			}
		},
		{
			"from": [4.25, 2.75, 2.75],
			"to": [7.25, 5.75, 5.75],
			"rotation": {"angle": 0, "axis": "y", "origin": [-0.25, 0, 0]},
			"faces": {
				"north": {"uv": [2.25, 2.75, 2.45, 2.95], "texture": "#0"},
				"east": {"uv": [2.25, 2.75, 2.45, 2.95], "texture": "#0"},
				"south": {"uv": [2.25, 2.75, 2.45, 2.95], "texture": "#0"},
				"west": {"uv": [2.25, 2.75, 2.45, 2.95], "texture": "#0"},
				"up": {"uv": [2.25, 2.75, 2.45, 2.95], "texture": "#0"},
				"down": {"uv": [2.25, 2.75, 2.45, 2.95], "texture": "#0"}
			}
		},
		{
			"from": [5.25, 3.75, 2.5],
			"to": [6.25, 4.75, 3.5],
			"rotation": {"angle": 0, "axis": "y", "origin": [-0.25, 0, 0]},
			"faces": {
				"north": {"uv": [1.75, 5.25, 1.95, 5.45], "texture": "#0"},
				"east": {"uv": [1.75, 5.25, 1.95, 5.45], "texture": "#0"},
				"south": {"uv": [1.75, 5.25, 1.95, 5.45], "texture": "#0"},
				"west": {"uv": [1.75, 5.25, 1.95, 5.45], "texture": "#0"},
				"up": {"uv": [1.75, 5.25, 1.95, 5.45], "texture": "#0"},
				"down": {"uv": [1.75, 5.25, 1.95, 5.45], "texture": "#0"}
			}
		},
		{
			"from": [9.75, 3.75, 2.5],
			"to": [10.75, 4.75, 3.5],
			"rotation": {"angle": 0, "axis": "y", "origin": [-0.25, 0, 0]},
			"faces": {
				"north": {"uv": [1.75, 5.25, 1.95, 5.45], "texture": "#0"},
				"east": {"uv": [1.75, 5.25, 1.95, 5.45], "texture": "#0"},
				"south": {"uv": [1.75, 5.25, 1.95, 5.45], "texture": "#0"},
				"west": {"uv": [1.75, 5.25, 1.95, 5.45], "texture": "#0"},
				"up": {"uv": [1.75, 5.25, 1.95, 5.45], "texture": "#0"},
				"down": {"uv": [1.75, 5.25, 1.95, 5.45], "texture": "#0"}
			}
		}
	],
	"display": {
		"thirdperson_righthand": {
			"translation": [0, 0, 1.5],
			"scale": [0.5, 0.5, 0.5]
		},
		"thirdperson_lefthand": {
			"translation": [0, 0, 1.5],
			"scale": [0.5, 0.5, 0.5]
		},
		"firstperson_righthand": {
			"rotation": [0, -180, 0],
			"translation": [-9, 12.1, 0]
		},
		"firstperson_lefthand": {
			"rotation": [0, -180, 0],
			"translation": [-9.05, 12.1, 0]
		},
		"ground": {
			"translation": [0, 2, 0]
		},
		"gui": {
			"rotation": [35, -135, 0],
			"translation": [-3.25, 5.75, 0],
			"scale": [1.3, 1.3, 1.3]
		},
		"head": {
			"translation": [0, 6.75, 1.5],
			"scale": [1.8, 1.8, 1.8]
		},
		"fixed": {
			"rotation": [-90, 11.25, 0],
			"translation": [0, 0, -19],
			"scale": [2.4, 2.4, 2.4]
		}
	},
	"groups": [
		{
			"name": "group",
			"origin": [0, 0, 0],
			"color": 0,
			"children": [0, 1, 2, 3]
		}
	]
}