{
	"credit": "Made with Blockbench",
	"textures": {
		"0": "custom/paint/5",
		"particle": "custom/paint/5"
	},
	"elements": [
		{
			"from": [-4, 0, -8],
			"to": [20, 0, 16],
			"faces": {
				"north": {"uv": [0, 0, 16, 0], "texture": "#0"},
				"east": {"uv": [0, 0, 16, 0], "texture": "#0"},
				"south": {"uv": [0, 0, 16, 0], "texture": "#0"},
				"west": {"uv": [0, 0, 16, 0], "texture": "#0"},
				"up": {"uv": [0, 0, 16, 16], "rotation": 180, "texture": "#0"},
				"down": {"uv": [0, 0, 16, 16], "texture": "#0"}
			}
		}
	],
	"display": {
		"fixed": {
			"rotation": [-90, 0, 0],
			"translation": [0, -4, -16.1],
			"scale": [2, 2, 2]
		}
	}
}