{
	"credit": "Made with Blockbench",
	"textures": {
		"0": "block/stone",
		"1": "block/smooth_stone",
		"2": "block/red_concrete_powder",
		"3": "block/deepslate",
		"particle": "block/stone"
	},
	"elements": [
		{
			"from": [9.13954, 3, 6.36936],
			"to": [9.33954, 4, 11.96936],
			"rotation": {"angle": -45, "axis": "y", "origin": [8.58797, 3.5, 10.11468]},
			"faces": {
				"north": {"uv": [0, 0, 0.2, 1], "texture": "#2"},
				"east": {"uv": [0, 0, 6, 1], "texture": "#2"},
				"south": {"uv": [0, 0, 0.2, 1], "texture": "#2"},
				"west": {"uv": [0, 0, 6, 1], "texture": "#2"},
				"up": {"uv": [0, 0, 0.2, 5], "texture": "#2"},
				"down": {"uv": [0, 0, 0.2, 5], "texture": "#2"}
			}
		},
		{
			"from": [10.5, 0, 0],
			"to": [11.5, 7, 1],
			"rotation": {"angle": -22.5, "axis": "y", "origin": [8.58797, 3.5, 10.11468]},
			"faces": {
				"north": {"uv": [0, 0, 1, 7], "texture": "#0"},
				"east": {"uv": [0, 0, 1, 7], "texture": "#0"},
				"south": {"uv": [0, 0, 1, 7], "texture": "#0"},
				"west": {"uv": [0, 0, 1, 7], "texture": "#0"},
				"up": {"uv": [0, 0, 1, 1], "texture": "#0"},
				"down": {"uv": [0, 0, 1, 1], "texture": "#0"}
			}
		},
		{
			"from": [0.34214, 0, 11.27164],
			"to": [1.34214, 7, 12.27164],
			"rotation": {"angle": 22.5, "axis": "y", "origin": [8.58797, 3.5, 10.11468]},
			"faces": {
				"north": {"uv": [0, 0, 1, 7], "texture": "#0"},
				"east": {"uv": [0, 0, 1, 7], "texture": "#0"},
				"south": {"uv": [0, 0, 1, 7], "texture": "#0"},
				"west": {"uv": [0, 0, 1, 7], "texture": "#0"},
				"up": {"uv": [0, 0, 1, 1], "rotation": 90, "texture": "#0"},
				"down": {"uv": [0, 0, 1, 1], "rotation": 270, "texture": "#0"}
			}
		},
		{
			"from": [10.75, 1, 1],
			"to": [11.25, 6, 7],
			"rotation": {"angle": -22.5, "axis": "y", "origin": [8.58797, 3.5, 10.11468]},
			"faces": {
				"north": {"uv": [0, 0, 0.5, 5], "texture": "#1"},
				"east": {"uv": [5, 4, 11, 9], "texture": "#1"},
				"south": {"uv": [0, 0, 0.5, 5], "texture": "#1"},
				"west": {"uv": [5, 4, 11, 9], "texture": "#1"},
				"up": {"uv": [0, 0, 0.5, 6], "texture": "#1"},
				"down": {"uv": [0, 0, 0.5, 6], "texture": "#1"}
			}
		},
		{
			"from": [9.37641, 1, 6.29241],
			"to": [9.87641, 6, 12.29241],
			"rotation": {"angle": -45, "axis": "y", "origin": [8.58797, 3.5, 10.11468]},
			"faces": {
				"north": {"uv": [0, 0, 0.5, 5], "texture": "#1"},
				"east": {"uv": [8, 10, 14, 15], "texture": "#1"},
				"south": {"uv": [0, 0, 0.5, 5], "texture": "#1"},
				"west": {"uv": [8, 10, 14, 15], "texture": "#1"},
				"up": {"uv": [0, 0, 0.5, 6], "texture": "#1"},
				"down": {"uv": [0, 0, 0.5, 6], "texture": "#1"}
			}
		},
		{
			"from": [1.20177, 1, 11.5555],
			"to": [7.20177, 6, 12.0555],
			"rotation": {"angle": 22.5, "axis": "y", "origin": [8.58797, 3.5, 10.11468]},
			"faces": {
				"north": {"uv": [8, 10, 14, 15], "texture": "#1"},
				"east": {"uv": [0, 0, 0.5, 5], "texture": "#1"},
				"south": {"uv": [8, 10, 14, 15], "texture": "#1"},
				"west": {"uv": [0, 0, 0.5, 5], "texture": "#1"},
				"up": {"uv": [0, 0, 0.5, 6], "rotation": 90, "texture": "#1"},
				"down": {"uv": [0, 0, 0.5, 6], "rotation": 270, "texture": "#1"}
			}
		},
		{
			"from": [10.5, 6, 1],
			"to": [11.5, 7, 7],
			"rotation": {"angle": -22.5, "axis": "y", "origin": [8.58797, 3.5, 10.11468]},
			"faces": {
				"north": {"uv": [0, 0, 1, 1], "texture": "#0"},
				"east": {"uv": [0, 0, 6, 1], "texture": "#0"},
				"south": {"uv": [0, 0, 1, 1], "texture": "#0"},
				"west": {"uv": [0, 0, 6, 1], "texture": "#0"},
				"up": {"uv": [0, 0, 1, 6], "texture": "#0"},
				"down": {"uv": [0, 0, 1, 6], "texture": "#0"}
			}
		},
		{
			"from": [9.12251, 6, 6.08569],
			"to": [10.12251, 7, 12.18569],
			"rotation": {"angle": -45, "axis": "y", "origin": [8.58797, 3.5, 10.11468]},
			"faces": {
				"north": {"uv": [0, 0, 1, 1], "texture": "#0"},
				"east": {"uv": [0, 0, 6.1, 1], "texture": "#0"},
				"south": {"uv": [0, 0, 1, 1], "texture": "#0"},
				"west": {"uv": [0, 0, 6.1, 1], "texture": "#0"},
				"up": {"uv": [0, 0, 1, 6.1], "texture": "#0"},
				"down": {"uv": [0, 0, 1, 6.1], "texture": "#0"}
			}
		},
		{
			"from": [1.20954, 6, 11.30169],
			"to": [7.20954, 7, 12.30169],
			"rotation": {"angle": 22.5, "axis": "y", "origin": [8.58797, 3.5, 10.11468]},
			"faces": {
				"north": {"uv": [0, 0, 6, 1], "texture": "#0"},
				"east": {"uv": [0, 0, 1, 1], "texture": "#0"},
				"south": {"uv": [0, 0, 6, 1], "texture": "#0"},
				"west": {"uv": [0, 0, 1, 1], "texture": "#0"},
				"up": {"uv": [0, 0, 1, 6], "rotation": 90, "texture": "#0"},
				"down": {"uv": [0, 0, 1, 6], "rotation": 270, "texture": "#0"}
			}
		},
		{
			"from": [9.12251, 0, 6.08569],
			"to": [10.12251, 1, 12.18569],
			"rotation": {"angle": -45, "axis": "y", "origin": [8.58797, 3.5, 10.11468]},
			"faces": {
				"north": {"uv": [0, 0, 1, 1], "texture": "#0"},
				"east": {"uv": [0, 0, 6.1, 1], "texture": "#0"},
				"south": {"uv": [0, 0, 1, 1], "texture": "#0"},
				"west": {"uv": [0, 0, 6.1, 1], "texture": "#0"},
				"up": {"uv": [0, 0, 1, 6.1], "texture": "#0"},
				"down": {"uv": [0, 0, 1, 6.1], "texture": "#0"}
			}
		},
		{
			"from": [1.20954, 0, 11.30169],
			"to": [7.20954, 1, 12.30169],
			"rotation": {"angle": 22.5, "axis": "y", "origin": [8.58797, 3.5, 10.11468]},
			"faces": {
				"north": {"uv": [0, 0, 6, 1], "texture": "#0"},
				"east": {"uv": [0, 0, 1, 1], "texture": "#0"},
				"south": {"uv": [0, 0, 6, 1], "texture": "#0"},
				"west": {"uv": [0, 0, 1, 1], "texture": "#0"},
				"up": {"uv": [0, 0, 1, 6], "rotation": 90, "texture": "#0"},
				"down": {"uv": [0, 0, 1, 6], "rotation": 270, "texture": "#0"}
			}
		},
		{
			"from": [10.5, 0, 1],
			"to": [11.5, 1, 7],
			"rotation": {"angle": -22.5, "axis": "y", "origin": [8.58797, 3.5, 10.11468]},
			"faces": {
				"north": {"uv": [0, 0, 1, 1], "texture": "#0"},
				"east": {"uv": [0, 0, 6, 1], "texture": "#0"},
				"south": {"uv": [0, 0, 1, 1], "texture": "#0"},
				"west": {"uv": [0, 0, 6, 1], "texture": "#0"},
				"up": {"uv": [0, 0, 1, 6], "texture": "#0"},
				"down": {"uv": [0, 0, 1, 6], "texture": "#0"}
			}
		},
		{
			"from": [3.26336, 3, 11.28918],
			"to": [7.26336, 4, 11.48918],
			"rotation": {"angle": 22.5, "axis": "y", "origin": [8.58797, 3.5, 10.11468]},
			"faces": {
				"north": {"uv": [0, 0, 4, 1], "texture": "#2"},
				"east": {"uv": [0, 0, 0.2, 1], "texture": "#2"},
				"south": {"uv": [0, 0, 4, 1], "texture": "#2"},
				"west": {"uv": [0, 0, 0.2, 1], "texture": "#2"},
				"up": {"uv": [0, 0, 0.2, 4], "rotation": 90, "texture": "#2"},
				"down": {"uv": [0, 0, 0.2, 4], "rotation": 270, "texture": "#2"}
			}
		},
		{
			"from": [4.26336, 2, 11.28918],
			"to": [6.26336, 3, 11.48918],
			"rotation": {"angle": 22.5, "axis": "y", "origin": [8.58797, 3.5, 10.11468]},
			"faces": {
				"north": {"uv": [6, 8, 8, 9], "texture": "#2"},
				"east": {"uv": [0, 0, 0.2, 1], "texture": "#2"},
				"south": {"uv": [6, 3, 8, 4], "texture": "#2"},
				"west": {"uv": [0, 0, 0.2, 1], "texture": "#2"},
				"up": {"uv": [0, 0, 0.2, 2], "rotation": 90, "texture": "#2"},
				"down": {"uv": [0, 0, 0.2, 2], "rotation": 270, "texture": "#2"}
			}
		},
		{
			"from": [4.26336, 4, 11.28918],
			"to": [6.26336, 5, 11.48918],
			"rotation": {"angle": 22.5, "axis": "y", "origin": [8.58797, 3.5, 10.11468]},
			"faces": {
				"north": {"uv": [1, 13, 3, 14], "texture": "#2"},
				"east": {"uv": [0, 0, 0.2, 1], "texture": "#2"},
				"south": {"uv": [1, 13, 3, 14], "texture": "#2"},
				"west": {"uv": [0, 0, 0.2, 1], "texture": "#2"},
				"up": {"uv": [0, 0, 0.2, 2], "rotation": 90, "texture": "#2"},
				"down": {"uv": [0, 0, 0.2, 2], "rotation": 270, "texture": "#2"}
			}
		},
		{
			"from": [5.26336, 5, 11.28918],
			"to": [6.26336, 6, 11.48918],
			"rotation": {"angle": 22.5, "axis": "y", "origin": [8.58797, 3.5, 10.11468]},
			"faces": {
				"north": {"uv": [13, 4, 14, 5], "texture": "#2"},
				"east": {"uv": [0, 0, 0.2, 1], "texture": "#2"},
				"south": {"uv": [13, 4, 14, 5], "texture": "#2"},
				"west": {"uv": [0, 0, 0.2, 1], "texture": "#2"},
				"up": {"uv": [0, 0, 0.2, 1], "rotation": 90, "texture": "#2"},
				"down": {"uv": [0, 0, 0.2, 1], "rotation": 270, "texture": "#2"}
			}
		},
		{
			"from": [5.26336, 1, 11.28918],
			"to": [6.26336, 2, 11.48918],
			"rotation": {"angle": 22.5, "axis": "y", "origin": [8.58797, 3.5, 10.11468]},
			"faces": {
				"north": {"uv": [8, 10, 9, 11], "texture": "#2"},
				"east": {"uv": [0, 0, 0.2, 1], "texture": "#2"},
				"south": {"uv": [8, 10, 9, 11], "texture": "#2"},
				"west": {"uv": [0, 0, 0.2, 1], "texture": "#2"},
				"up": {"uv": [0, 0, 0.2, 1], "rotation": 90, "texture": "#2"},
				"down": {"uv": [0, 0, 0.2, 1], "rotation": 270, "texture": "#2"}
			}
		},
		{
			"from": [10.5, 3, 3],
			"to": [10.7, 4, 7],
			"rotation": {"angle": -22.5, "axis": "y", "origin": [8.58797, 3.5, 10.11468]},
			"faces": {
				"north": {"uv": [0, 0, 0.2, 1], "texture": "#2"},
				"east": {"uv": [0, 0, 4, 1], "texture": "#2"},
				"south": {"uv": [0, 0, 0.2, 1], "texture": "#2"},
				"west": {"uv": [0, 0, 4, 1], "texture": "#2"},
				"up": {"uv": [0, 0, 0.2, 4], "texture": "#2"},
				"down": {"uv": [0, 0, 0.2, 4], "texture": "#2"}
			}
		},
		{
			"from": [14, 3, 0.25],
			"to": [17, 4, 1.25],
			"rotation": {"angle": -45, "axis": "y", "origin": [0.5, 0.5, 0.5]},
			"faces": {
				"north": {"uv": [0, 0, 3, 1], "texture": "#0"},
				"east": {"uv": [0, 0, 1, 1], "texture": "#0"},
				"south": {"uv": [0, 0, 3, 1], "texture": "#0"},
				"west": {"uv": [0, 0, 1, 1], "texture": "#0"},
				"up": {"uv": [0, 0, 3, 1], "texture": "#0"},
				"down": {"uv": [0, 0, 3, 1], "texture": "#0"}
			}
		},
		{
			"from": [16.5, 4.25, 0.25],
			"to": [17.5, 14.25, 1.25],
			"rotation": {"angle": -45, "axis": "y", "origin": [0.5, 0.5, 0.5]},
			"faces": {
				"north": {"uv": [0, 0, 1, 10], "texture": "#0"},
				"east": {"uv": [0, 0, 1, 10], "texture": "#0"},
				"south": {"uv": [0, 0, 1, 10], "texture": "#0"},
				"west": {"uv": [0, 0, 1, 10], "texture": "#0"},
				"up": {"uv": [0, 0, 1, 1], "texture": "#0"},
				"down": {"uv": [0, 0, 1, 1], "texture": "#0"}
			}
		},
		{
			"from": [16, 2.5, -0.25],
			"to": [18, 4.5, 1.75],
			"rotation": {"angle": -45, "axis": "y", "origin": [0.5, 0.5, 0.5]},
			"faces": {
				"north": {"uv": [0, 0, 2, 2], "texture": "#0"},
				"east": {"uv": [0, 0, 2, 2], "texture": "#0"},
				"south": {"uv": [0, 0, 2, 2], "texture": "#0"},
				"west": {"uv": [0, 0, 2, 2], "texture": "#0"},
				"up": {"uv": [0, 0, 2, 2], "texture": "#0"},
				"down": {"uv": [0, 0, 2, 2], "texture": "#0"}
			}
		},
		{
			"from": [10.99049, 14, 2.34404],
			"to": [12.99049, 14.2, 11.34404],
			"rotation": {"angle": -22.5, "axis": "y", "origin": [11.99049, 14.4, 12.34404]},
			"faces": {
				"north": {"uv": [0, 0, 2, 0.2], "texture": "#1"},
				"east": {"uv": [0, 0, 9, 0.2], "texture": "#1"},
				"south": {"uv": [0, 0, 2, 0.2], "texture": "#1"},
				"west": {"uv": [0, 0, 9, 0.2], "texture": "#1"},
				"up": {"uv": [0, 0, 2, 9], "rotation": 180, "texture": "#1"},
				"down": {"uv": [0, 0, 2, 9], "rotation": 180, "texture": "#1"}
			}
		},
		{
			"from": [12.99049, 14, 11.34404],
			"to": [21.99049, 14.2, 13.34404],
			"rotation": {"angle": -22.5, "axis": "y", "origin": [11.99049, 14.4, 12.34404]},
			"faces": {
				"north": {"uv": [0, 0, 9, 0.2], "texture": "#1"},
				"east": {"uv": [0, 0, 2, 0.2], "texture": "#1"},
				"south": {"uv": [0, 0, 9, 0.2], "texture": "#1"},
				"west": {"uv": [0, 0, 2, 0.2], "texture": "#1"},
				"up": {"uv": [0, 0, 2, 9], "rotation": 270, "texture": "#1"},
				"down": {"uv": [0, 0, 2, 9], "rotation": 90, "texture": "#1"}
			}
		},
		{
			"from": [10.99049, 14, 13.34404],
			"to": [12.99049, 14.2, 22.34404],
			"rotation": {"angle": -22.5, "axis": "y", "origin": [11.99049, 14.4, 12.34404]},
			"faces": {
				"north": {"uv": [0, 0, 2, 0.2], "texture": "#1"},
				"east": {"uv": [0, 0, 9, 0.2], "texture": "#1"},
				"south": {"uv": [0, 0, 2, 0.2], "texture": "#1"},
				"west": {"uv": [0, 0, 9, 0.2], "texture": "#1"},
				"up": {"uv": [0, 0, 2, 9], "texture": "#1"},
				"down": {"uv": [0, 0, 2, 9], "texture": "#1"}
			}
		},
		{
			"from": [1.99049, 14, 11.34404],
			"to": [10.99049, 14.2, 13.34404],
			"rotation": {"angle": -22.5, "axis": "y", "origin": [11.99049, 14.4, 12.34404]},
			"faces": {
				"north": {"uv": [0, 0, 9, 0.2], "texture": "#1"},
				"east": {"uv": [0, 0, 2, 0.2], "texture": "#1"},
				"south": {"uv": [0, 0, 9, 0.2], "texture": "#1"},
				"west": {"uv": [0, 0, 2, 0.2], "texture": "#1"},
				"up": {"uv": [0, 0, 2, 9], "rotation": 90, "texture": "#1"},
				"down": {"uv": [0, 0, 2, 9], "rotation": 270, "texture": "#1"}
			}
		},
		{
			"from": [10.99049, 13.5, 11.34404],
			"to": [12.99049, 15.5, 13.34404],
			"rotation": {"angle": -22.5, "axis": "y", "origin": [11.99049, 14.4, 12.34404]},
			"faces": {
				"north": {"uv": [0, 0, 2, 2], "texture": "#0"},
				"east": {"uv": [0, 0, 2, 2], "texture": "#0"},
				"south": {"uv": [0, 0, 2, 2], "texture": "#0"},
				"west": {"uv": [0, 0, 2, 2], "texture": "#0"},
				"up": {"uv": [0, 0, 2, 2], "rotation": 90, "texture": "#0"},
				"down": {"uv": [0, 0, 2, 2], "rotation": 270, "texture": "#0"}
			}
		},
		{
			"from": [11.49049, 15.25, 11.84404],
			"to": [12.49049, 15.75, 12.84404],
			"rotation": {"angle": -22.5, "axis": "y", "origin": [11.99049, 14.4, 12.34404]},
			"faces": {
				"north": {"uv": [8, 2, 9, 2.5], "texture": "#3"},
				"east": {"uv": [8, 2, 9, 2.5], "texture": "#3"},
				"south": {"uv": [8, 2, 9, 2.5], "texture": "#3"},
				"west": {"uv": [8, 2, 9, 2.5], "texture": "#3"},
				"up": {"uv": [8, 2, 9, 3], "rotation": 90, "texture": "#3"},
				"down": {"uv": [8, 2, 9, 3], "rotation": 270, "texture": "#3"}
			}
		}
	],
	"display": {
		"ground": {
			"scale": [0.6, 0.6, 0.6]
		},
		"gui": {
			"rotation": [35, -180, 0],
			"translation": [1.25, -0.75, 0],
			"scale": [0.6, 0.6, 0.6]
		},
		"head": {
			"translation": [-6, 0, -6.5],
			"scale": [1.5, 1.5, 1.5]
		}
	},
	"groups": [
		{
			"name": "group",
			"origin": [0, 0, 0],
			"color": 0,
			"nbt": "{}",
			"armAnimationEnabled": false,
			"children": [0, 1, 2, 3, 4, 5, 6, 7, 8, 9, 10, 11, 12, 13, 14, 15, 16, 17]
		},
		18,
		19,
		20,
		{
			"name": "group",
			"origin": [0.5, 0.5, 0.5],
			"color": 0,
			"nbt": "{}",
			"armAnimationEnabled": false,
			"children": [21, 22, 23, 24, 25, 26]
		}
	]
}