{
	"credit": "Made with Blockbench",
	"textures": {
		"0": "block/red_concrete",
		"1": "custom/blinking",
		"particle": "block/red_concrete"
	},
	"elements": [
		{
			"from": [2, 0, 17],
			"to": [14, 1, 31],
			"faces": {
				"north": {"uv": [0, 0, 12, 1], "texture": "#0"},
				"east": {"uv": [0, 0, 14, 1], "texture": "#0"},
				"south": {"uv": [0, 0, 12, 1], "texture": "#0"},
				"west": {"uv": [0, 0, 14, 1], "texture": "#0"},
				"up": {"uv": [0, 0, 12, 14], "texture": "#0"},
				"down": {"uv": [0, 0, 12, 14], "texture": "#0"}
			}
		},
		{
			"from": [2, 0, 1],
			"to": [14, 1, 17],
			"faces": {
				"north": {"uv": [0, 0, 12, 1], "texture": "#0"},
				"east": {"uv": [0, 0, 16, 1], "texture": "#0"},
				"south": {"uv": [0, 0, 12, 1], "texture": "#0"},
				"west": {"uv": [0, 0, 16, 1], "texture": "#0"},
				"up": {"uv": [0, 0, 12, 16], "texture": "#0"},
				"down": {"uv": [0, 0, 12, 16], "texture": "#0"}
			}
		},
		{
			"from": [-7, 0, -1],
			"to": [23, 1, 1],
			"faces": {
				"north": {"uv": [0, 4, 16, 5], "texture": "#0"},
				"east": {"uv": [0, 0, 2, 1], "texture": "#0"},
				"south": {"uv": [0, 4, 16, 5], "texture": "#0"},
				"west": {"uv": [0, 0, 2, 1], "texture": "#0"},
				"up": {"uv": [0, 7, 16, 9], "texture": "#0"},
				"down": {"uv": [0, 7, 16, 9], "texture": "#0"}
			}
		},
		{
			"from": [-5, 0, -3],
			"to": [21, 1, -1],
			"faces": {
				"north": {"uv": [0, 12, 16, 13], "texture": "#0"},
				"east": {"uv": [0, 0, 2, 1], "texture": "#0"},
				"south": {"uv": [0, 12, 16, 13], "texture": "#0"},
				"west": {"uv": [0, 0, 2, 1], "texture": "#0"},
				"up": {"uv": [0, 12, 16, 14], "texture": "#0"},
				"down": {"uv": [0, 12, 16, 14], "texture": "#0"}
			}
		},
		{
			"from": [-3, 0, -5],
			"to": [19, 1, -3],
			"faces": {
				"north": {"uv": [0, 15, 16, 16], "texture": "#0"},
				"east": {"uv": [0, 0, 2, 1], "texture": "#0"},
				"south": {"uv": [0, 15, 16, 16], "texture": "#0"},
				"west": {"uv": [0, 0, 2, 1], "texture": "#0"},
				"up": {"uv": [0, 14, 16, 16], "texture": "#0"},
				"down": {"uv": [0, 14, 16, 16], "texture": "#0"}
			}
		},
		{
			"from": [-1, 0, -7],
			"to": [17, 1, -5],
			"faces": {
				"north": {"uv": [0, 0, 16, 1], "texture": "#0"},
				"east": {"uv": [0, 0, 2, 1], "texture": "#0"},
				"south": {"uv": [0, 5, 16, 6], "texture": "#0"},
				"west": {"uv": [0, 0, 2, 1], "texture": "#0"},
				"up": {"uv": [0, 8, 16, 10], "texture": "#0"},
				"down": {"uv": [0, 7, 16, 9], "texture": "#0"}
			}
		},
		{
			"from": [1, 0, -9],
			"to": [15, 1, -7],
			"faces": {
				"north": {"uv": [0, 0, 14, 1], "texture": "#0"},
				"east": {"uv": [0, 0, 2, 1], "texture": "#0"},
				"south": {"uv": [0, 0, 14, 1], "texture": "#0"},
				"west": {"uv": [0, 0, 2, 1], "texture": "#0"},
				"up": {"uv": [0, 2, 14, 4], "texture": "#0"},
				"down": {"uv": [0, 2, 14, 4], "texture": "#0"}
			}
		},
		{
			"from": [3, 0, -11],
			"to": [13, 1, -9],
			"faces": {
				"north": {"uv": [0, 0, 10, 1], "texture": "#0"},
				"east": {"uv": [0, 0, 2, 1], "texture": "#0"},
				"south": {"uv": [0, 0, 10, 1], "texture": "#0"},
				"west": {"uv": [0, 0, 2, 1], "texture": "#0"},
				"up": {"uv": [0, 0, 10, 2], "texture": "#0"},
				"down": {"uv": [0, 0, 10, 2], "texture": "#0"}
			}
		},
		{
			"from": [5, 0, -13],
			"to": [11, 1, -11],
			"faces": {
				"north": {"uv": [0, 4, 6, 5], "texture": "#0"},
				"east": {"uv": [0, 0, 2, 1], "texture": "#0"},
				"south": {"uv": [0, 4, 6, 5], "texture": "#0"},
				"west": {"uv": [0, 0, 2, 1], "texture": "#0"},
				"up": {"uv": [0, 5, 6, 7], "texture": "#0"},
				"down": {"uv": [0, 5, 6, 7], "texture": "#0"}
			}
		},
		{
			"from": [7, 0, -15],
			"to": [9, 1, -13],
			"faces": {
				"north": {"uv": [0, 0, 2, 1], "texture": "#0"},
				"east": {"uv": [0, 0, 2, 1], "texture": "#0"},
				"south": {"uv": [0, 0, 2, 1], "texture": "#0"},
				"west": {"uv": [0, 0, 2, 1], "texture": "#0"},
				"up": {"uv": [0, 0, 2, 2], "texture": "#0"},
				"down": {"uv": [0, 0, 2, 2], "texture": "#0"}
			}
		},
		{
			"from": [1, 0.25, 2],
			"to": [15, 0.65, 32],
			"faces": {
				"north": {"uv": [0, 0, 14, 0.4], "texture": "#1"},
				"east": {"uv": [0, 0, 16, 0.4], "texture": "#1"},
				"south": {"uv": [0, 0, 14, 0.4], "texture": "#1"},
				"west": {"uv": [0, 0, 16, 0.4], "texture": "#1"},
				"up": {"uv": [0, 0, 14, 16], "texture": "#1"},
				"down": {"uv": [0, 0, 14, 16], "texture": "#1"}
			}
		},
		{
			"from": [-8, 0.25, -2],
			"to": [24, 0.65, 2],
			"faces": {
				"north": {"uv": [0, 0, 16, 0.4], "texture": "#1"},
				"east": {"uv": [0, 0, 4, 0.4], "texture": "#1"},
				"south": {"uv": [0, 0, 16, 0.4], "texture": "#1"},
				"west": {"uv": [0, 0, 4, 0.4], "texture": "#1"},
				"up": {"uv": [0, 0, 16, 4], "texture": "#1"},
				"down": {"uv": [0, 0, 16, 4], "texture": "#1"}
			}
		},
		{
			"from": [-6, 0.25, -4],
			"to": [22, 0.65, -2],
			"faces": {
				"north": {"uv": [0, 0, 16, 0.4], "texture": "#1"},
				"east": {"uv": [0, 0, 2, 0.4], "texture": "#1"},
				"south": {"uv": [0, 0, 16, 0.4], "texture": "#1"},
				"west": {"uv": [0, 0, 2, 0.4], "texture": "#1"},
				"up": {"uv": [0, 0, 16, 2], "texture": "#1"},
				"down": {"uv": [0, 0, 16, 2], "texture": "#1"}
			}
		},
		{
			"from": [-4, 0.25, -6],
			"to": [20, 0.65, -4],
			"faces": {
				"north": {"uv": [0, 0, 16, 0.4], "texture": "#1"},
				"east": {"uv": [0, 0, 2, 0.4], "texture": "#1"},
				"south": {"uv": [0, 0, 16, 0.4], "texture": "#1"},
				"west": {"uv": [0, 0, 2, 0.4], "texture": "#1"},
				"up": {"uv": [0, 0, 16, 2], "texture": "#1"},
				"down": {"uv": [0, 0, 16, 2], "texture": "#1"}
			}
		},
		{
			"from": [-2, 0.25, -8],
			"to": [18, 0.65, -6],
			"faces": {
				"north": {"uv": [0, 0, 16, 0.4], "texture": "#1"},
				"east": {"uv": [0, 0, 2, 0.4], "texture": "#1"},
				"south": {"uv": [0, 0, 16, 0.4], "texture": "#1"},
				"west": {"uv": [0, 0, 2, 0.4], "texture": "#1"},
				"up": {"uv": [0, 0, 16, 2], "texture": "#1"},
				"down": {"uv": [0, 0, 16, 2], "texture": "#1"}
			}
		},
		{
			"from": [0, 0.25, -10],
			"to": [16, 0.65, -8],
			"faces": {
				"north": {"uv": [0, 0, 16, 0.4], "texture": "#1"},
				"east": {"uv": [0, 0, 2, 0.4], "texture": "#1"},
				"south": {"uv": [0, 0, 16, 0.4], "texture": "#1"},
				"west": {"uv": [0, 0, 2, 0.4], "texture": "#1"},
				"up": {"uv": [0, 0, 16, 2], "texture": "#1"},
				"down": {"uv": [0, 0, 16, 2], "texture": "#1"}
			}
		},
		{
			"from": [2, 0.25, -12],
			"to": [14, 0.65, -10],
			"faces": {
				"north": {"uv": [0, 0, 12, 0.4], "texture": "#1"},
				"east": {"uv": [0, 0, 2, 0.4], "texture": "#1"},
				"south": {"uv": [0, 0, 12, 0.4], "texture": "#1"},
				"west": {"uv": [0, 0, 2, 0.4], "texture": "#1"},
				"up": {"uv": [0, 0, 12, 2], "texture": "#1"},
				"down": {"uv": [0, 0, 12, 2], "texture": "#1"}
			}
		},
		{
			"from": [4, 0.25, -14],
			"to": [12, 0.65, -12],
			"faces": {
				"north": {"uv": [0, 0, 8, 0.4], "texture": "#1"},
				"east": {"uv": [0, 0, 2, 0.4], "texture": "#1"},
				"south": {"uv": [0, 0, 8, 0.4], "texture": "#1"},
				"west": {"uv": [0, 0, 2, 0.4], "texture": "#1"},
				"up": {"uv": [0, 0, 8, 2], "texture": "#1"},
				"down": {"uv": [0, 0, 8, 2], "texture": "#1"}
			}
		},
		{
			"from": [6, 0.25, -16],
			"to": [10, 0.65, -14],
			"faces": {
				"north": {"uv": [0, 0, 4, 0.4], "texture": "#1"},
				"east": {"uv": [0, 0, 2, 0.4], "texture": "#1"},
				"south": {"uv": [0, 0, 4, 0.4], "texture": "#1"},
				"west": {"uv": [0, 0, 2, 0.4], "texture": "#1"},
				"up": {"uv": [0, 0, 4, 2], "texture": "#1"},
				"down": {"uv": [0, 0, 4, 2], "texture": "#1"}
			}
		}
	],
	"display": {
		"thirdperson_righthand": {
			"translation": [-6, 22.25, 0],
			"scale": [3, 3, 3]
		}
	},
	"groups": [
		{
			"name": "group",
			"origin": [0, 0, 0],
			"color": 0,
			"nbt": "{}",
			"armAnimationEnabled": false,
			"children": [0, 1, 2, 3, 4, 5, 6, 7, 8, 9]
		},
		{
			"name": "outline",
			"origin": [0, 0, 0],
			"color": 0,
			"nbt": "{}",
			"armAnimationEnabled": false,
			"children": [10, 11, 12, 13, 14, 15, 16, 17, 18]
		}
	]
}