{
    "providers": [
        {
            "type": "bitmap",
            "file": "minecraft:custom/slime1.png",
            "ascent": 12,
            "height": 24,
            "chars": ["\uE000"]
        },
        {
            "type": "bitmap",
            "file": "minecraft:custom/slime2.png",
            "ascent": 12,
            "height": 24,
            "chars": ["\uE001"]
        },
        {
            "type": "bitmap",
            "file": "minecraft:custom/half1.png",
            "ascent": 12,
            "height": 24,
            "chars": ["\uE002"]
        },
        {
            "type": "bitmap",
            "file": "minecraft:custom/half2.png",
            "ascent": 12,
            "height": 24,
            "chars": ["\uE003"]
        },
        {
            "type": "bitmap",
            "file": "minecraft:custom/half3.png",
            "ascent": 12,
            "height": 24,
            "chars": ["\uE004"]
        },
        {
            "type": "bitmap",
            "file": "minecraft:custom/half4.png",
            "ascent": 12,
            "height": 24,
            "chars": ["\uE005"]
        },
        {
            "type": "bitmap",
            "file": "minecraft:custom/hay1.png",
            "ascent": 12,
            "height": 24,
            "chars": ["\uE006"]
        },
        {
            "type": "bitmap",
            "file": "minecraft:custom/honey.png",
            "ascent": 128,
            "height": 256,
            "chars": ["\uE007"]
        },
        {
            "type": "bitmap",
            "file": "minecraft:custom/black.png",
            "ascent": 128,
            "height": 256,
            "chars": ["\uE008"]
        },
        {
            "type": "bitmap",
            "file": "minecraft:custom/white.png",
            "ascent": 128,
            "height": 256,
            "chars": ["\uE009"]
        },
        {
            "type": "bitmap",
            "file": "minecraft:custom/arrow.png",
            "ascent": 12,
            "height": 24,
            "chars": ["\uE010"]
        },
        {
            "type": "bitmap",
            "file": "minecraft:custom/concrete_lb.png",
            "ascent": 12,
            "height": 24,
            "chars": ["\uE011"]
        },
        {
            "type": "bitmap",
            "file": "minecraft:custom/concrete_o.png",
            "ascent": 12,
            "height": 24,
            "chars": ["\uE012"]
        },
        {
            "type": "bitmap",
            "file": "minecraft:custom/concrete_m.png",
            "ascent": 12,
            "height": 24,
            "chars": ["\uE013"]
        },
        {
            "type": "bitmap",
            "file": "minecraft:custom/concrete_p.png",
            "ascent": 12,
            "height": 24,
            "chars": ["\uE014"]
        },
        {
            "type": "bitmap",
            "file": "minecraft:custom/concrete_r.png",
            "ascent": 12,
            "height": 24,
            "chars": ["\uE015"]
        },
        {
            "type": "bitmap",
            "file": "minecraft:custom/concrete_w.png",
            "ascent": 12,
            "height": 24,
            "chars": ["\uE016"]
        },
        {
            "type": "bitmap",
            "file": "minecraft:custom/concrete_y.png",
            "ascent": 12,
            "height": 24,
            "chars": ["\uE017"]
        },
        {
            "type": "bitmap",
            "file": "minecraft:custom/grass.png",
            "ascent": 12,
            "height": 24,
            "chars": ["\uE018"]
        },
        {
            "type": "bitmap",
            "file": "minecraft:custom/collect/spray.png",
            "ascent": 10,
            "height": 20,
            "chars": ["\uF001"]
        },
        {
            "type": "bitmap",
            "file": "minecraft:custom/collect/spray_on.png",
            "ascent": 10,
            "height": 20,
            "chars": ["\uF002"]
        },
        {
            "type": "bitmap",
            "file": "minecraft:custom/collect/calvin.png",
            "ascent": 10,
            "height": 20,
            "chars": ["\uF003"]
        },
        {
            "type": "bitmap",
            "file": "minecraft:custom/collect/calvin_on.png",
            "ascent": 10,
            "height": 20,
            "chars": ["\uF004"]
        },
        {
            "type": "bitmap",
            "file": "minecraft:custom/collect/honeypot.png",
            "ascent": 10,
            "height": 20,
            "chars": ["\uF005"]
        },
        {
            "type": "bitmap",
            "file": "minecraft:custom/collect/honeypot_on.png",
            "ascent": 10,
            "height": 20,
            "chars": ["\uF006"]
        },
        {
            "type": "bitmap",
            "file": "minecraft:custom/collect/strawhat.png",
            "ascent": 10,
            "height": 20,
            "chars": ["\uF007"]
        },
        {
            "type": "bitmap",
            "file": "minecraft:custom/collect/strawhat_on.png",
            "ascent": 10,
            "height": 20,
            "chars": ["\uF008"]
        },
        {
            "type": "bitmap",
            "file": "minecraft:custom/collect/sledgehammer.png",
            "ascent": 10,
            "height": 20,
            "chars": ["\uF009"]
        },
        {
            "type": "bitmap",
            "file": "minecraft:custom/collect/sledgehammer_on.png",
            "ascent": 10,
            "height": 20,
            "chars": ["\uF010"]
        },
        {
            "type": "bitmap",
            "file": "minecraft:custom/collect/crown.png",
            "ascent": 10,
            "height": 20,
            "chars": ["\uF011"]
        },
        {
            "type": "bitmap",
            "file": "minecraft:custom/collect/crown_on.png",
            "ascent": 10,
            "height": 20,
            "chars": ["\uF012"]
        },
        {
            "type": "bitmap",
            "file": "minecraft:custom/collect/first_aid_kit.png",
            "ascent": 10,
            "height": 20,
            "chars": ["\uF013"]
        },
        {
            "type": "bitmap",
            "file": "minecraft:custom/collect/first_aid_kit_on.png",
            "ascent": 10,
            "height": 20,
            "chars": ["\uF014"]
        },
        {
            "type": "bitmap",
            "file": "minecraft:custom/collect/diamond.png",
            "ascent": 10,
            "height": 20,
            "chars": ["\uF015"]
        },
        {
            "type": "bitmap",
            "file": "minecraft:custom/collect/diamond_on.png",
            "ascent": 10,
            "height": 20,
            "chars": ["\uF016"]
        },
        {
            "type": "bitmap",
            "file": "minecraft:custom/collect/fedora.png",
            "ascent": 10,
            "height": 20,
            "chars": ["\uF017"]
        },
        {
            "type": "bitmap",
            "file": "minecraft:custom/collect/fedora_on.png",
            "ascent": 10,
            "height": 20,
            "chars": ["\uF018"]
        },
        {
            "type": "bitmap",
            "file": "minecraft:custom/collect/afro.png",
            "ascent": 10,
            "height": 20,
            "chars": ["\uF019"]
        },
        {
            "type": "bitmap",
            "file": "minecraft:custom/collect/afro_on.png",
            "ascent": 10,
            "height": 20,
            "chars": ["\uF020"]
        },
        {
            "type": "bitmap",
            "file": "minecraft:custom/collect/dynamite.png",
            "ascent": 10,
            "height": 20,
            "chars": ["\uF021"]
        },
        {
            "type": "bitmap",
            "file": "minecraft:custom/collect/dynamite_on.png",
            "ascent": 10,
            "height": 20,
            "chars": ["\uF022"]
        },
        {
            "type": "bitmap",
            "file": "minecraft:custom/collect/lucile.png",
            "ascent": 10,
            "height": 20,
            "chars": ["\uF023"]
        },
        {
            "type": "bitmap",
            "file": "minecraft:custom/collect/lucile_on.png",
            "ascent": 10,
            "height": 20,
            "chars": ["\uF024"]
        },
        {
            "type": "bitmap",
            "file": "minecraft:custom/collect/coppergolem.png",
            "ascent": 10,
            "height": 20,
            "chars": ["\uF025"]
        },
        {
            "type": "bitmap",
            "file": "minecraft:custom/collect/coppergolem_on.png",
            "ascent": 10,
            "height": 20,
            "chars": ["\uF026"]
        },
        {
            "type": "bitmap",
            "file": "minecraft:custom/collect/eye.png",
            "ascent": 10,
            "height": 20,
            "chars": ["\uF027"]
        },
        {
            "type": "bitmap",
            "file": "minecraft:custom/collect/eye_on.png",
            "ascent": 10,
            "height": 20,
            "chars": ["\uF028"]
        },
        {
            "type": "bitmap",
            "file": "minecraft:custom/collect/seahorse.png",
            "ascent": 10,
            "height": 20,
            "chars": ["\uF029"]
        },
        {
            "type": "bitmap",
            "file": "minecraft:custom/collect/seahorse_on.png",
            "ascent": 10,
            "height": 20,
            "chars": ["\uF030"]
        },
        {
            "type": "bitmap",
            "file": "minecraft:custom/collect/plush.png",
            "ascent": 10,
            "height": 20,
            "chars": ["\uF036"]
        },
        {
            "type": "bitmap",
            "file": "minecraft:custom/collect/stemister.png",
            "ascent": 10,
            "height": 20,
            "chars": ["\uF037"]
        },
        {
            "type": "bitmap",
            "file": "minecraft:custom/collect/captainsparklez.png",
            "ascent": 10,
            "height": 20,
            "chars": ["\uF038"]
        },
        {
            "type": "bitmap",
            "file": "minecraft:custom/collect/amirkaka.png",
            "ascent": 10,
            "height": 20,
            "chars": ["\uF039"]
        },
        {
            "type": "bitmap",
            "file": "minecraft:custom/collect/theblueman.png",
            "ascent": 10,
            "height": 20,
            "chars": ["\uF040"]
        },
        {
            "type": "bitmap",
            "file": "minecraft:custom/collect/msroohy.png",
            "ascent": 10,
            "height": 20,
            "chars": ["\uF041"]
        }
    ]
}