{
	"credit": "Made with Blockbench",
	"textures": {
		"0": "people/amirkaka",
		"particle": "people/amirkaka"
	},
	"elements": [
		{
			"name": "head",
			"from": [-0.25, -0.25, -0.25],
			"to": [15.75, 15.75, 15.75],
			"rotation": {"angle": 0, "axis": "y", "origin": [-4.25, -0.75, -4.25]},
			"faces": {
				"north": {"uv": [2, 2, 4, 4], "texture": "#0"},
				"east": {"uv": [0, 2, 2, 4], "texture": "#0"},
				"south": {"uv": [6, 2, 8, 4], "texture": "#0"},
				"west": {"uv": [4, 2, 6, 4], "texture": "#0"},
				"up": {"uv": [4, 2, 2, 0], "texture": "#0"},
				"down": {"uv": [6, 0, 4, 2], "texture": "#0"}
			}
		},
		{
			"name": "head_2nd_layer",
			"from": [-0.75, -0.75, -0.75],
			"to": [17.25, 17.25, 17.25],
			"rotation": {"angle": 0, "axis": "y", "origin": [-4.25, -0.75, -4.25]},
			"faces": {
				"north": {"uv": [10, 2, 12, 4], "texture": "#0"},
				"east": {"uv": [8, 2, 10, 4], "texture": "#0"},
				"south": {"uv": [14, 2, 16, 4], "texture": "#0"},
				"west": {"uv": [12, 2, 14, 4], "texture": "#0"},
				"up": {"uv": [12, 2, 10, 0], "texture": "#0"},
				"down": {"uv": [14, 0, 12, 2], "texture": "#0"}
			}
		}
	],
	"display": {
		"fixed": {
			"rotation": [-78, 22, 6],
			"translation": [-1.75, 7.25, -24],
			"scale": [3, 3, 3]
		}
	},
	"groups": [
		{
			"name": "alex",
			"origin": [8, 8, 8],
			"color": 0,
			"children": [0, 1]
		}
	]
}