{
	"credit": "Made with Blockbench",
	"textures": {
		"0": "people/amirkaka",
		"particle": "people/amirkaka"
	},
	"elements": [
		{
			"name": "head",
			"from": [4, 23.5, 4],
			"to": [12, 31.5, 12],
			"rotation": {"angle": 0, "axis": "y", "origin": [16, 0, 0]},
			"faces": {
				"north": {"uv": [4, 2, 2, 4], "texture": "#0"},
				"east": {"uv": [6, 2, 4, 4], "texture": "#0"},
				"south": {"uv": [8, 2, 6, 4], "texture": "#0"},
				"west": {"uv": [2, 2, 0, 4], "texture": "#0"},
				"up": {"uv": [2, 2, 4, 0], "texture": "#0"},
				"down": {"uv": [4, 0, 6, 2], "texture": "#0"}
			}
		},
		{
			"name": "body",
			"from": [4, 11.5, 6],
			"to": [12, 23.5, 10],
			"rotation": {"angle": 0, "axis": "y", "origin": [16, 0, 0]},
			"faces": {
				"north": {"uv": [7, 5, 5, 8], "texture": "#0"},
				"east": {"uv": [8, 5, 7, 8], "texture": "#0"},
				"south": {"uv": [10, 5, 8, 8], "texture": "#0"},
				"west": {"uv": [5, 5, 4, 8], "texture": "#0"},
				"up": {"uv": [5, 5, 7, 4], "texture": "#0"},
				"down": {"uv": [7, 4, 9, 5], "texture": "#0"}
			}
		},
		{
			"name": "right_arm",
			"from": [1, 11.5, 6],
			"to": [4, 23.5, 10],
			"rotation": {"angle": -22.5, "axis": "z", "origin": [2.5, 22.5, 8]},
			"faces": {
				"north": {"uv": [11.75, 5, 11, 8], "texture": "#0"},
				"east": {"uv": [12.75, 5, 11.75, 8], "texture": "#0"},
				"south": {"uv": [13.5, 5, 12.75, 8], "texture": "#0"},
				"west": {"uv": [11, 5, 10, 8], "texture": "#0"},
				"up": {"uv": [11, 5, 11.75, 4], "texture": "#0"},
				"down": {"uv": [11.75, 4, 12.5, 5], "texture": "#0"}
			}
		},
		{
			"name": "left_arm",
			"from": [12, 11.5, 6],
			"to": [15, 23.5, 10],
			"rotation": {"angle": 22.5, "axis": "z", "origin": [13.5, 22.5, 8]},
			"faces": {
				"north": {"uv": [9.75, 13, 9, 16], "texture": "#0"},
				"east": {"uv": [10.75, 13, 9.75, 16], "texture": "#0"},
				"south": {"uv": [11.5, 13, 10.75, 16], "texture": "#0"},
				"west": {"uv": [9, 13, 8, 16], "texture": "#0"},
				"up": {"uv": [9, 13, 9.75, 12], "texture": "#0"},
				"down": {"uv": [9.75, 12, 10.5, 13], "texture": "#0"}
			}
		},
		{
			"name": "right_leg",
			"from": [8, -0.5, 6],
			"to": [12, 11.5, 10],
			"rotation": {"angle": 0, "axis": "y", "origin": [16, 0, 0]},
			"faces": {
				"north": {"uv": [6, 13, 5, 16], "texture": "#0"},
				"east": {"uv": [7, 13, 6, 16], "texture": "#0"},
				"south": {"uv": [8, 13, 7, 16], "texture": "#0"},
				"west": {"uv": [5, 13, 4, 16], "texture": "#0"},
				"up": {"uv": [5, 13, 6, 12], "texture": "#0"},
				"down": {"uv": [6, 12, 7, 13], "texture": "#0"}
			}
		},
		{
			"name": "left_leg",
			"from": [4, -0.5, 6],
			"to": [8, 11.5, 10],
			"rotation": {"angle": 0, "axis": "y", "origin": [16, 0, 0]},
			"faces": {
				"north": {"uv": [2, 5, 1, 8], "texture": "#0"},
				"east": {"uv": [3, 5, 2, 8], "texture": "#0"},
				"south": {"uv": [4, 5, 3, 8], "texture": "#0"},
				"west": {"uv": [1, 5, 0, 8], "texture": "#0"},
				"up": {"uv": [1, 5, 2, 4], "texture": "#0"},
				"down": {"uv": [2, 4, 3, 5], "texture": "#0"}
			}
		},
		{
			"name": "head_2nd_layer",
			"from": [3.5, 23, 3.5],
			"to": [12.5, 32, 12.5],
			"rotation": {"angle": 0, "axis": "y", "origin": [16, 0, 0]},
			"faces": {
				"north": {"uv": [12, 2, 10, 4], "texture": "#0"},
				"east": {"uv": [14, 2, 12, 4], "texture": "#0"},
				"south": {"uv": [16, 2, 14, 4], "texture": "#0"},
				"west": {"uv": [10, 2, 8, 4], "texture": "#0"},
				"up": {"uv": [10, 2, 12, 0], "texture": "#0"},
				"down": {"uv": [12, 0, 14, 2], "texture": "#0"}
			}
		},
		{
			"name": "body_2nd_layer",
			"from": [4, 11.02, 5.49],
			"to": [12, 24.03, 10.49],
			"rotation": {"angle": 0, "axis": "y", "origin": [16, 0, 0]},
			"faces": {
				"north": {"uv": [7, 9, 5, 12], "texture": "#0"},
				"east": {"uv": [8, 9, 7, 12], "texture": "#0"},
				"south": {"uv": [10, 9, 8, 12], "texture": "#0"},
				"west": {"uv": [5, 9, 4, 12], "texture": "#0"},
				"up": {"uv": [5, 9, 7, 8], "texture": "#0"},
				"down": {"uv": [7, 8, 9, 9], "texture": "#0"}
			}
		},
		{
			"name": "right_arm_2nd_layer",
			"from": [0.5, 11, 5.5],
			"to": [4.5, 24, 10.5],
			"rotation": {"angle": -22.5, "axis": "z", "origin": [2.5, 22.5, 8]},
			"faces": {
				"north": {"uv": [11.5, 9, 10.75, 12], "texture": "#0"},
				"east": {"uv": [12.75, 9, 11.75, 12], "texture": "#0"},
				"south": {"uv": [13.5, 9, 12.75, 12], "texture": "#0"},
				"west": {"uv": [11, 9, 10, 12], "texture": "#0"},
				"up": {"uv": [11, 9, 11.75, 8], "texture": "#0"},
				"down": {"uv": [11.75, 8, 12.5, 9], "texture": "#0"}
			}
		},
		{
			"name": "left_arm_2nd_layer",
			"from": [11.5, 11, 5.5],
			"to": [15.5, 24, 10.5],
			"rotation": {"angle": 22.5, "axis": "z", "origin": [13.5, 22.5, 8]},
			"faces": {
				"north": {"uv": [13.75, 13, 13, 16], "texture": "#0"},
				"east": {"uv": [14.75, 13, 13.75, 16], "texture": "#0"},
				"south": {"uv": [15.5, 13, 14.75, 16], "texture": "#0"},
				"west": {"uv": [13, 13, 12, 16], "texture": "#0"},
				"up": {"uv": [13, 13, 13.75, 12], "texture": "#0"},
				"down": {"uv": [13.75, 12, 14.5, 13], "texture": "#0"}
			}
		},
		{
			"name": "right_leg_2nd_layer",
			"from": [3.5, -1, 5.5],
			"to": [8.5, 12, 10.5],
			"rotation": {"angle": 0, "axis": "y", "origin": [16, 0, 0]},
			"faces": {
				"north": {"uv": [2, 9, 1, 12], "texture": "#0"},
				"east": {"uv": [1, 9, 0, 12], "texture": "#0"},
				"south": {"uv": [4, 9, 3, 12], "texture": "#0"},
				"west": {"uv": [1, 9, 0, 12], "texture": "#0"},
				"up": {"uv": [1, 9, 2, 8], "texture": "#0"},
				"down": {"uv": [2, 8, 3, 9], "texture": "#0"}
			}
		},
		{
			"name": "left_leg_2nd_layer",
			"from": [7.5, -1, 5.5],
			"to": [12.5, 12, 10.5],
			"rotation": {"angle": 0, "axis": "y", "origin": [16, 0, 0]},
			"faces": {
				"north": {"uv": [2, 13, 1, 16], "texture": "#0"},
				"east": {"uv": [3, 13, 2, 16], "texture": "#0"},
				"south": {"uv": [4, 13, 3, 16], "texture": "#0"},
				"west": {"uv": [1, 13, 0, 16], "texture": "#0"},
				"up": {"uv": [1, 13, 2, 12], "texture": "#0"},
				"down": {"uv": [2, 12, 3, 13], "texture": "#0"}
			}
		}
	],
	"display": {
		"head": {
			"rotation": [0, 0, -180],
			"translation": [0, -4.5, 0],
			"scale": [1.6, 1.6, 1.6]
		}
	},
	"groups": [
		{
			"name": "alex",
			"origin": [8, 8, 8],
			"color": 0,
			"children": [0, 1, 2, 3, 4, 5, 6, 7, 8, 9, 10, 11]
		}
	]
}