{
	"credit": "Made with Blockbench",
	"texture_size": [64, 64],
	"textures": {
		"0": "entity/bee/bee"
	},
	"elements": [
		{
			"name": "left_wing",
			"from": [-15.5, 9, -5],
			"to": [-6.5, 9, 1],
			"shade": false,
			"faces": {
				"north": {"uv": [3.75, 6, 1.5, 6], "texture": "#0"},
				"east": {"uv": [5.25, 6, 3.75, 6], "texture": "#0"},
				"south": {"uv": [7.5, 6, 5.25, 6], "texture": "#0"},
				"west": {"uv": [1.5, 6, 0, 6], "texture": "#0"},
				"up": {"uv": [1.5, 6, 3.75, 4.5], "texture": "#0"},
				"down": {"uv": [3.75, 4.5, 6, 6], "texture": "#0"}
			}
		},
		{
			"name": "right_wing",
			"from": [-3.5, 9, -5],
			"to": [5.5, 9, 1],
			"faces": {
				"north": {"uv": [1.5, 6, 3.75, 6], "texture": "#0"},
				"east": {"uv": [0, 6, 1.5, 6], "texture": "#0"},
				"south": {"uv": [5.25, 6, 7.5, 6], "texture": "#0"},
				"west": {"uv": [3.75, 6, 5.25, 6], "texture": "#0"},
				"up": {"uv": [3.75, 6, 1.5, 4.5], "texture": "#0"},
				"down": {"uv": [6, 4.5, 3.75, 6], "texture": "#0"}
			}
		},
		{
			"name": "front_legs",
			"from": [-6.5, 0, -4],
			"to": [-3.5, 2, -4],
			"faces": {
				"north": {"uv": [7, 0.25, 7.75, 0.75], "texture": "#0"},
				"east": {"uv": [7, 0.25, 7, 0.75], "texture": "#0"},
				"south": {"uv": [7.75, 0.25, 8.5, 0.75], "texture": "#0"},
				"west": {"uv": [7.75, 0.25, 7.75, 0.75], "texture": "#0"},
				"up": {"uv": [7.75, 0.25, 7, 0.25], "texture": "#0"},
				"down": {"uv": [8.5, 0.25, 7.75, 0.25], "texture": "#0"}
			}
		},
		{
			"name": "middle_legs",
			"from": [-7.5, 0, -2],
			"to": [-2.5, 2, -2],
			"faces": {
				"north": {"uv": [6.75, 0.75, 8, 1.25], "texture": "#0"},
				"east": {"uv": [6.75, 0.75, 6.75, 1.25], "texture": "#0"},
				"south": {"uv": [8, 0.75, 9.25, 1.25], "texture": "#0"},
				"west": {"uv": [8, 0.75, 8, 1.25], "texture": "#0"},
				"up": {"uv": [8, 0.75, 6.75, 0.75], "texture": "#0"},
				"down": {"uv": [9.25, 0.75, 8, 0.75], "texture": "#0"}
			}
		},
		{
			"name": "back_legs",
			"from": [-7.5, 0, 0],
			"to": [-2.5, 2, 0],
			"faces": {
				"north": {"uv": [6.75, 1.25, 8, 1.75], "texture": "#0"},
				"east": {"uv": [6.75, 1.25, 6.75, 1.75], "texture": "#0"},
				"south": {"uv": [8, 1.25, 9.25, 1.75], "texture": "#0"},
				"west": {"uv": [8, 1.25, 8, 1.75], "texture": "#0"},
				"up": {"uv": [8, 1.25, 6.75, 1.25], "texture": "#0"},
				"down": {"uv": [9.25, 1.25, 8, 1.25], "texture": "#0"}
			}
		},
		{
			"name": "left_antenna",
			"from": [-7.5, 7, -10],
			"to": [-6.5, 9, -7],
			"faces": {
				"north": {"uv": [1.25, 0.75, 1.5, 1.25], "texture": "#0"},
				"east": {"uv": [0.5, 0.75, 1.25, 1.25], "texture": "#0"},
				"south": {"uv": [2.25, 0.75, 2.5, 1.25], "texture": "#0"},
				"west": {"uv": [1.5, 0.75, 2.25, 1.25], "texture": "#0"},
				"up": {"uv": [1.5, 0.75, 1.25, 0], "texture": "#0"},
				"down": {"uv": [1.75, 0, 1.5, 0.75], "texture": "#0"}
			}
		},
		{
			"name": "stinger",
			"from": [-5, 5, 3],
			"to": [-5, 6, 5],
			"faces": {
				"north": {"uv": [6.5, 2.25, 6.5, 2.5], "texture": "#0"},
				"east": {"uv": [6, 2.25, 6.5, 2.5], "texture": "#0"},
				"south": {"uv": [7, 2.25, 7, 2.5], "texture": "#0"},
				"west": {"uv": [6.5, 2.25, 7, 2.5], "texture": "#0"},
				"up": {"uv": [6.5, 2.25, 6.5, 1.75], "texture": "#0"},
				"down": {"uv": [6.5, 1.75, 6.5, 2.25], "texture": "#0"}
			}
		},
		{
			"name": "right_antenna",
			"from": [-3.5, 7, -10],
			"to": [-2.5, 9, -7],
			"faces": {
				"north": {"uv": [1.25, 1.5, 1.5, 2], "texture": "#0"},
				"east": {"uv": [0.5, 1.5, 1.25, 2], "texture": "#0"},
				"south": {"uv": [2.25, 1.5, 2.5, 2], "texture": "#0"},
				"west": {"uv": [1.5, 1.5, 2.25, 2], "texture": "#0"},
				"up": {"uv": [1.5, 1.5, 1.25, 0.75], "texture": "#0"},
				"down": {"uv": [1.75, 0.75, 1.5, 1.5], "texture": "#0"}
			}
		},
		{
			"name": "torso",
			"from": [-8.5, 2, -7],
			"to": [-1.5, 9, 3],
			"faces": {
				"north": {"uv": [2.5, 2.5, 4.25, 4.25], "texture": "#0"},
				"east": {"uv": [0, 2.5, 2.5, 4.25], "texture": "#0"},
				"south": {"uv": [6.75, 2.5, 8.5, 4.25], "texture": "#0"},
				"west": {"uv": [4.25, 2.5, 6.75, 4.25], "texture": "#0"},
				"up": {"uv": [4.25, 2.5, 2.5, 0], "texture": "#0"},
				"down": {"uv": [6, 0, 4.25, 2.5], "texture": "#0"}
			}
		},
		{
			"name": "left_wing",
			"from": [4.5, -7, 8],
			"to": [13.5, -7, 14],
			"shade": false,
			"faces": {
				"north": {"uv": [3.75, 6, 1.5, 6], "texture": "#0"},
				"east": {"uv": [5.25, 6, 3.75, 6], "texture": "#0"},
				"south": {"uv": [7.5, 6, 5.25, 6], "texture": "#0"},
				"west": {"uv": [1.5, 6, 0, 6], "texture": "#0"},
				"up": {"uv": [1.5, 6, 3.75, 4.5], "texture": "#0"},
				"down": {"uv": [3.75, 4.5, 6, 6], "texture": "#0"}
			}
		},
		{
			"name": "right_wing",
			"from": [16.5, -7, 8],
			"to": [25.5, -7, 14],
			"faces": {
				"north": {"uv": [1.5, 6, 3.75, 6], "texture": "#0"},
				"east": {"uv": [0, 6, 1.5, 6], "texture": "#0"},
				"south": {"uv": [5.25, 6, 7.5, 6], "texture": "#0"},
				"west": {"uv": [3.75, 6, 5.25, 6], "texture": "#0"},
				"up": {"uv": [3.75, 6, 1.5, 4.5], "texture": "#0"},
				"down": {"uv": [6, 4.5, 3.75, 6], "texture": "#0"}
			}
		},
		{
			"name": "front_legs",
			"from": [13.5, -16, 9],
			"to": [16.5, -14, 9],
			"faces": {
				"north": {"uv": [7, 0.25, 7.75, 0.75], "texture": "#0"},
				"east": {"uv": [7, 0.25, 7, 0.75], "texture": "#0"},
				"south": {"uv": [7.75, 0.25, 8.5, 0.75], "texture": "#0"},
				"west": {"uv": [7.75, 0.25, 7.75, 0.75], "texture": "#0"},
				"up": {"uv": [7.75, 0.25, 7, 0.25], "texture": "#0"},
				"down": {"uv": [8.5, 0.25, 7.75, 0.25], "texture": "#0"}
			}
		},
		{
			"name": "middle_legs",
			"from": [12.5, -16, 11],
			"to": [17.5, -14, 11],
			"faces": {
				"north": {"uv": [6.75, 0.75, 8, 1.25], "texture": "#0"},
				"east": {"uv": [6.75, 0.75, 6.75, 1.25], "texture": "#0"},
				"south": {"uv": [8, 0.75, 9.25, 1.25], "texture": "#0"},
				"west": {"uv": [8, 0.75, 8, 1.25], "texture": "#0"},
				"up": {"uv": [8, 0.75, 6.75, 0.75], "texture": "#0"},
				"down": {"uv": [9.25, 0.75, 8, 0.75], "texture": "#0"}
			}
		},
		{
			"name": "back_legs",
			"from": [12.5, -16, 13],
			"to": [17.5, -14, 13],
			"faces": {
				"north": {"uv": [6.75, 1.25, 8, 1.75], "texture": "#0"},
				"east": {"uv": [6.75, 1.25, 6.75, 1.75], "texture": "#0"},
				"south": {"uv": [8, 1.25, 9.25, 1.75], "texture": "#0"},
				"west": {"uv": [8, 1.25, 8, 1.75], "texture": "#0"},
				"up": {"uv": [8, 1.25, 6.75, 1.25], "texture": "#0"},
				"down": {"uv": [9.25, 1.25, 8, 1.25], "texture": "#0"}
			}
		},
		{
			"name": "left_antenna",
			"from": [12.5, -9, 3],
			"to": [13.5, -7, 6],
			"faces": {
				"north": {"uv": [1.25, 0.75, 1.5, 1.25], "texture": "#0"},
				"east": {"uv": [0.5, 0.75, 1.25, 1.25], "texture": "#0"},
				"south": {"uv": [2.25, 0.75, 2.5, 1.25], "texture": "#0"},
				"west": {"uv": [1.5, 0.75, 2.25, 1.25], "texture": "#0"},
				"up": {"uv": [1.5, 0.75, 1.25, 0], "texture": "#0"},
				"down": {"uv": [1.75, 0, 1.5, 0.75], "texture": "#0"}
			}
		},
		{
			"name": "stinger",
			"from": [15, -11, 16],
			"to": [15, -10, 18],
			"faces": {
				"north": {"uv": [6.5, 2.25, 6.5, 2.5], "texture": "#0"},
				"east": {"uv": [6, 2.25, 6.5, 2.5], "texture": "#0"},
				"south": {"uv": [7, 2.25, 7, 2.5], "texture": "#0"},
				"west": {"uv": [6.5, 2.25, 7, 2.5], "texture": "#0"},
				"up": {"uv": [6.5, 2.25, 6.5, 1.75], "texture": "#0"},
				"down": {"uv": [6.5, 1.75, 6.5, 2.25], "texture": "#0"}
			}
		},
		{
			"name": "right_antenna",
			"from": [16.5, -9, 3],
			"to": [17.5, -7, 6],
			"faces": {
				"north": {"uv": [1.25, 1.5, 1.5, 2], "texture": "#0"},
				"east": {"uv": [0.5, 1.5, 1.25, 2], "texture": "#0"},
				"south": {"uv": [2.25, 1.5, 2.5, 2], "texture": "#0"},
				"west": {"uv": [1.5, 1.5, 2.25, 2], "texture": "#0"},
				"up": {"uv": [1.5, 1.5, 1.25, 0.75], "texture": "#0"},
				"down": {"uv": [1.75, 0.75, 1.5, 1.5], "texture": "#0"}
			}
		},
		{
			"name": "torso",
			"from": [11.5, -14, 6],
			"to": [18.5, -7, 16],
			"faces": {
				"north": {"uv": [2.5, 2.5, 4.25, 4.25], "texture": "#0"},
				"east": {"uv": [0, 2.5, 2.5, 4.25], "texture": "#0"},
				"south": {"uv": [6.75, 2.5, 8.5, 4.25], "texture": "#0"},
				"west": {"uv": [4.25, 2.5, 6.75, 4.25], "texture": "#0"},
				"up": {"uv": [4.25, 2.5, 2.5, 0], "texture": "#0"},
				"down": {"uv": [6, 0, 4.25, 2.5], "texture": "#0"}
			}
		},
		{
			"name": "left_wing",
			"from": [-9.5, 18, 16],
			"to": [-0.5, 18, 22],
			"shade": false,
			"faces": {
				"north": {"uv": [3.75, 6, 1.5, 6], "texture": "#0"},
				"east": {"uv": [5.25, 6, 3.75, 6], "texture": "#0"},
				"south": {"uv": [7.5, 6, 5.25, 6], "texture": "#0"},
				"west": {"uv": [1.5, 6, 0, 6], "texture": "#0"},
				"up": {"uv": [1.5, 6, 3.75, 4.5], "texture": "#0"},
				"down": {"uv": [3.75, 4.5, 6, 6], "texture": "#0"}
			}
		},
		{
			"name": "right_wing",
			"from": [2.5, 18, 16],
			"to": [11.5, 18, 22],
			"faces": {
				"north": {"uv": [1.5, 6, 3.75, 6], "texture": "#0"},
				"east": {"uv": [0, 6, 1.5, 6], "texture": "#0"},
				"south": {"uv": [5.25, 6, 7.5, 6], "texture": "#0"},
				"west": {"uv": [3.75, 6, 5.25, 6], "texture": "#0"},
				"up": {"uv": [3.75, 6, 1.5, 4.5], "texture": "#0"},
				"down": {"uv": [6, 4.5, 3.75, 6], "texture": "#0"}
			}
		},
		{
			"name": "front_legs",
			"from": [-0.5, 9, 17],
			"to": [2.5, 11, 17],
			"faces": {
				"north": {"uv": [7, 0.25, 7.75, 0.75], "texture": "#0"},
				"east": {"uv": [7, 0.25, 7, 0.75], "texture": "#0"},
				"south": {"uv": [7.75, 0.25, 8.5, 0.75], "texture": "#0"},
				"west": {"uv": [7.75, 0.25, 7.75, 0.75], "texture": "#0"},
				"up": {"uv": [7.75, 0.25, 7, 0.25], "texture": "#0"},
				"down": {"uv": [8.5, 0.25, 7.75, 0.25], "texture": "#0"}
			}
		},
		{
			"name": "middle_legs",
			"from": [-1.5, 9, 19],
			"to": [3.5, 11, 19],
			"faces": {
				"north": {"uv": [6.75, 0.75, 8, 1.25], "texture": "#0"},
				"east": {"uv": [6.75, 0.75, 6.75, 1.25], "texture": "#0"},
				"south": {"uv": [8, 0.75, 9.25, 1.25], "texture": "#0"},
				"west": {"uv": [8, 0.75, 8, 1.25], "texture": "#0"},
				"up": {"uv": [8, 0.75, 6.75, 0.75], "texture": "#0"},
				"down": {"uv": [9.25, 0.75, 8, 0.75], "texture": "#0"}
			}
		},
		{
			"name": "back_legs",
			"from": [-1.5, 9, 21],
			"to": [3.5, 11, 21],
			"faces": {
				"north": {"uv": [6.75, 1.25, 8, 1.75], "texture": "#0"},
				"east": {"uv": [6.75, 1.25, 6.75, 1.75], "texture": "#0"},
				"south": {"uv": [8, 1.25, 9.25, 1.75], "texture": "#0"},
				"west": {"uv": [8, 1.25, 8, 1.75], "texture": "#0"},
				"up": {"uv": [8, 1.25, 6.75, 1.25], "texture": "#0"},
				"down": {"uv": [9.25, 1.25, 8, 1.25], "texture": "#0"}
			}
		},
		{
			"name": "left_antenna",
			"from": [-1.5, 16, 11],
			"to": [-0.5, 18, 14],
			"faces": {
				"north": {"uv": [1.25, 0.75, 1.5, 1.25], "texture": "#0"},
				"east": {"uv": [0.5, 0.75, 1.25, 1.25], "texture": "#0"},
				"south": {"uv": [2.25, 0.75, 2.5, 1.25], "texture": "#0"},
				"west": {"uv": [1.5, 0.75, 2.25, 1.25], "texture": "#0"},
				"up": {"uv": [1.5, 0.75, 1.25, 0], "texture": "#0"},
				"down": {"uv": [1.75, 0, 1.5, 0.75], "texture": "#0"}
			}
		},
		{
			"name": "stinger",
			"from": [1, 14, 24],
			"to": [1, 15, 26],
			"faces": {
				"north": {"uv": [6.5, 2.25, 6.5, 2.5], "texture": "#0"},
				"east": {"uv": [6, 2.25, 6.5, 2.5], "texture": "#0"},
				"south": {"uv": [7, 2.25, 7, 2.5], "texture": "#0"},
				"west": {"uv": [6.5, 2.25, 7, 2.5], "texture": "#0"},
				"up": {"uv": [6.5, 2.25, 6.5, 1.75], "texture": "#0"},
				"down": {"uv": [6.5, 1.75, 6.5, 2.25], "texture": "#0"}
			}
		},
		{
			"name": "right_antenna",
			"from": [2.5, 16, 11],
			"to": [3.5, 18, 14],
			"faces": {
				"north": {"uv": [1.25, 1.5, 1.5, 2], "texture": "#0"},
				"east": {"uv": [0.5, 1.5, 1.25, 2], "texture": "#0"},
				"south": {"uv": [2.25, 1.5, 2.5, 2], "texture": "#0"},
				"west": {"uv": [1.5, 1.5, 2.25, 2], "texture": "#0"},
				"up": {"uv": [1.5, 1.5, 1.25, 0.75], "texture": "#0"},
				"down": {"uv": [1.75, 0.75, 1.5, 1.5], "texture": "#0"}
			}
		},
		{
			"name": "torso",
			"from": [-2.5, 11, 14],
			"to": [4.5, 18, 24],
			"faces": {
				"north": {"uv": [2.5, 2.5, 4.25, 4.25], "texture": "#0"},
				"east": {"uv": [0, 2.5, 2.5, 4.25], "texture": "#0"},
				"south": {"uv": [6.75, 2.5, 8.5, 4.25], "texture": "#0"},
				"west": {"uv": [4.25, 2.5, 6.75, 4.25], "texture": "#0"},
				"up": {"uv": [4.25, 2.5, 2.5, 0], "texture": "#0"},
				"down": {"uv": [6, 0, 4.25, 2.5], "texture": "#0"}
			}
		},
		{
			"name": "left_wing",
			"from": [9.5, 25, -11],
			"to": [18.5, 25, -5],
			"shade": false,
			"rotation": {"angle": -45, "axis": "z", "origin": [18, 25, -8]},
			"faces": {
				"north": {"uv": [3.75, 6, 1.5, 6], "texture": "#0"},
				"east": {"uv": [5.25, 6, 3.75, 6], "texture": "#0"},
				"south": {"uv": [7.5, 6, 5.25, 6], "texture": "#0"},
				"west": {"uv": [1.5, 6, 0, 6], "texture": "#0"},
				"up": {"uv": [1.5, 6, 3.75, 4.5], "texture": "#0"},
				"down": {"uv": [3.75, 4.5, 6, 6], "texture": "#0"}
			}
		},
		{
			"name": "right_wing",
			"from": [21.5, 25, -11],
			"to": [30.5, 25, -5],
			"rotation": {"angle": 45, "axis": "z", "origin": [22, 25, -8]},
			"faces": {
				"north": {"uv": [1.5, 6, 3.75, 6], "texture": "#0"},
				"east": {"uv": [0, 6, 1.5, 6], "texture": "#0"},
				"south": {"uv": [5.25, 6, 7.5, 6], "texture": "#0"},
				"west": {"uv": [3.75, 6, 5.25, 6], "texture": "#0"},
				"up": {"uv": [3.75, 6, 1.5, 4.5], "texture": "#0"},
				"down": {"uv": [6, 4.5, 3.75, 6], "texture": "#0"}
			}
		},
		{
			"name": "front_legs",
			"from": [18.5, 16, -10],
			"to": [21.5, 18, -10],
			"faces": {
				"north": {"uv": [7, 0.25, 7.75, 0.75], "texture": "#0"},
				"east": {"uv": [7, 0.25, 7, 0.75], "texture": "#0"},
				"south": {"uv": [7.75, 0.25, 8.5, 0.75], "texture": "#0"},
				"west": {"uv": [7.75, 0.25, 7.75, 0.75], "texture": "#0"},
				"up": {"uv": [7.75, 0.25, 7, 0.25], "texture": "#0"},
				"down": {"uv": [8.5, 0.25, 7.75, 0.25], "texture": "#0"}
			}
		},
		{
			"name": "middle_legs",
			"from": [17.5, 16, -8],
			"to": [22.5, 18, -8],
			"faces": {
				"north": {"uv": [6.75, 0.75, 8, 1.25], "texture": "#0"},
				"east": {"uv": [6.75, 0.75, 6.75, 1.25], "texture": "#0"},
				"south": {"uv": [8, 0.75, 9.25, 1.25], "texture": "#0"},
				"west": {"uv": [8, 0.75, 8, 1.25], "texture": "#0"},
				"up": {"uv": [8, 0.75, 6.75, 0.75], "texture": "#0"},
				"down": {"uv": [9.25, 0.75, 8, 0.75], "texture": "#0"}
			}
		},
		{
			"name": "back_legs",
			"from": [17.5, 16, -6],
			"to": [22.5, 18, -6],
			"faces": {
				"north": {"uv": [6.75, 1.25, 8, 1.75], "texture": "#0"},
				"east": {"uv": [6.75, 1.25, 6.75, 1.75], "texture": "#0"},
				"south": {"uv": [8, 1.25, 9.25, 1.75], "texture": "#0"},
				"west": {"uv": [8, 1.25, 8, 1.75], "texture": "#0"},
				"up": {"uv": [8, 1.25, 6.75, 1.25], "texture": "#0"},
				"down": {"uv": [9.25, 1.25, 8, 1.25], "texture": "#0"}
			}
		},
		{
			"name": "left_antenna",
			"from": [17.5, 23, -16],
			"to": [18.5, 25, -13],
			"faces": {
				"north": {"uv": [1.25, 0.75, 1.5, 1.25], "texture": "#0"},
				"east": {"uv": [0.5, 0.75, 1.25, 1.25], "texture": "#0"},
				"south": {"uv": [2.25, 0.75, 2.5, 1.25], "texture": "#0"},
				"west": {"uv": [1.5, 0.75, 2.25, 1.25], "texture": "#0"},
				"up": {"uv": [1.5, 0.75, 1.25, 0], "texture": "#0"},
				"down": {"uv": [1.75, 0, 1.5, 0.75], "texture": "#0"}
			}
		},
		{
			"name": "stinger",
			"from": [20, 21, -3],
			"to": [20, 22, -1],
			"faces": {
				"north": {"uv": [6.5, 2.25, 6.5, 2.5], "texture": "#0"},
				"east": {"uv": [6, 2.25, 6.5, 2.5], "texture": "#0"},
				"south": {"uv": [7, 2.25, 7, 2.5], "texture": "#0"},
				"west": {"uv": [6.5, 2.25, 7, 2.5], "texture": "#0"},
				"up": {"uv": [6.5, 2.25, 6.5, 1.75], "texture": "#0"},
				"down": {"uv": [6.5, 1.75, 6.5, 2.25], "texture": "#0"}
			}
		},
		{
			"name": "right_antenna",
			"from": [21.5, 23, -16],
			"to": [22.5, 25, -13],
			"faces": {
				"north": {"uv": [1.25, 1.5, 1.5, 2], "texture": "#0"},
				"east": {"uv": [0.5, 1.5, 1.25, 2], "texture": "#0"},
				"south": {"uv": [2.25, 1.5, 2.5, 2], "texture": "#0"},
				"west": {"uv": [1.5, 1.5, 2.25, 2], "texture": "#0"},
				"up": {"uv": [1.5, 1.5, 1.25, 0.75], "texture": "#0"},
				"down": {"uv": [1.75, 0.75, 1.5, 1.5], "texture": "#0"}
			}
		},
		{
			"name": "torso",
			"from": [16.5, 18, -13],
			"to": [23.5, 25, -3],
			"faces": {
				"north": {"uv": [2.5, 2.5, 4.25, 4.25], "texture": "#0"},
				"east": {"uv": [0, 2.5, 2.5, 4.25], "texture": "#0"},
				"south": {"uv": [6.75, 2.5, 8.5, 4.25], "texture": "#0"},
				"west": {"uv": [4.25, 2.5, 6.75, 4.25], "texture": "#0"},
				"up": {"uv": [4.25, 2.5, 2.5, 0], "texture": "#0"},
				"down": {"uv": [6, 0, 4.25, 2.5], "texture": "#0"}
			}
		}
	],
	"display": {
		"gui": {
			"rotation": [21, 140, 0],
			"translation": [0.75, 0, 0],
			"scale": [0.28, 0.28, 0.28]
		},
		"fixed": {
			"rotation": [-90, 0, 0],
			"translation": [0, 4.25, -28.75]
		}
	},
	"groups": [
		{
			"name": "body",
			"origin": [0, 0, 0],
			"color": 0,
			"nbt": "{}",
			"armAnimationEnabled": false,
			"children": [
				{
					"name": "left_wing",
					"origin": [1.5, 9, -3],
					"color": 0,
					"nbt": "{}",
					"armAnimationEnabled": false,
					"shade": false,
					"children": [0]
				},
				{
					"name": "right_wing",
					"origin": [-1.5, 9, -3],
					"color": 0,
					"nbt": "{}",
					"armAnimationEnabled": false,
					"children": [1]
				},
				{
					"name": "front_legs",
					"origin": [1.5, 2, -2],
					"color": 0,
					"nbt": "{}",
					"armAnimationEnabled": false,
					"children": [2]
				},
				{
					"name": "middle_legs",
					"origin": [1.5, 2, 0],
					"color": 0,
					"nbt": "{}",
					"armAnimationEnabled": false,
					"children": [3]
				},
				{
					"name": "back_legs",
					"origin": [1.5, 2, 2],
					"color": 0,
					"nbt": "{}",
					"armAnimationEnabled": false,
					"children": [4]
				},
				{
					"name": "left_antenna",
					"origin": [0, 7, -5],
					"color": 0,
					"nbt": "{}",
					"armAnimationEnabled": false,
					"children": [5]
				},
				{
					"name": "stinger",
					"origin": [0, 5, 0],
					"color": 0,
					"nbt": "{}",
					"armAnimationEnabled": false,
					"children": [6]
				},
				{
					"name": "right_antenna",
					"origin": [0, 7, -5],
					"color": 0,
					"nbt": "{}",
					"armAnimationEnabled": false,
					"children": [7]
				},
				{
					"name": "torso",
					"origin": [0, 5, 0],
					"color": 0,
					"nbt": "{}",
					"armAnimationEnabled": false,
					"children": [8]
				}
			]
		},
		{
			"name": "body",
			"origin": [0, 0, 0],
			"color": 0,
			"nbt": "{}",
			"armAnimationEnabled": false,
			"children": [
				{
					"name": "left_wing",
					"origin": [1.5, 9, -3],
					"color": 0,
					"nbt": "{}",
					"armAnimationEnabled": false,
					"shade": false,
					"children": [9]
				},
				{
					"name": "right_wing",
					"origin": [-1.5, 9, -3],
					"color": 0,
					"nbt": "{}",
					"armAnimationEnabled": false,
					"children": [10]
				},
				{
					"name": "front_legs",
					"origin": [1.5, 2, -2],
					"color": 0,
					"nbt": "{}",
					"armAnimationEnabled": false,
					"children": [11]
				},
				{
					"name": "middle_legs",
					"origin": [1.5, 2, 0],
					"color": 0,
					"nbt": "{}",
					"armAnimationEnabled": false,
					"children": [12]
				},
				{
					"name": "back_legs",
					"origin": [1.5, 2, 2],
					"color": 0,
					"nbt": "{}",
					"armAnimationEnabled": false,
					"children": [13]
				},
				{
					"name": "left_antenna",
					"origin": [0, 7, -5],
					"color": 0,
					"nbt": "{}",
					"armAnimationEnabled": false,
					"children": [14]
				},
				{
					"name": "stinger",
					"origin": [0, 5, 0],
					"color": 0,
					"nbt": "{}",
					"armAnimationEnabled": false,
					"children": [15]
				},
				{
					"name": "right_antenna",
					"origin": [0, 7, -5],
					"color": 0,
					"nbt": "{}",
					"armAnimationEnabled": false,
					"children": [16]
				},
				{
					"name": "torso",
					"origin": [0, 5, 0],
					"color": 0,
					"nbt": "{}",
					"armAnimationEnabled": false,
					"children": [17]
				}
			]
		},
		{
			"name": "body",
			"origin": [0, 0, 0],
			"color": 0,
			"nbt": "{}",
			"armAnimationEnabled": false,
			"children": [
				{
					"name": "left_wing",
					"origin": [1.5, 9, -3],
					"color": 0,
					"nbt": "{}",
					"armAnimationEnabled": false,
					"shade": false,
					"children": [18]
				},
				{
					"name": "right_wing",
					"origin": [-1.5, 9, -3],
					"color": 0,
					"nbt": "{}",
					"armAnimationEnabled": false,
					"children": [19]
				},
				{
					"name": "front_legs",
					"origin": [1.5, 2, -2],
					"color": 0,
					"nbt": "{}",
					"armAnimationEnabled": false,
					"children": [20]
				},
				{
					"name": "middle_legs",
					"origin": [1.5, 2, 0],
					"color": 0,
					"nbt": "{}",
					"armAnimationEnabled": false,
					"children": [21]
				},
				{
					"name": "back_legs",
					"origin": [1.5, 2, 2],
					"color": 0,
					"nbt": "{}",
					"armAnimationEnabled": false,
					"children": [22]
				},
				{
					"name": "left_antenna",
					"origin": [0, 7, -5],
					"color": 0,
					"nbt": "{}",
					"armAnimationEnabled": false,
					"children": [23]
				},
				{
					"name": "stinger",
					"origin": [0, 5, 0],
					"color": 0,
					"nbt": "{}",
					"armAnimationEnabled": false,
					"children": [24]
				},
				{
					"name": "right_antenna",
					"origin": [0, 7, -5],
					"color": 0,
					"nbt": "{}",
					"armAnimationEnabled": false,
					"children": [25]
				},
				{
					"name": "torso",
					"origin": [0, 5, 0],
					"color": 0,
					"nbt": "{}",
					"armAnimationEnabled": false,
					"children": [26]
				}
			]
		},
		{
			"name": "body",
			"origin": [0, 0, 0],
			"color": 0,
			"nbt": "{}",
			"armAnimationEnabled": false,
			"children": [
				{
					"name": "left_wing",
					"origin": [1.5, 9, -3],
					"color": 0,
					"nbt": "{}",
					"armAnimationEnabled": false,
					"shade": false,
					"children": [27]
				},
				{
					"name": "right_wing",
					"origin": [-1.5, 9, -3],
					"color": 0,
					"nbt": "{}",
					"armAnimationEnabled": false,
					"children": [28]
				},
				{
					"name": "front_legs",
					"origin": [1.5, 2, -2],
					"color": 0,
					"nbt": "{}",
					"armAnimationEnabled": false,
					"children": [29]
				},
				{
					"name": "middle_legs",
					"origin": [1.5, 2, 0],
					"color": 0,
					"nbt": "{}",
					"armAnimationEnabled": false,
					"children": [30]
				},
				{
					"name": "back_legs",
					"origin": [1.5, 2, 2],
					"color": 0,
					"nbt": "{}",
					"armAnimationEnabled": false,
					"children": [31]
				},
				{
					"name": "left_antenna",
					"origin": [0, 7, -5],
					"color": 0,
					"nbt": "{}",
					"armAnimationEnabled": false,
					"children": [32]
				},
				{
					"name": "stinger",
					"origin": [0, 5, 0],
					"color": 0,
					"nbt": "{}",
					"armAnimationEnabled": false,
					"children": [33]
				},
				{
					"name": "right_antenna",
					"origin": [0, 7, -5],
					"color": 0,
					"nbt": "{}",
					"armAnimationEnabled": false,
					"children": [34]
				},
				{
					"name": "torso",
					"origin": [0, 5, 0],
					"color": 0,
					"nbt": "{}",
					"armAnimationEnabled": false,
					"children": [35]
				}
			]
		}
	]
}