{
	"credit": "Made with Blockbench",
	"textures": {
		"1": "block/oak_planks",
		"2": "block/spruce_log",
		"3": "block/gravel",
		"particle": "block/spruce_log"
	},
	"elements": [
		{
			"from": [-13, 0, 2],
			"to": [3, 1, 6],
			"faces": {
				"north": {"uv": [0, 0, 6, 1], "texture": "#1"},
				"east": {"uv": [0, 0, 4, 1], "texture": "#1"},
				"south": {"uv": [0, 0, 6, 1], "texture": "#1"},
				"west": {"uv": [0, 0, 4, 1], "texture": "#1"},
				"up": {"uv": [0, 10, 16, 14], "texture": "#1"},
				"down": {"uv": [0, 10, 16, 14], "texture": "#1"}
			}
		},
		{
			"from": [-14, 0, 12],
			"to": [-5, 1, 16],
			"faces": {
				"north": {"uv": [0, 0, 6, 1], "texture": "#1"},
				"east": {"uv": [0, 0, 4, 1], "texture": "#1"},
				"south": {"uv": [0, 0, 6, 1], "texture": "#1"},
				"west": {"uv": [0, 0, 4, 1], "texture": "#1"},
				"up": {"uv": [7, 10, 16, 14], "texture": "#1"},
				"down": {"uv": [7, 10, 16, 14], "texture": "#1"}
			}
		},
		{
			"from": [21, 0, 9],
			"to": [30, 1, 13],
			"faces": {
				"north": {"uv": [0, 0, 6, 1], "texture": "#1"},
				"east": {"uv": [0, 0, 4, 1], "texture": "#1"},
				"south": {"uv": [0, 0, 6, 1], "texture": "#1"},
				"west": {"uv": [0, 0, 4, 1], "texture": "#1"},
				"up": {"uv": [4, 3, 13, 7], "texture": "#1"},
				"down": {"uv": [4, 3, 13, 7], "texture": "#1"}
			}
		},
		{
			"from": [-5, 0, 11],
			"to": [8, 1, 15],
			"faces": {
				"north": {"uv": [0, 0, 6, 1], "texture": "#1"},
				"east": {"uv": [0, 0, 4, 1], "texture": "#1"},
				"south": {"uv": [0, 0, 6, 1], "texture": "#1"},
				"west": {"uv": [0, 0, 4, 1], "texture": "#1"},
				"up": {"uv": [2, 6, 15, 10], "texture": "#1"},
				"down": {"uv": [2, 6, 15, 10], "texture": "#1"}
			}
		},
		{
			"from": [8, 0, 10],
			"to": [21, 1, 14],
			"faces": {
				"north": {"uv": [0, 0, 6, 1], "texture": "#1"},
				"east": {"uv": [0, 0, 4, 1], "texture": "#1"},
				"south": {"uv": [0, 0, 6, 1], "texture": "#1"},
				"west": {"uv": [0, 0, 4, 1], "texture": "#1"},
				"up": {"uv": [1, 11, 14, 15], "texture": "#1"},
				"down": {"uv": [1, 11, 14, 15], "texture": "#1"}
			}
		},
		{
			"from": [13, 0, 3],
			"to": [29, 1, 7],
			"faces": {
				"north": {"uv": [0, 0, 6, 1], "texture": "#1"},
				"east": {"uv": [0, 0, 4, 1], "texture": "#1"},
				"south": {"uv": [0, 0, 6, 1], "texture": "#1"},
				"west": {"uv": [0, 0, 4, 1], "texture": "#1"},
				"up": {"uv": [0, 9, 16, 13], "texture": "#1"},
				"down": {"uv": [0, 9, 16, 13], "texture": "#1"}
			}
		},
		{
			"from": [29, 0, 4],
			"to": [30, 1, 8],
			"faces": {
				"north": {"uv": [0, 0, 6, 1], "texture": "#1"},
				"east": {"uv": [0, 0, 4, 1], "texture": "#1"},
				"south": {"uv": [0, 0, 6, 1], "texture": "#1"},
				"west": {"uv": [0, 0, 4, 1], "texture": "#1"},
				"up": {"uv": [3, 0, 4, 4], "texture": "#1"},
				"down": {"uv": [3, 0, 4, 4], "texture": "#1"}
			}
		},
		{
			"from": [3, 0, 2],
			"to": [8, 1, 6],
			"faces": {
				"north": {"uv": [0, 0, 6, 1], "texture": "#1"},
				"east": {"uv": [0, 0, 4, 1], "texture": "#1"},
				"south": {"uv": [0, 0, 6, 1], "texture": "#1"},
				"west": {"uv": [0, 0, 4, 1], "texture": "#1"},
				"up": {"uv": [0, 9, 5, 13], "texture": "#1"},
				"down": {"uv": [0, 9, 5, 13], "texture": "#1"}
			}
		},
		{
			"from": [8, 0, 3],
			"to": [13, 1, 7],
			"faces": {
				"north": {"uv": [0, 0, 6, 1], "texture": "#1"},
				"east": {"uv": [0, 0, 4, 1], "texture": "#1"},
				"south": {"uv": [0, 0, 6, 1], "texture": "#1"},
				"west": {"uv": [0, 0, 4, 1], "texture": "#1"},
				"up": {"uv": [5, 6, 10, 10], "texture": "#1"},
				"down": {"uv": [5, 6, 10, 10], "texture": "#1"}
			}
		},
		{
			"from": [-14, 0, 2],
			"to": [-13, 1, 5],
			"faces": {
				"north": {"uv": [0, 0, 6, 1], "texture": "#1"},
				"east": {"uv": [0, 0, 4, 1], "texture": "#1"},
				"south": {"uv": [0, 0, 6, 1], "texture": "#1"},
				"west": {"uv": [0, 0, 4, 1], "texture": "#1"},
				"up": {"uv": [0, 11, 1, 14], "texture": "#1"},
				"down": {"uv": [0, 11, 1, 14], "texture": "#1"}
			}
		},
		{
			"from": [-0.65, 0.075, 0],
			"to": [0.95, 0.875, 16],
			"faces": {
				"north": {"uv": [1, 1, 1.8, 1.8], "texture": "#2"},
				"east": {"uv": [0, 5, 16, 6.8], "texture": "#2"},
				"south": {"uv": [1, 1, 1.8, 1.8], "texture": "#2"},
				"west": {"uv": [0, 5, 16, 6.8], "texture": "#2"},
				"up": {"uv": [3, 0, 4.8, 16], "texture": "#2"},
				"down": {"uv": [3, 0, 4.8, 16], "texture": "#2"}
			}
		},
		{
			"from": [15.05, 0.075, 0],
			"to": [16.65, 0.875, 16],
			"faces": {
				"north": {"uv": [1, 1, 1.8, 1.8], "texture": "#2"},
				"east": {"uv": [0, 5, 16, 6.8], "texture": "#2"},
				"south": {"uv": [1, 1, 1.8, 1.8], "texture": "#2"},
				"west": {"uv": [0, 5, 16, 6.8], "texture": "#2"},
				"up": {"uv": [3, 0, 4.8, 16], "texture": "#2"},
				"down": {"uv": [3, 0, 4.8, 16], "texture": "#2"}
			}
		},
		{
			"from": [-0.5, 1.001, 3.5],
			"to": [0.5, 1.001, 4.5],
			"faces": {
				"north": {"uv": [0, 0, 1, 0], "texture": "#3"},
				"east": {"uv": [0, 0, 1, 0], "texture": "#3"},
				"south": {"uv": [0, 0, 1, 0], "texture": "#3"},
				"west": {"uv": [0, 0, 1, 0], "texture": "#3"},
				"up": {"uv": [0, 0, 1, 1], "texture": "#3"},
				"down": {"uv": [0, 0, 1, 1], "texture": "#3"}
			}
		},
		{
			"from": [-0.5, 1.001, 12.5],
			"to": [0.5, 1.001, 13.5],
			"faces": {
				"north": {"uv": [0, 0, 1, 0], "texture": "#3"},
				"east": {"uv": [0, 0, 1, 0], "texture": "#3"},
				"south": {"uv": [0, 0, 1, 0], "texture": "#3"},
				"west": {"uv": [0, 0, 1, 0], "texture": "#3"},
				"up": {"uv": [0, 0, 1, 1], "texture": "#3"},
				"down": {"uv": [0, 0, 1, 1], "texture": "#3"}
			}
		},
		{
			"from": [15.5, 1.001, 4.5],
			"to": [16.5, 1.001, 5.5],
			"faces": {
				"north": {"uv": [0, 0, 1, 0], "texture": "#3"},
				"east": {"uv": [0, 0, 1, 0], "texture": "#3"},
				"south": {"uv": [0, 0, 1, 0], "texture": "#3"},
				"west": {"uv": [0, 0, 1, 0], "texture": "#3"},
				"up": {"uv": [0, 0, 1, 1], "texture": "#3"},
				"down": {"uv": [0, 0, 1, 1], "texture": "#3"}
			}
		},
		{
			"from": [15.5, 1.001, 11.5],
			"to": [16.5, 1.001, 12.5],
			"faces": {
				"north": {"uv": [0, 0, 1, 0], "texture": "#3"},
				"east": {"uv": [0, 0, 1, 0], "texture": "#3"},
				"south": {"uv": [0, 0, 1, 0], "texture": "#3"},
				"west": {"uv": [0, 0, 1, 0], "texture": "#3"},
				"up": {"uv": [0, 0, 1, 1], "texture": "#3"},
				"down": {"uv": [0, 0, 1, 1], "texture": "#3"}
			}
		}
	],
	"display": {
		"fixed": {
			"rotation": [90, 0, 0],
			"translation": [0, 0, 14],
			"scale": [2, 2, 2]
		}
	}
}