{
	"credit": "Made with Blockbench",
	"textures": {
		"1": "block/oak_planks",
		"2": "block/spruce_log",
		"3": "block/gravel",
		"particle": "block/spruce_log"
	},
	"elements": [
		{
			"from": [-14, 0, 5],
			"to": [-8, 1, 9],
			"faces": {
				"north": {"uv": [0, 0, 6, 1], "texture": "#1"},
				"east": {"uv": [0, 0, 4, 1], "texture": "#1"},
				"south": {"uv": [0, 0, 6, 1], "texture": "#1"},
				"west": {"uv": [0, 0, 4, 1], "texture": "#1"},
				"up": {"uv": [4, 6, 10, 10], "texture": "#1"},
				"down": {"uv": [4, 6, 10, 10], "texture": "#1"}
			}
		},
		{
			"from": [-14, 0, 10],
			"to": [-10, 1, 13],
			"faces": {
				"north": {"uv": [0, 0, 6, 1], "texture": "#1"},
				"east": {"uv": [0, 0, 4, 1], "texture": "#1"},
				"south": {"uv": [0, 0, 6, 1], "texture": "#1"},
				"west": {"uv": [0, 0, 4, 1], "texture": "#1"},
				"up": {"uv": [4, 7, 8, 10], "texture": "#1"},
				"down": {"uv": [4, 7, 8, 10], "texture": "#1"}
			}
		},
		{
			"from": [26, 0, 12],
			"to": [30, 1, 16],
			"faces": {
				"north": {"uv": [0, 0, 6, 1], "texture": "#1"},
				"east": {"uv": [0, 0, 4, 1], "texture": "#1"},
				"south": {"uv": [0, 0, 6, 1], "texture": "#1"},
				"west": {"uv": [0, 0, 4, 1], "texture": "#1"},
				"up": {"uv": [4, 7, 8, 10], "texture": "#1"},
				"down": {"uv": [4, 7, 8, 10], "texture": "#1"}
			}
		},
		{
			"from": [-10, 0, 10],
			"to": [6, 1, 14],
			"faces": {
				"north": {"uv": [0, 0, 6, 1], "texture": "#1"},
				"east": {"uv": [0, 0, 4, 1], "texture": "#1"},
				"south": {"uv": [0, 0, 6, 1], "texture": "#1"},
				"west": {"uv": [0, 0, 4, 1], "texture": "#1"},
				"up": {"uv": [0, 10, 16, 14], "texture": "#1"},
				"down": {"uv": [0, 10, 16, 14], "texture": "#1"}
			}
		},
		{
			"from": [6, 0, 10],
			"to": [8, 1, 14],
			"faces": {
				"north": {"uv": [0, 0, 6, 1], "texture": "#1"},
				"east": {"uv": [0, 0, 4, 1], "texture": "#1"},
				"south": {"uv": [0, 0, 6, 1], "texture": "#1"},
				"west": {"uv": [0, 0, 4, 1], "texture": "#1"},
				"up": {"uv": [2, 6, 4, 10], "texture": "#1"},
				"down": {"uv": [2, 6, 4, 10], "texture": "#1"}
			}
		},
		{
			"from": [8, 0, 11],
			"to": [24, 1, 15],
			"faces": {
				"north": {"uv": [0, 0, 6, 1], "texture": "#1"},
				"east": {"uv": [0, 0, 4, 1], "texture": "#1"},
				"south": {"uv": [0, 0, 6, 1], "texture": "#1"},
				"west": {"uv": [0, 0, 4, 1], "texture": "#1"},
				"up": {"uv": [0, 5, 16, 9], "texture": "#1"},
				"down": {"uv": [0, 5, 16, 9], "texture": "#1"}
			}
		},
		{
			"from": [24, 0, 11],
			"to": [26, 1, 15],
			"faces": {
				"north": {"uv": [0, 0, 6, 1], "texture": "#1"},
				"east": {"uv": [0, 0, 4, 1], "texture": "#1"},
				"south": {"uv": [0, 0, 6, 1], "texture": "#1"},
				"west": {"uv": [0, 0, 4, 1], "texture": "#1"},
				"up": {"uv": [2, 6, 4, 10], "texture": "#1"},
				"down": {"uv": [2, 6, 4, 10], "texture": "#1"}
			}
		},
		{
			"from": [28, 0, 1],
			"to": [30, 1, 4],
			"faces": {
				"north": {"uv": [0, 0, 2, 1], "texture": "#1"},
				"east": {"uv": [0, 0, 3, 1], "texture": "#1"},
				"south": {"uv": [0, 0, 2, 1], "texture": "#1"},
				"west": {"uv": [0, 0, 3, 1], "texture": "#1"},
				"up": {"uv": [0, 1, 2, 4], "texture": "#1"},
				"down": {"uv": [0, 0, 2, 3], "texture": "#1"}
			}
		},
		{
			"from": [19, 0, 1],
			"to": [28, 1, 5],
			"faces": {
				"north": {"uv": [0, 0, 9, 1], "texture": "#1"},
				"east": {"uv": [0, 0, 4, 1], "texture": "#1"},
				"south": {"uv": [0, 0, 9, 1], "texture": "#1"},
				"west": {"uv": [0, 0, 4, 1], "texture": "#1"},
				"up": {"uv": [0, 0, 9, 4], "texture": "#1"},
				"down": {"uv": [0, 0, 9, 4], "texture": "#1"}
			}
		},
		{
			"from": [1, 0, 3],
			"to": [10, 1, 7],
			"faces": {
				"north": {"uv": [0, 0, 9, 1], "texture": "#1"},
				"east": {"uv": [0, 0, 4, 1], "texture": "#1"},
				"south": {"uv": [0, 0, 9, 1], "texture": "#1"},
				"west": {"uv": [0, 0, 4, 1], "texture": "#1"},
				"up": {"uv": [4, 9, 13, 13], "texture": "#1"},
				"down": {"uv": [4, 9, 13, 13], "texture": "#1"}
			}
		},
		{
			"from": [-8, 0, 4],
			"to": [1, 1, 8],
			"faces": {
				"north": {"uv": [0, 0, 9, 1], "texture": "#1"},
				"east": {"uv": [0, 0, 4, 1], "texture": "#1"},
				"south": {"uv": [0, 0, 9, 1], "texture": "#1"},
				"west": {"uv": [0, 0, 4, 1], "texture": "#1"},
				"up": {"uv": [2, 6, 11, 10], "texture": "#1"},
				"down": {"uv": [2, 6, 11, 10], "texture": "#1"}
			}
		},
		{
			"from": [10, 0, 2],
			"to": [19, 1, 6],
			"faces": {
				"north": {"uv": [0, 0, 9, 1], "texture": "#1"},
				"east": {"uv": [0, 0, 4, 1], "texture": "#1"},
				"south": {"uv": [0, 0, 9, 1], "texture": "#1"},
				"west": {"uv": [0, 0, 4, 1], "texture": "#1"},
				"up": {"uv": [5, 1, 14, 5], "texture": "#1"},
				"down": {"uv": [5, 1, 14, 5], "texture": "#1"}
			}
		},
		{
			"from": [-0.65, 0.075, 0],
			"to": [0.95, 0.875, 16],
			"faces": {
				"north": {"uv": [1, 1, 1.8, 1.8], "texture": "#2"},
				"east": {"uv": [0, 5, 16, 6.8], "texture": "#2"},
				"south": {"uv": [1, 1, 1.8, 1.8], "texture": "#2"},
				"west": {"uv": [0, 5, 16, 6.8], "texture": "#2"},
				"up": {"uv": [3, 0, 4.8, 16], "texture": "#2"},
				"down": {"uv": [3, 0, 4.8, 16], "texture": "#2"}
			}
		},
		{
			"from": [15.05, 0.075, 0],
			"to": [16.65, 0.875, 16],
			"faces": {
				"north": {"uv": [1, 1, 1.8, 1.8], "texture": "#2"},
				"east": {"uv": [0, 5, 16, 6.8], "texture": "#2"},
				"south": {"uv": [1, 1, 1.8, 1.8], "texture": "#2"},
				"west": {"uv": [0, 5, 16, 6.8], "texture": "#2"},
				"up": {"uv": [3, 0, 4.8, 16], "texture": "#2"},
				"down": {"uv": [3, 0, 4.8, 16], "texture": "#2"}
			}
		},
		{
			"from": [-0.25, 1.001, 5.5],
			"to": [0.75, 1.001, 6.5],
			"faces": {
				"north": {"uv": [0, 0, 1, 0], "texture": "#3"},
				"east": {"uv": [0, 0, 1, 0], "texture": "#3"},
				"south": {"uv": [0, 0, 1, 0], "texture": "#3"},
				"west": {"uv": [0, 0, 1, 0], "texture": "#3"},
				"up": {"uv": [0, 0, 1, 1], "texture": "#3"},
				"down": {"uv": [0, 0, 1, 1], "texture": "#3"}
			}
		},
		{
			"from": [-0.5, 1.001, 11.5],
			"to": [0.5, 1.001, 12.5],
			"faces": {
				"north": {"uv": [0, 0, 1, 0], "texture": "#3"},
				"east": {"uv": [0, 0, 1, 0], "texture": "#3"},
				"south": {"uv": [0, 0, 1, 0], "texture": "#3"},
				"west": {"uv": [0, 0, 1, 0], "texture": "#3"},
				"up": {"uv": [0, 0, 1, 1], "texture": "#3"},
				"down": {"uv": [0, 0, 1, 1], "texture": "#3"}
			}
		},
		{
			"from": [15.5, 1.001, 3.5],
			"to": [16.5, 1.001, 4.5],
			"faces": {
				"north": {"uv": [0, 0, 1, 0], "texture": "#3"},
				"east": {"uv": [0, 0, 1, 0], "texture": "#3"},
				"south": {"uv": [0, 0, 1, 0], "texture": "#3"},
				"west": {"uv": [0, 0, 1, 0], "texture": "#3"},
				"up": {"uv": [0, 0, 1, 1], "texture": "#3"},
				"down": {"uv": [0, 0, 1, 1], "texture": "#3"}
			}
		},
		{
			"from": [15.5, 1.001, 12.5],
			"to": [16.5, 1.001, 13.5],
			"faces": {
				"north": {"uv": [0, 0, 1, 0], "texture": "#3"},
				"east": {"uv": [0, 0, 1, 0], "texture": "#3"},
				"south": {"uv": [0, 0, 1, 0], "texture": "#3"},
				"west": {"uv": [0, 0, 1, 0], "texture": "#3"},
				"up": {"uv": [0, 0, 1, 1], "texture": "#3"},
				"down": {"uv": [0, 0, 1, 1], "texture": "#3"}
			}
		}
	],
	"display": {
		"fixed": {
			"rotation": [90, 0, 0],
			"translation": [0, 0, 14],
			"scale": [2, 2, 2]
		}
	}
}