{
	"credit": "Made with Blockbench",
	"textures": {
		"0": "block/spruce_planks",
		"1": "block/polished_andesite",
		"2": "block/gray_concrete",
		"3": "block/coal_block",
		"4": "block/blackstone_top",
		"5": "block/glowstone",
		"particle": "block/spruce_planks"
	},
	"elements": [
		{
			"from": [0, 0, 6],
			"to": [1, 1, 10],
			"faces": {
				"north": {"uv": [0, 0, 1, 1], "texture": "#0"},
				"east": {"uv": [0, 0, 4, 1], "texture": "#0"},
				"south": {"uv": [0, 0, 1, 1], "texture": "#0"},
				"west": {"uv": [0, 0, 4, 1], "texture": "#0"},
				"up": {"uv": [0, 0, 1, 4], "texture": "#0"},
				"down": {"uv": [0, 0, 1, 4], "texture": "#0"}
			}
		},
		{
			"from": [0, 7, 6],
			"to": [1, 8, 10],
			"faces": {
				"north": {"uv": [0, 0, 1, 1], "texture": "#0"},
				"east": {"uv": [0, 0, 4, 1], "texture": "#0"},
				"south": {"uv": [0, 0, 1, 1], "texture": "#0"},
				"west": {"uv": [0, 0, 4, 1], "texture": "#0"},
				"up": {"uv": [0, 0, 1, 4], "texture": "#0"},
				"down": {"uv": [0, 0, 1, 4], "texture": "#0"}
			}
		},
		{
			"from": [0, 2, 4],
			"to": [1, 6, 5],
			"rotation": {"angle": 0, "axis": "x", "origin": [0.5, 0.5, 8]},
			"faces": {
				"north": {"uv": [0, 0, 1, 4], "rotation": 180, "texture": "#0"},
				"east": {"uv": [0, 0, 4, 1], "rotation": 270, "texture": "#0"},
				"south": {"uv": [0, 0, 1, 4], "texture": "#0"},
				"west": {"uv": [0, 0, 4, 1], "rotation": 90, "texture": "#0"},
				"up": {"uv": [0, 0, 1, 1], "rotation": 180, "texture": "#0"},
				"down": {"uv": [0, 0, 1, 1], "texture": "#0"}
			}
		},
		{
			"from": [0, 2, 11],
			"to": [1, 6, 12],
			"rotation": {"angle": 0, "axis": "x", "origin": [0.5, 0.5, 8]},
			"faces": {
				"north": {"uv": [0, 0, 1, 4], "rotation": 180, "texture": "#0"},
				"east": {"uv": [0, 0, 4, 1], "rotation": 270, "texture": "#0"},
				"south": {"uv": [0, 0, 1, 4], "texture": "#0"},
				"west": {"uv": [0, 0, 4, 1], "rotation": 90, "texture": "#0"},
				"up": {"uv": [0, 0, 1, 1], "rotation": 180, "texture": "#0"},
				"down": {"uv": [0, 0, 1, 1], "texture": "#0"}
			}
		},
		{
			"from": [0, 1, 5],
			"to": [1, 2, 6],
			"faces": {
				"north": {"uv": [0, 0, 1, 1], "texture": "#0"},
				"east": {"uv": [0, 0, 1, 1], "texture": "#0"},
				"south": {"uv": [0, 0, 1, 1], "texture": "#0"},
				"west": {"uv": [0, 0, 1, 1], "texture": "#0"},
				"up": {"uv": [0, 0, 1, 1], "texture": "#0"},
				"down": {"uv": [0, 0, 1, 1], "texture": "#0"}
			}
		},
		{
			"from": [0, 6, 5],
			"to": [1, 7, 6],
			"faces": {
				"north": {"uv": [0, 0, 1, 1], "texture": "#0"},
				"east": {"uv": [0, 0, 1, 1], "texture": "#0"},
				"south": {"uv": [0, 0, 1, 1], "texture": "#0"},
				"west": {"uv": [0, 0, 1, 1], "texture": "#0"},
				"up": {"uv": [0, 0, 1, 1], "texture": "#0"},
				"down": {"uv": [0, 0, 1, 1], "texture": "#0"}
			}
		},
		{
			"from": [0, 1, 10],
			"to": [1, 2, 11],
			"faces": {
				"north": {"uv": [0, 0, 1, 1], "texture": "#0"},
				"east": {"uv": [0, 0, 1, 1], "texture": "#0"},
				"south": {"uv": [0, 0, 1, 1], "texture": "#0"},
				"west": {"uv": [0, 0, 1, 1], "texture": "#0"},
				"up": {"uv": [0, 0, 1, 1], "texture": "#0"},
				"down": {"uv": [0, 0, 1, 1], "texture": "#0"}
			}
		},
		{
			"from": [0, 6, 10],
			"to": [1, 7, 11],
			"rotation": {"angle": 0, "axis": "x", "origin": [0.5, 6.5, 10.5]},
			"faces": {
				"north": {"uv": [0, 0, 1, 1], "texture": "#0"},
				"east": {"uv": [0, 0, 1, 1], "texture": "#0"},
				"south": {"uv": [0, 0, 1, 1], "texture": "#0"},
				"west": {"uv": [0, 0, 1, 1], "texture": "#0"},
				"up": {"uv": [0, 0, 1, 1], "texture": "#0"},
				"down": {"uv": [0, 0, 1, 1], "texture": "#0"}
			}
		},
		{
			"from": [0, 5, 9],
			"to": [1, 6, 10],
			"rotation": {"angle": 0, "axis": "x", "origin": [0.5, 6.5, 10.5]},
			"faces": {
				"north": {"uv": [0, 0, 1, 1], "texture": "#0"},
				"east": {"uv": [0, 0, 1, 1], "texture": "#0"},
				"south": {"uv": [0, 0, 1, 1], "texture": "#0"},
				"west": {"uv": [0, 0, 1, 1], "texture": "#0"},
				"up": {"uv": [0, 0, 1, 1], "texture": "#0"},
				"down": {"uv": [0, 0, 1, 1], "texture": "#0"}
			}
		},
		{
			"from": [0, 2, 9],
			"to": [1, 3, 10],
			"rotation": {"angle": 0, "axis": "x", "origin": [0.5, 6.5, 10.5]},
			"faces": {
				"north": {"uv": [0, 0, 1, 1], "texture": "#0"},
				"east": {"uv": [0, 0, 1, 1], "texture": "#0"},
				"south": {"uv": [0, 0, 1, 1], "texture": "#0"},
				"west": {"uv": [0, 0, 1, 1], "texture": "#0"},
				"up": {"uv": [0, 0, 1, 1], "texture": "#0"},
				"down": {"uv": [0, 0, 1, 1], "texture": "#0"}
			}
		},
		{
			"from": [0, 2, 6],
			"to": [1, 3, 7],
			"rotation": {"angle": 0, "axis": "x", "origin": [0.5, 6.5, 10.5]},
			"faces": {
				"north": {"uv": [0, 0, 1, 1], "texture": "#0"},
				"east": {"uv": [0, 0, 1, 1], "texture": "#0"},
				"south": {"uv": [0, 0, 1, 1], "texture": "#0"},
				"west": {"uv": [0, 0, 1, 1], "texture": "#0"},
				"up": {"uv": [0, 0, 1, 1], "texture": "#0"},
				"down": {"uv": [0, 0, 1, 1], "texture": "#0"}
			}
		},
		{
			"from": [0, 5, 6],
			"to": [1, 6, 7],
			"rotation": {"angle": 0, "axis": "x", "origin": [0.5, 6.5, 10.5]},
			"faces": {
				"north": {"uv": [0, 0, 1, 1], "texture": "#0"},
				"east": {"uv": [0, 0, 1, 1], "texture": "#0"},
				"south": {"uv": [0, 0, 1, 1], "texture": "#0"},
				"west": {"uv": [0, 0, 1, 1], "texture": "#0"},
				"up": {"uv": [0, 0, 1, 1], "texture": "#0"},
				"down": {"uv": [0, 0, 1, 1], "texture": "#0"}
			}
		},
		{
			"from": [15, 5, 6],
			"to": [16, 6, 7],
			"rotation": {"angle": 0, "axis": "x", "origin": [0.5, 6.5, 10.5]},
			"faces": {
				"north": {"uv": [0, 0, 1, 1], "texture": "#0"},
				"east": {"uv": [0, 0, 1, 1], "texture": "#0"},
				"south": {"uv": [0, 0, 1, 1], "texture": "#0"},
				"west": {"uv": [0, 0, 1, 1], "texture": "#0"},
				"up": {"uv": [0, 0, 1, 1], "texture": "#0"},
				"down": {"uv": [0, 0, 1, 1], "texture": "#0"}
			}
		},
		{
			"from": [15, 0, 6],
			"to": [16, 1, 10],
			"faces": {
				"north": {"uv": [0, 0, 1, 1], "texture": "#0"},
				"east": {"uv": [0, 0, 4, 1], "texture": "#0"},
				"south": {"uv": [0, 0, 1, 1], "texture": "#0"},
				"west": {"uv": [0, 0, 4, 1], "texture": "#0"},
				"up": {"uv": [0, 0, 1, 4], "texture": "#0"},
				"down": {"uv": [0, 0, 1, 4], "texture": "#0"}
			}
		},
		{
			"from": [15, 7, 6],
			"to": [16, 8, 10],
			"faces": {
				"north": {"uv": [0, 0, 1, 1], "texture": "#0"},
				"east": {"uv": [0, 0, 4, 1], "texture": "#0"},
				"south": {"uv": [0, 0, 1, 1], "texture": "#0"},
				"west": {"uv": [0, 0, 4, 1], "texture": "#0"},
				"up": {"uv": [0, 0, 1, 4], "texture": "#0"},
				"down": {"uv": [0, 0, 1, 4], "texture": "#0"}
			}
		},
		{
			"from": [15, 2, 4],
			"to": [16, 6, 5],
			"rotation": {"angle": 0, "axis": "x", "origin": [0.5, 0.5, 8]},
			"faces": {
				"north": {"uv": [0, 0, 1, 4], "rotation": 180, "texture": "#0"},
				"east": {"uv": [0, 0, 4, 1], "rotation": 270, "texture": "#0"},
				"south": {"uv": [0, 0, 1, 4], "texture": "#0"},
				"west": {"uv": [0, 0, 4, 1], "rotation": 90, "texture": "#0"},
				"up": {"uv": [0, 0, 1, 1], "rotation": 180, "texture": "#0"},
				"down": {"uv": [0, 0, 1, 1], "texture": "#0"}
			}
		},
		{
			"from": [15, 2, 11],
			"to": [16, 6, 12],
			"rotation": {"angle": 0, "axis": "x", "origin": [0.5, 0.5, 8]},
			"faces": {
				"north": {"uv": [0, 0, 1, 4], "rotation": 180, "texture": "#0"},
				"east": {"uv": [0, 0, 4, 1], "rotation": 270, "texture": "#0"},
				"south": {"uv": [0, 0, 1, 4], "texture": "#0"},
				"west": {"uv": [0, 0, 4, 1], "rotation": 90, "texture": "#0"},
				"up": {"uv": [0, 0, 1, 1], "rotation": 180, "texture": "#0"},
				"down": {"uv": [0, 0, 1, 1], "texture": "#0"}
			}
		},
		{
			"from": [15, 1, 5],
			"to": [16, 2, 6],
			"faces": {
				"north": {"uv": [0, 0, 1, 1], "texture": "#0"},
				"east": {"uv": [0, 0, 1, 1], "texture": "#0"},
				"south": {"uv": [0, 0, 1, 1], "texture": "#0"},
				"west": {"uv": [0, 0, 1, 1], "texture": "#0"},
				"up": {"uv": [0, 0, 1, 1], "texture": "#0"},
				"down": {"uv": [0, 0, 1, 1], "texture": "#0"}
			}
		},
		{
			"from": [15, 6, 5],
			"to": [16, 7, 6],
			"faces": {
				"north": {"uv": [0, 0, 1, 1], "texture": "#0"},
				"east": {"uv": [0, 0, 1, 1], "texture": "#0"},
				"south": {"uv": [0, 0, 1, 1], "texture": "#0"},
				"west": {"uv": [0, 0, 1, 1], "texture": "#0"},
				"up": {"uv": [0, 0, 1, 1], "texture": "#0"},
				"down": {"uv": [0, 0, 1, 1], "texture": "#0"}
			}
		},
		{
			"from": [15, 1, 10],
			"to": [16, 2, 11],
			"faces": {
				"north": {"uv": [0, 0, 1, 1], "texture": "#0"},
				"east": {"uv": [0, 0, 1, 1], "texture": "#0"},
				"south": {"uv": [0, 0, 1, 1], "texture": "#0"},
				"west": {"uv": [0, 0, 1, 1], "texture": "#0"},
				"up": {"uv": [0, 0, 1, 1], "texture": "#0"},
				"down": {"uv": [0, 0, 1, 1], "texture": "#0"}
			}
		},
		{
			"from": [15, 6, 10],
			"to": [16, 7, 11],
			"rotation": {"angle": 0, "axis": "x", "origin": [0.5, 6.5, 10.5]},
			"faces": {
				"north": {"uv": [0, 0, 1, 1], "texture": "#0"},
				"east": {"uv": [0, 0, 1, 1], "texture": "#0"},
				"south": {"uv": [0, 0, 1, 1], "texture": "#0"},
				"west": {"uv": [0, 0, 1, 1], "texture": "#0"},
				"up": {"uv": [0, 0, 1, 1], "texture": "#0"},
				"down": {"uv": [0, 0, 1, 1], "texture": "#0"}
			}
		},
		{
			"from": [15, 5, 9],
			"to": [16, 6, 10],
			"rotation": {"angle": 0, "axis": "x", "origin": [0.5, 6.5, 10.5]},
			"faces": {
				"north": {"uv": [0, 0, 1, 1], "texture": "#0"},
				"east": {"uv": [0, 0, 1, 1], "texture": "#0"},
				"south": {"uv": [0, 0, 1, 1], "texture": "#0"},
				"west": {"uv": [0, 0, 1, 1], "texture": "#0"},
				"up": {"uv": [0, 0, 1, 1], "texture": "#0"},
				"down": {"uv": [0, 0, 1, 1], "texture": "#0"}
			}
		},
		{
			"from": [15, 2, 9],
			"to": [16, 3, 10],
			"rotation": {"angle": 0, "axis": "x", "origin": [0.5, 6.5, 10.5]},
			"faces": {
				"north": {"uv": [0, 0, 1, 1], "texture": "#0"},
				"east": {"uv": [0, 0, 1, 1], "texture": "#0"},
				"south": {"uv": [0, 0, 1, 1], "texture": "#0"},
				"west": {"uv": [0, 0, 1, 1], "texture": "#0"},
				"up": {"uv": [0, 0, 1, 1], "texture": "#0"},
				"down": {"uv": [0, 0, 1, 1], "texture": "#0"}
			}
		},
		{
			"from": [15, 2, 6],
			"to": [16, 3, 7],
			"rotation": {"angle": 0, "axis": "x", "origin": [0.5, 6.5, 10.5]},
			"faces": {
				"north": {"uv": [0, 0, 1, 1], "texture": "#0"},
				"east": {"uv": [0, 0, 1, 1], "texture": "#0"},
				"south": {"uv": [0, 0, 1, 1], "texture": "#0"},
				"west": {"uv": [0, 0, 1, 1], "texture": "#0"},
				"up": {"uv": [0, 0, 1, 1], "texture": "#0"},
				"down": {"uv": [0, 0, 1, 1], "texture": "#0"}
			}
		},
		{
			"from": [-1, 3.5, 7.5],
			"to": [17, 4.5, 8.5],
			"rotation": {"angle": 0, "axis": "x", "origin": [0.5, 6.5, 10.5]},
			"faces": {
				"north": {"uv": [0, 3, 16, 4], "texture": "#0"},
				"east": {"uv": [0, 3, 1, 4], "texture": "#0"},
				"south": {"uv": [0, 3, 16, 4], "texture": "#0"},
				"west": {"uv": [0, 3, 1, 4], "texture": "#0"},
				"up": {"uv": [0, 3, 16, 4], "texture": "#0"},
				"down": {"uv": [0, 3, 16, 4], "texture": "#0"}
			}
		},
		{
			"from": [14.5, 3, 7],
			"to": [16.5, 5, 9],
			"faces": {
				"north": {"uv": [0, 0, 2, 2], "texture": "#1"},
				"east": {"uv": [0, 0, 2, 2], "texture": "#1"},
				"south": {"uv": [0, 0, 2, 2], "texture": "#1"},
				"west": {"uv": [0, 0, 2, 2], "texture": "#1"},
				"up": {"uv": [0, 0, 2, 2], "texture": "#1"},
				"down": {"uv": [0, 0, 2, 2], "texture": "#1"}
			}
		},
		{
			"from": [-0.5, 3, 7],
			"to": [1.5, 5, 9],
			"faces": {
				"north": {"uv": [0, 0, 2, 2], "texture": "#1"},
				"east": {"uv": [0, 0, 2, 2], "texture": "#1"},
				"south": {"uv": [0, 0, 2, 2], "texture": "#1"},
				"west": {"uv": [0, 0, 2, 2], "texture": "#1"},
				"up": {"uv": [0, 0, 2, 2], "texture": "#1"},
				"down": {"uv": [0, 0, 2, 2], "texture": "#1"}
			}
		},
		{
			"from": [3, 5, 5],
			"to": [13, 15, 15],
			"rotation": {"angle": 22.5, "axis": "x", "origin": [8, 9, 5]},
			"faces": {
				"north": {"uv": [0, 0, 10, 10], "texture": "#2"},
				"east": {"uv": [0, 0, 10, 10], "texture": "#2"},
				"south": {"uv": [0, 0, 10, 10], "texture": "#2"},
				"west": {"uv": [0, 0, 10, 10], "texture": "#2"},
				"up": {"uv": [0, 0, 10, 10], "texture": "#2"},
				"down": {"uv": [0, 0, 10, 10], "texture": "#2"}
			}
		},
		{
			"from": [4, 6, -5],
			"to": [12, 14, 5],
			"rotation": {"angle": 22.5, "axis": "x", "origin": [8, 9, 5]},
			"faces": {
				"north": {"uv": [0, 0, 8, 8], "texture": "#3"},
				"east": {"uv": [0, 0, 10, 8], "texture": "#2"},
				"south": {"uv": [0, 0, 8, 8], "texture": "#2"},
				"west": {"uv": [0, 0, 10, 8], "texture": "#2"},
				"up": {"uv": [0, 0, 8, 10], "texture": "#2"},
				"down": {"uv": [0, 0, 8, 10], "texture": "#2"}
			}
		},
		{
			"from": [3, 6, 4],
			"to": [4, 14, 5],
			"rotation": {"angle": 22.5, "axis": "x", "origin": [8, 9, 5]},
			"faces": {
				"north": {"uv": [0, 0, 1, 8], "texture": "#2"},
				"east": {"uv": [0, 0, 1, 8], "texture": "#2"},
				"south": {"uv": [0, 0, 1, 8], "texture": "#2"},
				"west": {"uv": [0, 0, 1, 8], "texture": "#2"},
				"up": {"uv": [0, 0, 1, 1], "texture": "#2"},
				"down": {"uv": [0, 0, 1, 1], "texture": "#2"}
			}
		},
		{
			"from": [3, 7, 3],
			"to": [4, 13, 4],
			"rotation": {"angle": 22.5, "axis": "x", "origin": [8, 9, 5]},
			"faces": {
				"north": {"uv": [0, 0, 1, 6], "texture": "#2"},
				"east": {"uv": [0, 0, 1, 6], "texture": "#2"},
				"south": {"uv": [0, 0, 1, 6], "texture": "#2"},
				"west": {"uv": [0, 0, 1, 6], "texture": "#2"},
				"up": {"uv": [0, 0, 1, 1], "texture": "#2"},
				"down": {"uv": [0, 0, 1, 1], "texture": "#2"}
			}
		},
		{
			"from": [3, 9, 2],
			"to": [4, 11, 3],
			"rotation": {"angle": 22.5, "axis": "x", "origin": [8, 9, 5]},
			"faces": {
				"north": {"uv": [0, 0, 1, 2], "texture": "#2"},
				"east": {"uv": [0, 0, 1, 2], "texture": "#2"},
				"south": {"uv": [0, 0, 1, 2], "texture": "#2"},
				"west": {"uv": [0, 0, 1, 2], "texture": "#2"},
				"up": {"uv": [0, 0, 1, 1], "texture": "#2"},
				"down": {"uv": [0, 0, 1, 1], "texture": "#2"}
			}
		},
		{
			"from": [12, 6, 4],
			"to": [13, 14, 5],
			"rotation": {"angle": 22.5, "axis": "x", "origin": [8, 9, 5]},
			"faces": {
				"north": {"uv": [0, 0, 1, 8], "texture": "#2"},
				"east": {"uv": [0, 0, 1, 8], "texture": "#2"},
				"south": {"uv": [0, 0, 1, 8], "texture": "#2"},
				"west": {"uv": [0, 0, 1, 8], "texture": "#2"},
				"up": {"uv": [0, 0, 1, 1], "texture": "#2"},
				"down": {"uv": [0, 0, 1, 1], "texture": "#2"}
			}
		},
		{
			"from": [12, 7, 3],
			"to": [13, 13, 4],
			"rotation": {"angle": 22.5, "axis": "x", "origin": [8, 9, 5]},
			"faces": {
				"north": {"uv": [0, 0, 1, 6], "texture": "#2"},
				"east": {"uv": [0, 0, 1, 6], "texture": "#2"},
				"south": {"uv": [0, 0, 1, 6], "texture": "#2"},
				"west": {"uv": [0, 0, 1, 6], "texture": "#2"},
				"up": {"uv": [0, 0, 1, 1], "texture": "#2"},
				"down": {"uv": [0, 0, 1, 1], "texture": "#2"}
			}
		},
		{
			"from": [12, 9, 2],
			"to": [13, 11, 3],
			"rotation": {"angle": 22.5, "axis": "x", "origin": [8, 9, 5]},
			"faces": {
				"north": {"uv": [0, 0, 1, 2], "texture": "#2"},
				"east": {"uv": [0, 0, 1, 2], "texture": "#2"},
				"south": {"uv": [0, 0, 1, 2], "texture": "#2"},
				"west": {"uv": [0, 0, 1, 2], "texture": "#2"},
				"up": {"uv": [0, 0, 1, 1], "texture": "#2"},
				"down": {"uv": [0, 0, 1, 1], "texture": "#2"}
			}
		},
		{
			"from": [4, 14.42178, 3.87955],
			"to": [12, 15.42178, 5.87955],
			"rotation": {"angle": 22.5, "axis": "x", "origin": [12.5, 11.42178, 4.37955]},
			"faces": {
				"north": {"uv": [0, 0, 1, 8], "rotation": 90, "texture": "#2"},
				"east": {"uv": [0, 0, 1, 2], "rotation": 270, "texture": "#2"},
				"south": {"uv": [0, 0, 1, 8], "rotation": 270, "texture": "#2"},
				"west": {"uv": [0, 0, 1, 2], "rotation": 270, "texture": "#2"},
				"up": {"uv": [0, 0, 2, 8], "rotation": 270, "texture": "#2"},
				"down": {"uv": [0, 0, 2, 8], "rotation": 270, "texture": "#2"}
			}
		},
		{
			"from": [5, 14.42178, 2.87955],
			"to": [11, 15.42178, 3.87955],
			"rotation": {"angle": 22.5, "axis": "x", "origin": [12.5, 11.42178, 4.37955]},
			"faces": {
				"north": {"uv": [0, 0, 1, 6], "rotation": 90, "texture": "#2"},
				"east": {"uv": [0, 0, 1, 1], "rotation": 270, "texture": "#2"},
				"south": {"uv": [0, 0, 1, 6], "rotation": 270, "texture": "#2"},
				"west": {"uv": [0, 0, 1, 1], "rotation": 270, "texture": "#2"},
				"up": {"uv": [0, 0, 1, 6], "rotation": 270, "texture": "#2"},
				"down": {"uv": [0, 0, 1, 6], "rotation": 270, "texture": "#2"}
			}
		},
		{
			"from": [6, 4.42178, -5.12045],
			"to": [10, 6.42178, -4.12045],
			"rotation": {"angle": 22.5, "axis": "x", "origin": [12.5, 11.42178, 4.37955]},
			"faces": {
				"north": {"uv": [0, 0, 2, 4], "rotation": 90, "texture": "#2"},
				"east": {"uv": [0, 0, 2, 1], "rotation": 270, "texture": "#2"},
				"south": {"uv": [0, 0, 2, 4], "rotation": 270, "texture": "#2"},
				"west": {"uv": [0, 0, 2, 1], "rotation": 270, "texture": "#2"},
				"up": {"uv": [0, 0, 1, 4], "rotation": 270, "texture": "#2"},
				"down": {"uv": [0, 0, 1, 4], "rotation": 270, "texture": "#2"}
			}
		},
		{
			"from": [10, 5.42178, -5.12045],
			"to": [12, 7.42178, -4.12045],
			"rotation": {"angle": 22.5, "axis": "x", "origin": [12.5, 11.42178, 4.37955]},
			"faces": {
				"north": {"uv": [0, 0, 2, 2], "rotation": 90, "texture": "#2"},
				"east": {"uv": [0, 0, 2, 1], "rotation": 270, "texture": "#2"},
				"south": {"uv": [0, 0, 2, 2], "rotation": 270, "texture": "#2"},
				"west": {"uv": [0, 0, 2, 1], "rotation": 270, "texture": "#2"},
				"up": {"uv": [0, 0, 1, 2], "rotation": 270, "texture": "#2"},
				"down": {"uv": [0, 0, 1, 2], "rotation": 270, "texture": "#2"}
			}
		},
		{
			"from": [12, 8.42178, -5.12045],
			"to": [14, 12.42178, -4.12045],
			"rotation": {"angle": 22.5, "axis": "x", "origin": [12.5, 11.42178, 4.37955]},
			"faces": {
				"north": {"uv": [0, 0, 4, 2], "rotation": 90, "texture": "#2"},
				"east": {"uv": [0, 0, 4, 1], "rotation": 270, "texture": "#2"},
				"south": {"uv": [0, 0, 4, 2], "rotation": 270, "texture": "#2"},
				"west": {"uv": [0, 0, 4, 1], "rotation": 270, "texture": "#2"},
				"up": {"uv": [0, 0, 1, 2], "rotation": 270, "texture": "#2"},
				"down": {"uv": [0, 0, 1, 2], "rotation": 270, "texture": "#2"}
			}
		},
		{
			"from": [12, 7.42178, -4.12045],
			"to": [13, 13.42178, -2.12045],
			"rotation": {"angle": 22.5, "axis": "x", "origin": [12.5, 11.42178, 4.37955]},
			"faces": {
				"north": {"uv": [0, 0, 6, 1], "rotation": 90, "texture": "#2"},
				"east": {"uv": [0, 0, 6, 2], "rotation": 270, "texture": "#2"},
				"south": {"uv": [0, 0, 6, 1], "rotation": 270, "texture": "#2"},
				"west": {"uv": [0, 0, 6, 2], "rotation": 270, "texture": "#2"},
				"up": {"uv": [0, 0, 2, 1], "rotation": 270, "texture": "#2"},
				"down": {"uv": [0, 0, 2, 1], "rotation": 270, "texture": "#2"}
			}
		},
		{
			"from": [12, 8.42178, -2.12045],
			"to": [13, 12.42178, -1.12045],
			"rotation": {"angle": 22.5, "axis": "x", "origin": [12.5, 11.42178, 4.37955]},
			"faces": {
				"north": {"uv": [0, 0, 4, 1], "rotation": 90, "texture": "#2"},
				"east": {"uv": [0, 0, 4, 1], "rotation": 270, "texture": "#2"},
				"south": {"uv": [0, 0, 4, 1], "rotation": 270, "texture": "#2"},
				"west": {"uv": [0, 0, 4, 1], "rotation": 270, "texture": "#2"},
				"up": {"uv": [0, 0, 1, 1], "rotation": 270, "texture": "#2"},
				"down": {"uv": [0, 0, 1, 1], "rotation": 270, "texture": "#2"}
			}
		},
		{
			"from": [3, 7.42178, -4.12045],
			"to": [4, 13.42178, -2.12045],
			"rotation": {"angle": 22.5, "axis": "x", "origin": [12.5, 11.42178, 4.37955]},
			"faces": {
				"north": {"uv": [0, 0, 6, 1], "rotation": 90, "texture": "#2"},
				"east": {"uv": [0, 0, 6, 2], "rotation": 270, "texture": "#2"},
				"south": {"uv": [0, 0, 6, 1], "rotation": 270, "texture": "#2"},
				"west": {"uv": [0, 0, 6, 2], "rotation": 270, "texture": "#2"},
				"up": {"uv": [0, 0, 2, 1], "rotation": 270, "texture": "#2"},
				"down": {"uv": [0, 0, 2, 1], "rotation": 270, "texture": "#2"}
			}
		},
		{
			"from": [3, 8.42178, -2.12045],
			"to": [4, 12.42178, -1.12045],
			"rotation": {"angle": 22.5, "axis": "x", "origin": [12.5, 11.42178, 4.37955]},
			"faces": {
				"north": {"uv": [0, 0, 4, 1], "rotation": 90, "texture": "#2"},
				"east": {"uv": [0, 0, 4, 1], "rotation": 270, "texture": "#2"},
				"south": {"uv": [0, 0, 4, 1], "rotation": 270, "texture": "#2"},
				"west": {"uv": [0, 0, 4, 1], "rotation": 270, "texture": "#2"},
				"up": {"uv": [0, 0, 1, 1], "rotation": 270, "texture": "#2"},
				"down": {"uv": [0, 0, 1, 1], "rotation": 270, "texture": "#2"}
			}
		},
		{
			"from": [13, 9.42178, -4.12045],
			"to": [14, 11.42178, -3.12045],
			"rotation": {"angle": 22.5, "axis": "x", "origin": [12.5, 11.42178, 4.37955]},
			"faces": {
				"north": {"uv": [0, 0, 2, 1], "rotation": 90, "texture": "#2"},
				"east": {"uv": [0, 0, 2, 1], "rotation": 270, "texture": "#2"},
				"south": {"uv": [0, 0, 2, 1], "rotation": 270, "texture": "#2"},
				"west": {"uv": [0, 0, 2, 1], "rotation": 270, "texture": "#2"},
				"up": {"uv": [0, 0, 1, 1], "rotation": 270, "texture": "#2"},
				"down": {"uv": [0, 0, 1, 1], "rotation": 270, "texture": "#2"}
			}
		},
		{
			"from": [2, 9.42178, -4.12045],
			"to": [3, 11.42178, -3.12045],
			"rotation": {"angle": 22.5, "axis": "x", "origin": [12.5, 11.42178, 4.37955]},
			"faces": {
				"north": {"uv": [0, 0, 2, 1], "rotation": 90, "texture": "#2"},
				"east": {"uv": [0, 0, 2, 1], "rotation": 270, "texture": "#2"},
				"south": {"uv": [0, 0, 2, 1], "rotation": 270, "texture": "#2"},
				"west": {"uv": [0, 0, 2, 1], "rotation": 270, "texture": "#2"},
				"up": {"uv": [0, 0, 1, 1], "rotation": 270, "texture": "#2"},
				"down": {"uv": [0, 0, 1, 1], "rotation": 270, "texture": "#2"}
			}
		},
		{
			"from": [2, 8.42178, -5.12045],
			"to": [4, 12.42178, -4.12045],
			"rotation": {"angle": 22.5, "axis": "x", "origin": [12.5, 11.42178, 4.37955]},
			"faces": {
				"north": {"uv": [0, 0, 4, 2], "rotation": 90, "texture": "#2"},
				"east": {"uv": [0, 0, 4, 1], "rotation": 270, "texture": "#2"},
				"south": {"uv": [0, 0, 4, 2], "rotation": 270, "texture": "#2"},
				"west": {"uv": [0, 0, 4, 1], "rotation": 270, "texture": "#2"},
				"up": {"uv": [0, 0, 1, 2], "rotation": 270, "texture": "#2"},
				"down": {"uv": [0, 0, 1, 2], "rotation": 270, "texture": "#2"}
			}
		},
		{
			"from": [12, 6.42178, -5.12045],
			"to": [13, 8.42178, -4.12045],
			"rotation": {"angle": 22.5, "axis": "x", "origin": [12.5, 11.42178, 4.37955]},
			"faces": {
				"north": {"uv": [0, 0, 2, 1], "rotation": 90, "texture": "#2"},
				"east": {"uv": [0, 0, 2, 1], "rotation": 270, "texture": "#2"},
				"south": {"uv": [0, 0, 2, 1], "rotation": 270, "texture": "#2"},
				"west": {"uv": [0, 0, 2, 1], "rotation": 270, "texture": "#2"},
				"up": {"uv": [0, 0, 1, 1], "rotation": 270, "texture": "#2"},
				"down": {"uv": [0, 0, 1, 1], "rotation": 270, "texture": "#2"}
			}
		},
		{
			"from": [12, 12.42178, -5.12045],
			"to": [13, 14.42178, -4.12045],
			"rotation": {"angle": 22.5, "axis": "x", "origin": [12.5, 11.42178, 4.37955]},
			"faces": {
				"north": {"uv": [0, 0, 2, 1], "rotation": 90, "texture": "#2"},
				"east": {"uv": [0, 0, 2, 1], "rotation": 270, "texture": "#2"},
				"south": {"uv": [0, 0, 2, 1], "rotation": 270, "texture": "#2"},
				"west": {"uv": [0, 0, 2, 1], "rotation": 270, "texture": "#2"},
				"up": {"uv": [0, 0, 1, 1], "rotation": 270, "texture": "#2"},
				"down": {"uv": [0, 0, 1, 1], "rotation": 270, "texture": "#2"}
			}
		},
		{
			"from": [3, 12.42178, -5.12045],
			"to": [4, 14.42178, -4.12045],
			"rotation": {"angle": 22.5, "axis": "x", "origin": [12.5, 11.42178, 4.37955]},
			"faces": {
				"north": {"uv": [0, 0, 2, 1], "rotation": 90, "texture": "#2"},
				"east": {"uv": [0, 0, 2, 1], "rotation": 270, "texture": "#2"},
				"south": {"uv": [0, 0, 2, 1], "rotation": 270, "texture": "#2"},
				"west": {"uv": [0, 0, 2, 1], "rotation": 270, "texture": "#2"},
				"up": {"uv": [0, 0, 1, 1], "rotation": 270, "texture": "#2"},
				"down": {"uv": [0, 0, 1, 1], "rotation": 270, "texture": "#2"}
			}
		},
		{
			"from": [3, 6.42178, -5.12045],
			"to": [4, 8.42178, -4.12045],
			"rotation": {"angle": 22.5, "axis": "x", "origin": [12.5, 11.42178, 4.37955]},
			"faces": {
				"north": {"uv": [0, 0, 2, 1], "rotation": 90, "texture": "#2"},
				"east": {"uv": [0, 0, 2, 1], "rotation": 270, "texture": "#2"},
				"south": {"uv": [0, 0, 2, 1], "rotation": 270, "texture": "#2"},
				"west": {"uv": [0, 0, 2, 1], "rotation": 270, "texture": "#2"},
				"up": {"uv": [0, 0, 1, 1], "rotation": 270, "texture": "#2"},
				"down": {"uv": [0, 0, 1, 1], "rotation": 270, "texture": "#2"}
			}
		},
		{
			"from": [11, 7.42178, -5.12045],
			"to": [12, 8.42178, -4.12045],
			"rotation": {"angle": 22.5, "axis": "x", "origin": [12.5, 11.42178, 4.37955]},
			"faces": {
				"north": {"uv": [0, 0, 1, 1], "rotation": 90, "texture": "#2"},
				"east": {"uv": [0, 0, 1, 1], "rotation": 270, "texture": "#2"},
				"south": {"uv": [0, 0, 1, 1], "rotation": 270, "texture": "#2"},
				"west": {"uv": [0, 0, 1, 1], "rotation": 270, "texture": "#2"},
				"up": {"uv": [0, 0, 1, 1], "rotation": 270, "texture": "#2"},
				"down": {"uv": [0, 0, 1, 1], "rotation": 270, "texture": "#2"}
			}
		},
		{
			"from": [11, 12.42178, -5.12045],
			"to": [12, 13.42178, -4.12045],
			"rotation": {"angle": 22.5, "axis": "x", "origin": [12.5, 11.42178, 4.37955]},
			"faces": {
				"north": {"uv": [0, 0, 1, 1], "rotation": 90, "texture": "#2"},
				"east": {"uv": [0, 0, 1, 1], "rotation": 270, "texture": "#2"},
				"south": {"uv": [0, 0, 1, 1], "rotation": 270, "texture": "#2"},
				"west": {"uv": [0, 0, 1, 1], "rotation": 270, "texture": "#2"},
				"up": {"uv": [0, 0, 1, 1], "rotation": 270, "texture": "#2"},
				"down": {"uv": [0, 0, 1, 1], "rotation": 270, "texture": "#2"}
			}
		},
		{
			"from": [4, 12.42178, -5.12045],
			"to": [5, 13.42178, -4.12045],
			"rotation": {"angle": 22.5, "axis": "x", "origin": [12.5, 11.42178, 4.37955]},
			"faces": {
				"north": {"uv": [0, 0, 1, 1], "rotation": 90, "texture": "#2"},
				"east": {"uv": [0, 0, 1, 1], "rotation": 270, "texture": "#2"},
				"south": {"uv": [0, 0, 1, 1], "rotation": 270, "texture": "#2"},
				"west": {"uv": [0, 0, 1, 1], "rotation": 270, "texture": "#2"},
				"up": {"uv": [0, 0, 1, 1], "rotation": 270, "texture": "#2"},
				"down": {"uv": [0, 0, 1, 1], "rotation": 270, "texture": "#2"}
			}
		},
		{
			"from": [4, 7.42178, -5.12045],
			"to": [5, 8.42178, -4.12045],
			"rotation": {"angle": 22.5, "axis": "x", "origin": [12.5, 11.42178, 4.37955]},
			"faces": {
				"north": {"uv": [0, 0, 1, 1], "rotation": 90, "texture": "#2"},
				"east": {"uv": [0, 0, 1, 1], "rotation": 270, "texture": "#2"},
				"south": {"uv": [0, 0, 1, 1], "rotation": 270, "texture": "#2"},
				"west": {"uv": [0, 0, 1, 1], "rotation": 270, "texture": "#2"},
				"up": {"uv": [0, 0, 1, 1], "rotation": 270, "texture": "#2"},
				"down": {"uv": [0, 0, 1, 1], "rotation": 270, "texture": "#2"}
			}
		},
		{
			"from": [4, 5.42178, -5.12045],
			"to": [6, 7.42178, -4.12045],
			"rotation": {"angle": 22.5, "axis": "x", "origin": [12.5, 11.42178, 4.37955]},
			"faces": {
				"north": {"uv": [0, 0, 2, 2], "rotation": 90, "texture": "#2"},
				"east": {"uv": [0, 0, 2, 1], "rotation": 270, "texture": "#2"},
				"south": {"uv": [0, 0, 2, 2], "rotation": 270, "texture": "#2"},
				"west": {"uv": [0, 0, 2, 1], "rotation": 270, "texture": "#2"},
				"up": {"uv": [0, 0, 1, 2], "rotation": 270, "texture": "#2"},
				"down": {"uv": [0, 0, 1, 2], "rotation": 270, "texture": "#2"}
			}
		},
		{
			"from": [4, 13.42178, -5.12045],
			"to": [6, 15.42178, -4.12045],
			"rotation": {"angle": 22.5, "axis": "x", "origin": [12.5, 11.42178, 4.37955]},
			"faces": {
				"north": {"uv": [0, 0, 2, 2], "rotation": 90, "texture": "#2"},
				"east": {"uv": [0, 0, 2, 1], "rotation": 270, "texture": "#2"},
				"south": {"uv": [0, 0, 2, 2], "rotation": 270, "texture": "#2"},
				"west": {"uv": [0, 0, 2, 1], "rotation": 270, "texture": "#2"},
				"up": {"uv": [0, 0, 1, 2], "rotation": 270, "texture": "#2"},
				"down": {"uv": [0, 0, 1, 2], "rotation": 270, "texture": "#2"}
			}
		},
		{
			"from": [10, 13.42178, -5.12045],
			"to": [12, 15.42178, -4.12045],
			"rotation": {"angle": 22.5, "axis": "x", "origin": [12.5, 11.42178, 4.37955]},
			"faces": {
				"north": {"uv": [0, 0, 2, 2], "rotation": 90, "texture": "#2"},
				"east": {"uv": [0, 0, 2, 1], "rotation": 270, "texture": "#2"},
				"south": {"uv": [0, 0, 2, 2], "rotation": 270, "texture": "#2"},
				"west": {"uv": [0, 0, 2, 1], "rotation": 270, "texture": "#2"},
				"up": {"uv": [0, 0, 1, 2], "rotation": 270, "texture": "#2"},
				"down": {"uv": [0, 0, 1, 2], "rotation": 270, "texture": "#2"}
			}
		},
		{
			"from": [6, 14.42178, -5.12045],
			"to": [10, 16.42178, -4.12045],
			"rotation": {"angle": 22.5, "axis": "x", "origin": [12.5, 11.42178, 4.37955]},
			"faces": {
				"north": {"uv": [0, 0, 2, 4], "rotation": 90, "texture": "#2"},
				"east": {"uv": [0, 0, 2, 1], "rotation": 270, "texture": "#2"},
				"south": {"uv": [0, 0, 2, 4], "rotation": 270, "texture": "#2"},
				"west": {"uv": [0, 0, 2, 1], "rotation": 270, "texture": "#2"},
				"up": {"uv": [0, 0, 1, 4], "rotation": 270, "texture": "#2"},
				"down": {"uv": [0, 0, 1, 4], "rotation": 270, "texture": "#2"}
			}
		},
		{
			"from": [5, 14.42178, -4.12045],
			"to": [11, 15.42178, -2.12045],
			"rotation": {"angle": 22.5, "axis": "x", "origin": [12.5, 11.42178, 4.37955]},
			"faces": {
				"north": {"uv": [0, 0, 1, 6], "rotation": 90, "texture": "#2"},
				"east": {"uv": [0, 0, 1, 2], "rotation": 270, "texture": "#2"},
				"south": {"uv": [0, 0, 1, 6], "rotation": 270, "texture": "#2"},
				"west": {"uv": [0, 0, 1, 2], "rotation": 270, "texture": "#2"},
				"up": {"uv": [0, 0, 2, 6], "rotation": 270, "texture": "#2"},
				"down": {"uv": [0, 0, 2, 6], "rotation": 270, "texture": "#2"}
			}
		},
		{
			"from": [7, 15.42178, -4.12045],
			"to": [9, 16.42178, -3.12045],
			"rotation": {"angle": 22.5, "axis": "x", "origin": [12.5, 11.42178, 4.37955]},
			"faces": {
				"north": {"uv": [0, 0, 1, 2], "rotation": 90, "texture": "#2"},
				"east": {"uv": [0, 0, 1, 1], "rotation": 270, "texture": "#2"},
				"south": {"uv": [0, 0, 1, 2], "rotation": 270, "texture": "#2"},
				"west": {"uv": [0, 0, 1, 1], "rotation": 270, "texture": "#2"},
				"up": {"uv": [0, 0, 1, 2], "rotation": 270, "texture": "#2"},
				"down": {"uv": [0, 0, 1, 2], "rotation": 270, "texture": "#2"}
			}
		},
		{
			"from": [6, 14.42178, -2.12045],
			"to": [10, 15.42178, -1.12045],
			"rotation": {"angle": 22.5, "axis": "x", "origin": [12.5, 11.42178, 4.37955]},
			"faces": {
				"north": {"uv": [0, 0, 1, 4], "rotation": 90, "texture": "#2"},
				"east": {"uv": [0, 0, 1, 1], "rotation": 270, "texture": "#2"},
				"south": {"uv": [0, 0, 1, 4], "rotation": 270, "texture": "#2"},
				"west": {"uv": [0, 0, 1, 1], "rotation": 270, "texture": "#2"},
				"up": {"uv": [0, 0, 1, 4], "rotation": 270, "texture": "#2"},
				"down": {"uv": [0, 0, 1, 4], "rotation": 270, "texture": "#2"}
			}
		},
		{
			"from": [7, 4.42178, -4.12045],
			"to": [9, 5.42178, -3.12045],
			"rotation": {"angle": 22.5, "axis": "x", "origin": [12.5, 11.42178, 4.37955]},
			"faces": {
				"north": {"uv": [0, 0, 1, 2], "rotation": 90, "texture": "#2"},
				"east": {"uv": [0, 0, 1, 1], "rotation": 270, "texture": "#2"},
				"south": {"uv": [0, 0, 1, 2], "rotation": 270, "texture": "#2"},
				"west": {"uv": [0, 0, 1, 1], "rotation": 270, "texture": "#2"},
				"up": {"uv": [0, 0, 1, 2], "rotation": 270, "texture": "#2"},
				"down": {"uv": [0, 0, 1, 2], "rotation": 270, "texture": "#2"}
			}
		},
		{
			"from": [5, 5.42178, -4.12045],
			"to": [11, 6.42178, -2.12045],
			"rotation": {"angle": 22.5, "axis": "x", "origin": [12.5, 11.42178, 4.37955]},
			"faces": {
				"north": {"uv": [0, 0, 1, 6], "rotation": 90, "texture": "#2"},
				"east": {"uv": [0, 0, 1, 2], "rotation": 270, "texture": "#2"},
				"south": {"uv": [0, 0, 1, 6], "rotation": 270, "texture": "#2"},
				"west": {"uv": [0, 0, 1, 2], "rotation": 270, "texture": "#2"},
				"up": {"uv": [0, 0, 2, 6], "rotation": 270, "texture": "#2"},
				"down": {"uv": [0, 0, 2, 6], "rotation": 270, "texture": "#2"}
			}
		},
		{
			"from": [6, 5.42178, -2.12045],
			"to": [10, 6.42178, -1.12045],
			"rotation": {"angle": 22.5, "axis": "x", "origin": [12.5, 11.42178, 4.37955]},
			"faces": {
				"north": {"uv": [0, 0, 1, 4], "rotation": 90, "texture": "#2"},
				"east": {"uv": [0, 0, 1, 1], "rotation": 270, "texture": "#2"},
				"south": {"uv": [0, 0, 1, 4], "rotation": 270, "texture": "#2"},
				"west": {"uv": [0, 0, 1, 1], "rotation": 270, "texture": "#2"},
				"up": {"uv": [0, 0, 1, 4], "rotation": 270, "texture": "#2"},
				"down": {"uv": [0, 0, 1, 4], "rotation": 270, "texture": "#2"}
			}
		},
		{
			"from": [7, 14.42178, 1.87955],
			"to": [9, 15.42178, 2.87955],
			"rotation": {"angle": 22.5, "axis": "x", "origin": [12.5, 11.42178, 4.37955]},
			"faces": {
				"north": {"uv": [0, 0, 1, 2], "rotation": 90, "texture": "#2"},
				"east": {"uv": [0, 0, 1, 1], "rotation": 270, "texture": "#2"},
				"south": {"uv": [0, 0, 1, 2], "rotation": 270, "texture": "#2"},
				"west": {"uv": [0, 0, 1, 1], "rotation": 270, "texture": "#2"},
				"up": {"uv": [0, 0, 1, 2], "rotation": 270, "texture": "#2"},
				"down": {"uv": [0, 0, 1, 2], "rotation": 270, "texture": "#2"}
			}
		},
		{
			"from": [4, 5.42178, 4.87955],
			"to": [12, 6.42178, 5.87955],
			"rotation": {"angle": 22.5, "axis": "x", "origin": [12.5, 11.42178, 4.37955]},
			"faces": {
				"north": {"uv": [0, 0, 1, 8], "rotation": 90, "texture": "#2"},
				"east": {"uv": [0, 0, 1, 1], "rotation": 270, "texture": "#2"},
				"south": {"uv": [0, 0, 1, 8], "rotation": 270, "texture": "#2"},
				"west": {"uv": [0, 0, 1, 1], "rotation": 270, "texture": "#2"},
				"up": {"uv": [0, 0, 1, 8], "rotation": 270, "texture": "#2"},
				"down": {"uv": [0, 0, 1, 8], "rotation": 270, "texture": "#2"}
			}
		},
		{
			"from": [5, 5.42178, 3.87955],
			"to": [11, 6.42178, 4.87955],
			"rotation": {"angle": 22.5, "axis": "x", "origin": [12.5, 11.42178, 4.37955]},
			"faces": {
				"north": {"uv": [0, 0, 1, 6], "rotation": 90, "texture": "#2"},
				"east": {"uv": [0, 0, 1, 1], "rotation": 270, "texture": "#2"},
				"south": {"uv": [0, 0, 1, 6], "rotation": 270, "texture": "#2"},
				"west": {"uv": [0, 0, 1, 1], "rotation": 270, "texture": "#2"},
				"up": {"uv": [0, 0, 1, 6], "rotation": 270, "texture": "#2"},
				"down": {"uv": [0, 0, 1, 6], "rotation": 270, "texture": "#2"}
			}
		},
		{
			"from": [7, 5.42178, 2.87955],
			"to": [9, 6.42178, 3.87955],
			"rotation": {"angle": 22.5, "axis": "x", "origin": [12.5, 11.42178, 4.37955]},
			"faces": {
				"north": {"uv": [0, 0, 1, 2], "rotation": 90, "texture": "#2"},
				"east": {"uv": [0, 0, 1, 1], "rotation": 270, "texture": "#2"},
				"south": {"uv": [0, 0, 1, 2], "rotation": 270, "texture": "#2"},
				"west": {"uv": [0, 0, 1, 1], "rotation": 270, "texture": "#2"},
				"up": {"uv": [0, 0, 1, 2], "rotation": 270, "texture": "#2"},
				"down": {"uv": [0, 0, 1, 2], "rotation": 270, "texture": "#2"}
			}
		},
		{
			"from": [6, 5, 15],
			"to": [10, 15, 16],
			"rotation": {"angle": 22.5, "axis": "x", "origin": [8, 9, 5]},
			"faces": {
				"north": {"uv": [0, 0, 4, 10], "texture": "#2"},
				"east": {"uv": [0, 0, 1, 10], "texture": "#2"},
				"south": {"uv": [0, 0, 4, 10], "texture": "#2"},
				"west": {"uv": [0, 0, 1, 10], "texture": "#2"},
				"up": {"uv": [0, 0, 4, 1], "texture": "#2"},
				"down": {"uv": [0, 0, 4, 1], "texture": "#2"}
			}
		},
		{
			"from": [5, 6, 15],
			"to": [6, 14, 16],
			"rotation": {"angle": 22.5, "axis": "x", "origin": [8, 9, 5]},
			"faces": {
				"north": {"uv": [0, 0, 1, 8], "texture": "#2"},
				"east": {"uv": [0, 0, 1, 8], "texture": "#2"},
				"south": {"uv": [0, 0, 1, 8], "texture": "#2"},
				"west": {"uv": [0, 0, 1, 8], "texture": "#2"},
				"up": {"uv": [0, 0, 1, 1], "texture": "#2"},
				"down": {"uv": [0, 0, 1, 1], "texture": "#2"}
			}
		},
		{
			"from": [4, 7, 15],
			"to": [5, 13, 16],
			"rotation": {"angle": 22.5, "axis": "x", "origin": [8, 9, 5]},
			"faces": {
				"north": {"uv": [0, 0, 1, 6], "texture": "#2"},
				"east": {"uv": [0, 0, 1, 6], "texture": "#2"},
				"south": {"uv": [0, 0, 1, 6], "texture": "#2"},
				"west": {"uv": [0, 0, 1, 6], "texture": "#2"},
				"up": {"uv": [0, 0, 1, 1], "texture": "#2"},
				"down": {"uv": [0, 0, 1, 1], "texture": "#2"}
			}
		},
		{
			"from": [3, 8, 15],
			"to": [4, 12, 16],
			"rotation": {"angle": 22.5, "axis": "x", "origin": [8, 9, 5]},
			"faces": {
				"north": {"uv": [0, 0, 1, 4], "texture": "#2"},
				"east": {"uv": [0, 0, 1, 4], "texture": "#2"},
				"south": {"uv": [0, 0, 1, 4], "texture": "#2"},
				"west": {"uv": [0, 0, 1, 4], "texture": "#2"},
				"up": {"uv": [0, 0, 1, 1], "texture": "#2"},
				"down": {"uv": [0, 0, 1, 1], "texture": "#2"}
			}
		},
		{
			"from": [12, 8, 15],
			"to": [13, 12, 16],
			"rotation": {"angle": 22.5, "axis": "x", "origin": [8, 9, 5]},
			"faces": {
				"north": {"uv": [1, 0, 2, 4], "texture": "#2"},
				"east": {"uv": [1, 0, 2, 4], "texture": "#2"},
				"south": {"uv": [1, 0, 2, 4], "texture": "#2"},
				"west": {"uv": [1, 0, 2, 4], "texture": "#2"},
				"up": {"uv": [1, 0, 2, 1], "texture": "#2"},
				"down": {"uv": [1, 0, 2, 1], "texture": "#2"}
			}
		},
		{
			"from": [10, 6, 15],
			"to": [11, 14, 16],
			"rotation": {"angle": 22.5, "axis": "x", "origin": [8, 9, 5]},
			"faces": {
				"north": {"uv": [1, 0, 2, 8], "texture": "#2"},
				"east": {"uv": [1, 0, 2, 8], "texture": "#2"},
				"south": {"uv": [1, 0, 2, 8], "texture": "#2"},
				"west": {"uv": [1, 0, 2, 8], "texture": "#2"},
				"up": {"uv": [1, 0, 2, 1], "texture": "#2"},
				"down": {"uv": [1, 0, 2, 1], "texture": "#2"}
			}
		},
		{
			"from": [11, 7, 15],
			"to": [12, 13, 16],
			"rotation": {"angle": 22.5, "axis": "x", "origin": [8, 9, 5]},
			"faces": {
				"north": {"uv": [1, 0, 2, 6], "texture": "#2"},
				"east": {"uv": [1, 0, 2, 6], "texture": "#2"},
				"south": {"uv": [1, 0, 2, 6], "texture": "#2"},
				"west": {"uv": [1, 0, 2, 6], "texture": "#2"},
				"up": {"uv": [1, 0, 2, 1], "texture": "#2"},
				"down": {"uv": [1, 0, 2, 1], "texture": "#2"}
			}
		},
		{
			"from": [13, 0.82958, 7.9661],
			"to": [14, 10.82958, 11.9661],
			"rotation": {"angle": 22.5, "axis": "x", "origin": [8, 6.82958, 15.4661]},
			"faces": {
				"north": {"uv": [0, 0, 1, 10], "texture": "#2"},
				"east": {"uv": [0, 0, 4, 10], "texture": "#2"},
				"south": {"uv": [0, 0, 1, 10], "texture": "#2"},
				"west": {"uv": [0, 0, 4, 10], "texture": "#2"},
				"up": {"uv": [0, 0, 4, 1], "rotation": 90, "texture": "#2"},
				"down": {"uv": [0, 0, 4, 1], "rotation": 270, "texture": "#2"}
			}
		},
		{
			"from": [13, 1.82958, 6.9661],
			"to": [14, 9.82958, 7.9661],
			"rotation": {"angle": 22.5, "axis": "x", "origin": [8, 6.82958, 15.4661]},
			"faces": {
				"north": {"uv": [0, 0, 1, 8], "texture": "#2"},
				"east": {"uv": [0, 0, 1, 8], "texture": "#2"},
				"south": {"uv": [0, 0, 1, 8], "texture": "#2"},
				"west": {"uv": [0, 0, 1, 8], "texture": "#2"},
				"up": {"uv": [0, 0, 1, 1], "rotation": 90, "texture": "#2"},
				"down": {"uv": [0, 0, 1, 1], "rotation": 270, "texture": "#2"}
			}
		},
		{
			"from": [13, 2.82958, 5.9661],
			"to": [14, 8.82958, 6.9661],
			"rotation": {"angle": 22.5, "axis": "x", "origin": [8, 6.82958, 15.4661]},
			"faces": {
				"north": {"uv": [0, 0, 1, 6], "texture": "#2"},
				"east": {"uv": [0, 0, 1, 6], "texture": "#2"},
				"south": {"uv": [0, 0, 1, 6], "texture": "#2"},
				"west": {"uv": [0, 0, 1, 6], "texture": "#2"},
				"up": {"uv": [0, 0, 1, 1], "rotation": 90, "texture": "#2"},
				"down": {"uv": [0, 0, 1, 1], "rotation": 270, "texture": "#2"}
			}
		},
		{
			"from": [13, 3.82958, 4.9661],
			"to": [14, 7.82958, 5.9661],
			"rotation": {"angle": 22.5, "axis": "x", "origin": [8, 6.82958, 15.4661]},
			"faces": {
				"north": {"uv": [0, 0, 1, 4], "texture": "#2"},
				"east": {"uv": [0, 0, 1, 4], "texture": "#2"},
				"south": {"uv": [0, 0, 1, 4], "texture": "#2"},
				"west": {"uv": [0, 0, 1, 4], "texture": "#2"},
				"up": {"uv": [0, 0, 1, 1], "rotation": 90, "texture": "#2"},
				"down": {"uv": [0, 0, 1, 1], "rotation": 270, "texture": "#2"}
			}
		},
		{
			"from": [13, 3.82958, 13.9661],
			"to": [14, 7.82958, 14.9661],
			"rotation": {"angle": 22.5, "axis": "x", "origin": [8, 6.82958, 15.4661]},
			"faces": {
				"north": {"uv": [1, 0, 2, 4], "texture": "#2"},
				"east": {"uv": [1, 0, 2, 4], "texture": "#2"},
				"south": {"uv": [1, 0, 2, 4], "texture": "#2"},
				"west": {"uv": [1, 0, 2, 4], "texture": "#2"},
				"up": {"uv": [1, 0, 2, 1], "rotation": 90, "texture": "#2"},
				"down": {"uv": [1, 0, 2, 1], "rotation": 270, "texture": "#2"}
			}
		},
		{
			"from": [13, 1.82958, 11.9661],
			"to": [14, 9.82958, 12.9661],
			"rotation": {"angle": 22.5, "axis": "x", "origin": [8, 6.82958, 15.4661]},
			"faces": {
				"north": {"uv": [1, 0, 2, 8], "texture": "#2"},
				"east": {"uv": [1, 0, 2, 8], "texture": "#2"},
				"south": {"uv": [1, 0, 2, 8], "texture": "#2"},
				"west": {"uv": [1, 0, 2, 8], "texture": "#2"},
				"up": {"uv": [1, 0, 2, 1], "rotation": 90, "texture": "#2"},
				"down": {"uv": [1, 0, 2, 1], "rotation": 270, "texture": "#2"}
			}
		},
		{
			"from": [13, 2.82958, 12.9661],
			"to": [14, 8.82958, 13.9661],
			"rotation": {"angle": 22.5, "axis": "x", "origin": [8, 6.82958, 15.4661]},
			"faces": {
				"north": {"uv": [1, 0, 2, 6], "texture": "#2"},
				"east": {"uv": [1, 0, 2, 6], "texture": "#2"},
				"south": {"uv": [1, 0, 2, 6], "texture": "#2"},
				"west": {"uv": [1, 0, 2, 6], "texture": "#2"},
				"up": {"uv": [1, 0, 2, 1], "rotation": 90, "texture": "#2"},
				"down": {"uv": [1, 0, 2, 1], "rotation": 270, "texture": "#2"}
			}
		},
		{
			"from": [2, 0.82958, 7.9661],
			"to": [3, 10.82958, 11.9661],
			"rotation": {"angle": 22.5, "axis": "x", "origin": [8, 6.82958, 15.4661]},
			"faces": {
				"north": {"uv": [0, 0, 1, 10], "texture": "#2"},
				"east": {"uv": [0, 0, 4, 10], "texture": "#2"},
				"south": {"uv": [0, 0, 1, 10], "texture": "#2"},
				"west": {"uv": [0, 0, 4, 10], "texture": "#2"},
				"up": {"uv": [0, 0, 4, 1], "rotation": 90, "texture": "#2"},
				"down": {"uv": [0, 0, 4, 1], "rotation": 270, "texture": "#2"}
			}
		},
		{
			"from": [2, 1.82958, 6.9661],
			"to": [3, 9.82958, 7.9661],
			"rotation": {"angle": 22.5, "axis": "x", "origin": [8, 6.82958, 15.4661]},
			"faces": {
				"north": {"uv": [0, 0, 1, 8], "texture": "#2"},
				"east": {"uv": [0, 0, 1, 8], "texture": "#2"},
				"south": {"uv": [0, 0, 1, 8], "texture": "#2"},
				"west": {"uv": [0, 0, 1, 8], "texture": "#2"},
				"up": {"uv": [0, 0, 1, 1], "rotation": 90, "texture": "#2"},
				"down": {"uv": [0, 0, 1, 1], "rotation": 270, "texture": "#2"}
			}
		},
		{
			"from": [2, 2.82958, 5.9661],
			"to": [3, 8.82958, 6.9661],
			"rotation": {"angle": 22.5, "axis": "x", "origin": [8, 6.82958, 15.4661]},
			"faces": {
				"north": {"uv": [0, 0, 1, 6], "texture": "#2"},
				"east": {"uv": [0, 0, 1, 6], "texture": "#2"},
				"south": {"uv": [0, 0, 1, 6], "texture": "#2"},
				"west": {"uv": [0, 0, 1, 6], "texture": "#2"},
				"up": {"uv": [0, 0, 1, 1], "rotation": 90, "texture": "#2"},
				"down": {"uv": [0, 0, 1, 1], "rotation": 270, "texture": "#2"}
			}
		},
		{
			"from": [2, 3.82958, 4.9661],
			"to": [3, 7.82958, 5.9661],
			"rotation": {"angle": 22.5, "axis": "x", "origin": [8, 6.82958, 15.4661]},
			"faces": {
				"north": {"uv": [0, 0, 1, 4], "texture": "#2"},
				"east": {"uv": [0, 0, 1, 4], "texture": "#2"},
				"south": {"uv": [0, 0, 1, 4], "texture": "#2"},
				"west": {"uv": [0, 0, 1, 4], "texture": "#2"},
				"up": {"uv": [0, 0, 1, 1], "rotation": 90, "texture": "#2"},
				"down": {"uv": [0, 0, 1, 1], "rotation": 270, "texture": "#2"}
			}
		},
		{
			"from": [2, 3.82958, 13.9661],
			"to": [3, 7.82958, 14.9661],
			"rotation": {"angle": 22.5, "axis": "x", "origin": [8, 6.82958, 15.4661]},
			"faces": {
				"north": {"uv": [1, 0, 2, 4], "texture": "#2"},
				"east": {"uv": [1, 0, 2, 4], "texture": "#2"},
				"south": {"uv": [1, 0, 2, 4], "texture": "#2"},
				"west": {"uv": [1, 0, 2, 4], "texture": "#2"},
				"up": {"uv": [1, 0, 2, 1], "rotation": 90, "texture": "#2"},
				"down": {"uv": [1, 0, 2, 1], "rotation": 270, "texture": "#2"}
			}
		},
		{
			"from": [2, 1.82958, 11.9661],
			"to": [3, 9.82958, 12.9661],
			"rotation": {"angle": 22.5, "axis": "x", "origin": [8, 6.82958, 15.4661]},
			"faces": {
				"north": {"uv": [1, 0, 2, 8], "texture": "#2"},
				"east": {"uv": [1, 0, 2, 8], "texture": "#2"},
				"south": {"uv": [1, 0, 2, 8], "texture": "#2"},
				"west": {"uv": [1, 0, 2, 8], "texture": "#2"},
				"up": {"uv": [1, 0, 2, 1], "rotation": 90, "texture": "#2"},
				"down": {"uv": [1, 0, 2, 1], "rotation": 270, "texture": "#2"}
			}
		},
		{
			"from": [2, 2.82958, 12.9661],
			"to": [3, 8.82958, 13.9661],
			"rotation": {"angle": 22.5, "axis": "x", "origin": [8, 6.82958, 15.4661]},
			"faces": {
				"north": {"uv": [1, 0, 2, 6], "texture": "#2"},
				"east": {"uv": [1, 0, 2, 6], "texture": "#2"},
				"south": {"uv": [1, 0, 2, 6], "texture": "#2"},
				"west": {"uv": [1, 0, 2, 6], "texture": "#2"},
				"up": {"uv": [1, 0, 2, 1], "rotation": 90, "texture": "#2"},
				"down": {"uv": [1, 0, 2, 1], "rotation": 270, "texture": "#2"}
			}
		},
		{
			"from": [6, -0.17042, 4.9661],
			"to": [10, 0.82958, 14.9661],
			"rotation": {"angle": 22.5, "axis": "x", "origin": [8, 6.82958, 15.4661]},
			"faces": {
				"north": {"uv": [0, 0, 4, 1], "rotation": 180, "texture": "#2"},
				"east": {"uv": [0, 0, 1, 10], "rotation": 90, "texture": "#2"},
				"south": {"uv": [0, 0, 4, 1], "texture": "#2"},
				"west": {"uv": [0, 0, 1, 10], "rotation": 270, "texture": "#2"},
				"up": {"uv": [0, 0, 4, 10], "texture": "#2"},
				"down": {"uv": [0, 0, 4, 10], "rotation": 180, "texture": "#2"}
			}
		},
		{
			"from": [5, -0.17042, 5.9661],
			"to": [6, 0.82958, 13.9661],
			"rotation": {"angle": 22.5, "axis": "x", "origin": [8, 6.82958, 15.4661]},
			"faces": {
				"north": {"uv": [0, 0, 1, 1], "rotation": 180, "texture": "#2"},
				"east": {"uv": [0, 0, 1, 8], "rotation": 90, "texture": "#2"},
				"south": {"uv": [0, 0, 1, 1], "texture": "#2"},
				"west": {"uv": [0, 0, 1, 8], "rotation": 270, "texture": "#2"},
				"up": {"uv": [0, 0, 1, 8], "texture": "#2"},
				"down": {"uv": [0, 0, 1, 8], "rotation": 180, "texture": "#2"}
			}
		},
		{
			"from": [4, -0.17042, 6.9661],
			"to": [5, 0.82958, 12.9661],
			"rotation": {"angle": 22.5, "axis": "x", "origin": [8, 6.82958, 15.4661]},
			"faces": {
				"north": {"uv": [0, 0, 1, 1], "rotation": 180, "texture": "#2"},
				"east": {"uv": [0, 0, 1, 6], "rotation": 90, "texture": "#2"},
				"south": {"uv": [0, 0, 1, 1], "texture": "#2"},
				"west": {"uv": [0, 0, 1, 6], "rotation": 270, "texture": "#2"},
				"up": {"uv": [0, 0, 1, 6], "texture": "#2"},
				"down": {"uv": [0, 0, 1, 6], "rotation": 180, "texture": "#2"}
			}
		},
		{
			"from": [3, -0.17042, 7.9661],
			"to": [4, 0.82958, 11.9661],
			"rotation": {"angle": 22.5, "axis": "x", "origin": [8, 6.82958, 15.4661]},
			"faces": {
				"north": {"uv": [0, 0, 1, 1], "rotation": 180, "texture": "#2"},
				"east": {"uv": [0, 0, 1, 4], "rotation": 90, "texture": "#2"},
				"south": {"uv": [0, 0, 1, 1], "texture": "#2"},
				"west": {"uv": [0, 0, 1, 4], "rotation": 270, "texture": "#2"},
				"up": {"uv": [0, 0, 1, 4], "texture": "#2"},
				"down": {"uv": [0, 0, 1, 4], "rotation": 180, "texture": "#2"}
			}
		},
		{
			"from": [12, -0.17042, 7.9661],
			"to": [13, 0.82958, 11.9661],
			"rotation": {"angle": 22.5, "axis": "x", "origin": [8, 6.82958, 15.4661]},
			"faces": {
				"north": {"uv": [1, 0, 2, 1], "rotation": 180, "texture": "#2"},
				"east": {"uv": [1, 0, 2, 4], "rotation": 90, "texture": "#2"},
				"south": {"uv": [1, 0, 2, 1], "texture": "#2"},
				"west": {"uv": [1, 0, 2, 4], "rotation": 270, "texture": "#2"},
				"up": {"uv": [1, 0, 2, 4], "texture": "#2"},
				"down": {"uv": [1, 0, 2, 4], "rotation": 180, "texture": "#2"}
			}
		},
		{
			"from": [10, -0.17042, 5.9661],
			"to": [11, 0.82958, 13.9661],
			"rotation": {"angle": 22.5, "axis": "x", "origin": [8, 6.82958, 15.4661]},
			"faces": {
				"north": {"uv": [1, 0, 2, 1], "rotation": 180, "texture": "#2"},
				"east": {"uv": [1, 0, 2, 8], "rotation": 90, "texture": "#2"},
				"south": {"uv": [1, 0, 2, 1], "texture": "#2"},
				"west": {"uv": [1, 0, 2, 8], "rotation": 270, "texture": "#2"},
				"up": {"uv": [1, 0, 2, 8], "texture": "#2"},
				"down": {"uv": [1, 0, 2, 8], "rotation": 180, "texture": "#2"}
			}
		},
		{
			"from": [11, -0.17042, 6.9661],
			"to": [12, 0.82958, 12.9661],
			"rotation": {"angle": 22.5, "axis": "x", "origin": [8, 6.82958, 15.4661]},
			"faces": {
				"north": {"uv": [1, 0, 2, 1], "rotation": 180, "texture": "#2"},
				"east": {"uv": [1, 0, 2, 6], "rotation": 90, "texture": "#2"},
				"south": {"uv": [1, 0, 2, 1], "texture": "#2"},
				"west": {"uv": [1, 0, 2, 6], "rotation": 270, "texture": "#2"},
				"up": {"uv": [1, 0, 2, 6], "texture": "#2"},
				"down": {"uv": [1, 0, 2, 6], "rotation": 180, "texture": "#2"}
			}
		},
		{
			"from": [6, 10.82958, 4.9661],
			"to": [10, 11.82958, 14.9661],
			"rotation": {"angle": 22.5, "axis": "x", "origin": [8, 6.82958, 15.4661]},
			"faces": {
				"north": {"uv": [0, 0, 4, 1], "rotation": 180, "texture": "#2"},
				"east": {"uv": [0, 0, 1, 10], "rotation": 90, "texture": "#2"},
				"south": {"uv": [0, 0, 4, 1], "texture": "#2"},
				"west": {"uv": [0, 0, 1, 10], "rotation": 270, "texture": "#2"},
				"up": {"uv": [0, 0, 4, 10], "texture": "#2"},
				"down": {"uv": [0, 0, 4, 10], "rotation": 180, "texture": "#2"}
			}
		},
		{
			"from": [5, 10.82958, 5.9661],
			"to": [6, 11.82958, 13.9661],
			"rotation": {"angle": 22.5, "axis": "x", "origin": [8, 6.82958, 15.4661]},
			"faces": {
				"north": {"uv": [0, 0, 1, 1], "rotation": 180, "texture": "#2"},
				"east": {"uv": [0, 0, 1, 8], "rotation": 90, "texture": "#2"},
				"south": {"uv": [0, 0, 1, 1], "texture": "#2"},
				"west": {"uv": [0, 0, 1, 8], "rotation": 270, "texture": "#2"},
				"up": {"uv": [0, 0, 1, 8], "texture": "#2"},
				"down": {"uv": [0, 0, 1, 8], "rotation": 180, "texture": "#2"}
			}
		},
		{
			"from": [4, 10.82958, 6.9661],
			"to": [5, 11.82958, 12.9661],
			"rotation": {"angle": 22.5, "axis": "x", "origin": [8, 6.82958, 15.4661]},
			"faces": {
				"north": {"uv": [0, 0, 1, 1], "rotation": 180, "texture": "#2"},
				"east": {"uv": [0, 0, 1, 6], "rotation": 90, "texture": "#2"},
				"south": {"uv": [0, 0, 1, 1], "texture": "#2"},
				"west": {"uv": [0, 0, 1, 6], "rotation": 270, "texture": "#2"},
				"up": {"uv": [0, 0, 1, 6], "texture": "#2"},
				"down": {"uv": [0, 0, 1, 6], "rotation": 180, "texture": "#2"}
			}
		},
		{
			"from": [3, 10.82958, 7.9661],
			"to": [4, 11.82958, 11.9661],
			"rotation": {"angle": 22.5, "axis": "x", "origin": [8, 6.82958, 15.4661]},
			"faces": {
				"north": {"uv": [0, 0, 1, 1], "rotation": 180, "texture": "#2"},
				"east": {"uv": [0, 0, 1, 4], "rotation": 90, "texture": "#2"},
				"south": {"uv": [0, 0, 1, 1], "texture": "#2"},
				"west": {"uv": [0, 0, 1, 4], "rotation": 270, "texture": "#2"},
				"up": {"uv": [0, 0, 1, 4], "texture": "#2"},
				"down": {"uv": [0, 0, 1, 4], "rotation": 180, "texture": "#2"}
			}
		},
		{
			"from": [12, 10.82958, 7.9661],
			"to": [13, 11.82958, 11.9661],
			"rotation": {"angle": 22.5, "axis": "x", "origin": [8, 6.82958, 15.4661]},
			"faces": {
				"north": {"uv": [1, 0, 2, 1], "rotation": 180, "texture": "#2"},
				"east": {"uv": [1, 0, 2, 4], "rotation": 90, "texture": "#2"},
				"south": {"uv": [1, 0, 2, 1], "texture": "#2"},
				"west": {"uv": [1, 0, 2, 4], "rotation": 270, "texture": "#2"},
				"up": {"uv": [1, 0, 2, 4], "texture": "#2"},
				"down": {"uv": [1, 0, 2, 4], "rotation": 180, "texture": "#2"}
			}
		},
		{
			"from": [10, 10.82958, 5.9661],
			"to": [11, 11.82958, 13.9661],
			"rotation": {"angle": 22.5, "axis": "x", "origin": [8, 6.82958, 15.4661]},
			"faces": {
				"north": {"uv": [1, 0, 2, 1], "rotation": 180, "texture": "#2"},
				"east": {"uv": [1, 0, 2, 8], "rotation": 90, "texture": "#2"},
				"south": {"uv": [1, 0, 2, 1], "texture": "#2"},
				"west": {"uv": [1, 0, 2, 8], "rotation": 270, "texture": "#2"},
				"up": {"uv": [1, 0, 2, 8], "texture": "#2"},
				"down": {"uv": [1, 0, 2, 8], "rotation": 180, "texture": "#2"}
			}
		},
		{
			"from": [11, 10.82958, 6.9661],
			"to": [12, 11.82958, 12.9661],
			"rotation": {"angle": 22.5, "axis": "x", "origin": [8, 6.82958, 15.4661]},
			"faces": {
				"north": {"uv": [1, 0, 2, 1], "rotation": 180, "texture": "#2"},
				"east": {"uv": [1, 0, 2, 6], "rotation": 90, "texture": "#2"},
				"south": {"uv": [1, 0, 2, 1], "texture": "#2"},
				"west": {"uv": [1, 0, 2, 6], "rotation": 270, "texture": "#2"},
				"up": {"uv": [1, 0, 2, 6], "texture": "#2"},
				"down": {"uv": [1, 0, 2, 6], "rotation": 180, "texture": "#2"}
			}
		},
		{
			"from": [7, 7, 16],
			"to": [9, 13, 17],
			"rotation": {"angle": 22.5, "axis": "x", "origin": [8, 9, 5]},
			"faces": {
				"north": {"uv": [0, 0, 2, 6], "texture": "#2"},
				"east": {"uv": [0, 0, 1, 6], "texture": "#2"},
				"south": {"uv": [0, 0, 2, 6], "texture": "#2"},
				"west": {"uv": [0, 0, 1, 6], "texture": "#2"},
				"up": {"uv": [0, 0, 2, 1], "texture": "#2"},
				"down": {"uv": [0, 0, 2, 1], "texture": "#2"}
			}
		},
		{
			"from": [6, 8, 16],
			"to": [7, 12, 17],
			"rotation": {"angle": 22.5, "axis": "x", "origin": [8, 9, 5]},
			"faces": {
				"north": {"uv": [0, 0, 1, 4], "texture": "#2"},
				"east": {"uv": [0, 0, 1, 4], "texture": "#2"},
				"south": {"uv": [0, 0, 1, 4], "texture": "#2"},
				"west": {"uv": [0, 0, 1, 4], "texture": "#2"},
				"up": {"uv": [0, 0, 1, 1], "texture": "#2"},
				"down": {"uv": [0, 0, 1, 1], "texture": "#2"}
			}
		},
		{
			"from": [9, 8, 16],
			"to": [10, 12, 17],
			"rotation": {"angle": 22.5, "axis": "x", "origin": [8, 9, 5]},
			"faces": {
				"north": {"uv": [0, 0, 1, 4], "texture": "#2"},
				"east": {"uv": [0, 0, 1, 4], "texture": "#2"},
				"south": {"uv": [0, 0, 1, 4], "texture": "#2"},
				"west": {"uv": [0, 0, 1, 4], "texture": "#2"},
				"up": {"uv": [0, 0, 1, 1], "texture": "#2"},
				"down": {"uv": [0, 0, 1, 1], "texture": "#2"}
			}
		},
		{
			"from": [10, 9, 16],
			"to": [11, 11, 17],
			"rotation": {"angle": 22.5, "axis": "x", "origin": [8, 9, 5]},
			"faces": {
				"north": {"uv": [0, 0, 1, 2], "texture": "#2"},
				"east": {"uv": [0, 0, 1, 2], "texture": "#2"},
				"south": {"uv": [0, 0, 1, 2], "texture": "#2"},
				"west": {"uv": [0, 0, 1, 2], "texture": "#2"},
				"up": {"uv": [0, 0, 1, 1], "texture": "#2"},
				"down": {"uv": [0, 0, 1, 1], "texture": "#2"}
			}
		},
		{
			"from": [5, 9, 16],
			"to": [6, 11, 17],
			"rotation": {"angle": 22.5, "axis": "x", "origin": [8, 9, 5]},
			"faces": {
				"north": {"uv": [0, 0, 1, 2], "texture": "#2"},
				"east": {"uv": [0, 0, 1, 2], "texture": "#2"},
				"south": {"uv": [0, 0, 1, 2], "texture": "#2"},
				"west": {"uv": [0, 0, 1, 2], "texture": "#2"},
				"up": {"uv": [0, 0, 1, 1], "texture": "#2"},
				"down": {"uv": [0, 0, 1, 1], "texture": "#2"}
			}
		},
		{
			"from": [7, 11.4469, 6.88998],
			"to": [9, 12.4469, 12.88998],
			"rotation": {"angle": 22.5, "axis": "x", "origin": [8, 6.4469, 16.38998]},
			"faces": {
				"north": {"uv": [0, 0, 2, 1], "rotation": 180, "texture": "#2"},
				"east": {"uv": [0, 0, 1, 6], "rotation": 90, "texture": "#2"},
				"south": {"uv": [0, 0, 2, 1], "texture": "#2"},
				"west": {"uv": [0, 0, 1, 6], "rotation": 270, "texture": "#2"},
				"up": {"uv": [0, 0, 2, 6], "texture": "#2"},
				"down": {"uv": [0, 0, 2, 6], "rotation": 180, "texture": "#2"}
			}
		},
		{
			"from": [6, 11.4469, 7.88998],
			"to": [7, 12.4469, 11.88998],
			"rotation": {"angle": 22.5, "axis": "x", "origin": [8, 6.4469, 16.38998]},
			"faces": {
				"north": {"uv": [0, 0, 1, 1], "rotation": 180, "texture": "#2"},
				"east": {"uv": [0, 0, 1, 4], "rotation": 90, "texture": "#2"},
				"south": {"uv": [0, 0, 1, 1], "texture": "#2"},
				"west": {"uv": [0, 0, 1, 4], "rotation": 270, "texture": "#2"},
				"up": {"uv": [0, 0, 1, 4], "texture": "#2"},
				"down": {"uv": [0, 0, 1, 4], "rotation": 180, "texture": "#2"}
			}
		},
		{
			"from": [9, 11.4469, 7.88998],
			"to": [10, 12.4469, 11.88998],
			"rotation": {"angle": 22.5, "axis": "x", "origin": [8, 6.4469, 16.38998]},
			"faces": {
				"north": {"uv": [0, 0, 1, 1], "rotation": 180, "texture": "#2"},
				"east": {"uv": [0, 0, 1, 4], "rotation": 90, "texture": "#2"},
				"south": {"uv": [0, 0, 1, 1], "texture": "#2"},
				"west": {"uv": [0, 0, 1, 4], "rotation": 270, "texture": "#2"},
				"up": {"uv": [0, 0, 1, 4], "texture": "#2"},
				"down": {"uv": [0, 0, 1, 4], "rotation": 180, "texture": "#2"}
			}
		},
		{
			"from": [10, 11.4469, 8.88998],
			"to": [11, 12.4469, 10.88998],
			"rotation": {"angle": 22.5, "axis": "x", "origin": [8, 6.4469, 16.38998]},
			"faces": {
				"north": {"uv": [0, 0, 1, 1], "rotation": 180, "texture": "#2"},
				"east": {"uv": [0, 0, 1, 2], "rotation": 90, "texture": "#2"},
				"south": {"uv": [0, 0, 1, 1], "texture": "#2"},
				"west": {"uv": [0, 0, 1, 2], "rotation": 270, "texture": "#2"},
				"up": {"uv": [0, 0, 1, 2], "texture": "#2"},
				"down": {"uv": [0, 0, 1, 2], "rotation": 180, "texture": "#2"}
			}
		},
		{
			"from": [5, 11.4469, 8.88998],
			"to": [6, 12.4469, 10.88998],
			"rotation": {"angle": 22.5, "axis": "x", "origin": [8, 6.4469, 16.38998]},
			"faces": {
				"north": {"uv": [0, 0, 1, 1], "rotation": 180, "texture": "#2"},
				"east": {"uv": [0, 0, 1, 2], "rotation": 90, "texture": "#2"},
				"south": {"uv": [0, 0, 1, 1], "texture": "#2"},
				"west": {"uv": [0, 0, 1, 2], "rotation": 270, "texture": "#2"},
				"up": {"uv": [0, 0, 1, 2], "texture": "#2"},
				"down": {"uv": [0, 0, 1, 2], "rotation": 180, "texture": "#2"}
			}
		},
		{
			"from": [9, 1, 16],
			"to": [10, 5, 17],
			"rotation": {"angle": -22.5, "axis": "x", "origin": [9.5, 3, 16.5]},
			"faces": {
				"north": {"uv": [11, 4, 12, 8], "texture": "#4"},
				"east": {"uv": [11, 4, 12, 8], "texture": "#4"},
				"south": {"uv": [11, 4, 12, 8], "texture": "#4"},
				"west": {"uv": [11, 4, 12, 8], "texture": "#4"},
				"up": {"uv": [11, 4, 12, 5], "texture": "#4"},
				"down": {"uv": [11, 4, 12, 5], "texture": "#4"}
			}
		},
		{
			"from": [10.5, -0.075, 16.95],
			"to": [14.5, 0.925, 17.95],
			"rotation": {"angle": 0, "axis": "z", "origin": [9.5, 3, 16.5]},
			"faces": {
				"north": {"uv": [9, 1, 10, 5], "rotation": 90, "texture": "#4"},
				"east": {"uv": [9, 1, 10, 2], "rotation": 270, "texture": "#4"},
				"south": {"uv": [9, 1, 10, 5], "rotation": 270, "texture": "#4"},
				"west": {"uv": [9, 1, 10, 2], "rotation": 270, "texture": "#4"},
				"up": {"uv": [9, 1, 10, 5], "rotation": 270, "texture": "#4"},
				"down": {"uv": [9, 1, 10, 5], "rotation": 270, "texture": "#4"}
			}
		},
		{
			"from": [8.6, -0.19888, 16.85768],
			"to": [9.6, 1.80112, 17.85768],
			"rotation": {"angle": 45, "axis": "z", "origin": [9.5, 2.07612, 16.88268]},
			"faces": {
				"north": {"uv": [11, 4, 12, 6], "texture": "#4"},
				"east": {"uv": [11, 4, 12, 6], "texture": "#4"},
				"south": {"uv": [11, 4, 12, 6], "texture": "#4"},
				"west": {"uv": [11, 4, 12, 6], "texture": "#4"},
				"up": {"uv": [11, 4, 12, 5], "texture": "#4"},
				"down": {"uv": [11, 4, 12, 5], "texture": "#4"}
			}
		},
		{
			"from": [14, -0.5, 16.5],
			"to": [16, 1.5, 18.5],
			"faces": {
				"north": {"uv": [3, 3, 7, 7], "texture": "#5"},
				"east": {"uv": [3, 3, 7, 7], "texture": "#5"},
				"south": {"uv": [3, 3, 7, 7], "texture": "#5"},
				"west": {"uv": [3, 3, 7, 7], "texture": "#5"},
				"up": {"uv": [3, 3, 7, 7], "texture": "#5"},
				"down": {"uv": [3, 3, 7, 7], "texture": "#5"}
			}
		}
	],
	"display": {
		"thirdperson_righthand": {
			"rotation": [-20, 0, 0],
			"translation": [0, -2.25, 2],
			"scale": [0.5, 0.5, 0.5]
		},
		"thirdperson_lefthand": {
			"rotation": [-20, 0, 0],
			"translation": [0, -2.25, 2],
			"scale": [0.5, 0.5, 0.5]
		},
		"ground": {
			"translation": [0, 7.25, 0]
		},
		"gui": {
			"rotation": [15, -145, 0],
			"scale": [0.6, 0.6, 0.6]
		},
		"fixed": {
			"rotation": [-90, 0, 0],
			"translation": [0, -3.75, -23.5],
			"scale": [3, 3, 3]
		}
	},
	"groups": [
		{
			"name": "wheels",
			"origin": [0.5, 6.5, 10.5],
			"color": 0,
			"children": [0, 1, 2, 3, 4, 5, 6, 7, 8, 9, 10, 11, 12, 13, 14, 15, 16, 17, 18, 19, 20, 21, 22, 23, 24, 25, 26]
		},
		{
			"name": "body",
			"origin": [12.5, 11.42178, 4.37955],
			"color": 0,
			"children": [
				27,
				28,
				29,
				30,
				31,
				32,
				33,
				34,
				35,
				36,
				37,
				38,
				39,
				40,
				41,
				42,
				43,
				44,
				45,
				46,
				47,
				48,
				49,
				50,
				51,
				52,
				53,
				54,
				55,
				56,
				57,
				58,
				59,
				60,
				61,
				62,
				63,
				64,
				65,
				66,
				67,
				68,
				{
					"name": "group",
					"origin": [8, 8, 8],
					"color": 0,
					"children": [
						{
							"name": "big circle",
							"origin": [8, 9, 5],
							"color": 0,
							"children": [69, 70, 71, 72, 73, 74, 75]
						},
						{
							"name": "big circle",
							"origin": [8, 9, 5],
							"color": 0,
							"children": [76, 77, 78, 79, 80, 81, 82]
						},
						{
							"name": "big circle",
							"origin": [8, 9, 5],
							"color": 0,
							"children": [83, 84, 85, 86, 87, 88, 89]
						},
						{
							"name": "big circle",
							"origin": [8, 9, 5],
							"color": 0,
							"children": [90, 91, 92, 93, 94, 95, 96]
						},
						{
							"name": "big circle",
							"origin": [8, 9, 5],
							"color": 0,
							"children": [97, 98, 99, 100, 101, 102, 103]
						},
						{
							"name": "small circle",
							"origin": [8, 9, 5],
							"color": 0,
							"children": [104, 105, 106, 107, 108]
						},
						{
							"name": "small circle",
							"origin": [8, 9, 5],
							"color": 0,
							"children": [109, 110, 111, 112, 113]
						}
					]
				}
			]
		},
		114,
		115,
		116,
		117
	]
}