{
	"credit": "Made with Blockbench",
	"textures": {
		"1": "custom/credits",
		"3": "people/liontack",
		"particle": "people/msroohy"
	},
	"elements": [
		{
			"from": [-2.75, 19.25, 8],
			"to": [19.25, 24.75, 8],
			"rotation": {"angle": 0, "axis": "y", "origin": [7.25, 5.25, 0]},
			"faces": {
				"north": {"uv": [0, 2.51429, 10.05714, 5.04286], "texture": "#1"},
				"east": {"uv": [0, 0, 0, 5.5], "texture": "#1"},
				"south": {"uv": [0, 2.51429, 10.05714, 5.04286], "texture": "#1"},
				"west": {"uv": [0, 0, 0, 5.5], "texture": "#1"},
				"up": {"uv": [0, 0, 16, 0], "texture": "#1"},
				"down": {"uv": [0, 0, 16, 0], "texture": "#1"}
			}
		},
		{
			"from": [-0.75, 26.25, 8],
			"to": [16.75, 31.75, 8],
			"rotation": {"angle": 0, "axis": "y", "origin": [-0.75, 5.25, 8]},
			"faces": {
				"north": {"uv": [0, 7.54286, 8, 10.07143], "texture": "#1"},
				"east": {"uv": [0, 0, 0, 5.5], "texture": "#1"},
				"south": {"uv": [0, 7.54286, 8, 10.07143], "texture": "#1"},
				"west": {"uv": [0, 0, 0, 5.5], "texture": "#1"},
				"up": {"uv": [0, 0, 16, 0], "texture": "#1"},
				"down": {"uv": [0, 0, 16, 0], "texture": "#1"}
			}
		},
		{
			"name": "head",
			"from": [4, 8.5, 4],
			"to": [12, 16.5, 12],
			"faces": {
				"north": {"uv": [2, 2, 4, 4], "texture": "#3"},
				"east": {"uv": [0, 2, 2, 4], "texture": "#3"},
				"south": {"uv": [6, 2, 8, 4], "texture": "#3"},
				"west": {"uv": [4, 2, 6, 4], "texture": "#3"},
				"up": {"uv": [4, 2, 2, 0], "texture": "#3"},
				"down": {"uv": [6, 0, 4, 2], "texture": "#3"}
			}
		},
		{
			"name": "body",
			"from": [4, -3.5, 6],
			"to": [12, 8.5, 10],
			"faces": {
				"north": {"uv": [5, 5, 7, 8], "texture": "#3"},
				"east": {"uv": [4, 5, 5, 8], "texture": "#3"},
				"south": {"uv": [8, 5, 10, 8], "texture": "#3"},
				"west": {"uv": [7, 5, 8, 8], "texture": "#3"},
				"up": {"uv": [7, 5, 5, 4], "texture": "#3"},
				"down": {"uv": [9, 4, 7, 5], "texture": "#3"}
			}
		},
		{
			"name": "right_arm",
			"from": [12, -3.5, 6],
			"to": [15, 8.5, 10],
			"faces": {
				"north": {"uv": [11, 5, 11.75, 8], "texture": "#3"},
				"east": {"uv": [10, 5, 11, 8], "texture": "#3"},
				"south": {"uv": [12.75, 5, 13.5, 8], "texture": "#3"},
				"west": {"uv": [11.75, 5, 12.75, 8], "texture": "#3"},
				"up": {"uv": [11.75, 5, 11, 4], "texture": "#3"},
				"down": {"uv": [12.5, 4, 11.75, 5], "texture": "#3"}
			}
		},
		{
			"name": "left_arm",
			"from": [1, -3.5, 6],
			"to": [4, 8.5, 10],
			"faces": {
				"north": {"uv": [9, 13, 9.75, 16], "texture": "#3"},
				"east": {"uv": [8, 13, 9, 16], "texture": "#3"},
				"south": {"uv": [10.75, 13, 11.5, 16], "texture": "#3"},
				"west": {"uv": [9.75, 13, 10.75, 16], "texture": "#3"},
				"up": {"uv": [9.75, 13, 9, 12], "texture": "#3"},
				"down": {"uv": [10.5, 12, 9.75, 13], "texture": "#3"}
			}
		},
		{
			"name": "right_leg",
			"from": [4, -15.5, 6],
			"to": [8, -3.5, 10],
			"faces": {
				"north": {"uv": [5, 13, 6, 16], "texture": "#3"},
				"east": {"uv": [4, 13, 5, 16], "texture": "#3"},
				"south": {"uv": [7, 13, 8, 16], "texture": "#3"},
				"west": {"uv": [6, 13, 7, 16], "texture": "#3"},
				"up": {"uv": [6, 13, 5, 12], "texture": "#3"},
				"down": {"uv": [7, 12, 6, 13], "texture": "#3"}
			}
		},
		{
			"name": "left_leg",
			"from": [8, -15.5, 6],
			"to": [12, -3.5, 10],
			"faces": {
				"north": {"uv": [1, 5, 2, 8], "texture": "#3"},
				"east": {"uv": [0, 5, 1, 8], "texture": "#3"},
				"south": {"uv": [3, 5, 4, 8], "texture": "#3"},
				"west": {"uv": [2, 5, 3, 8], "texture": "#3"},
				"up": {"uv": [2, 5, 1, 4], "texture": "#3"},
				"down": {"uv": [3, 4, 2, 5], "texture": "#3"}
			}
		},
		{
			"name": "head_2nd_layer",
			"from": [3.5, 8, 3.5],
			"to": [12.5, 17, 12.5],
			"faces": {
				"north": {"uv": [10, 2, 12, 4], "texture": "#3"},
				"east": {"uv": [8, 2, 10, 4], "texture": "#3"},
				"south": {"uv": [14, 2, 16, 4], "texture": "#3"},
				"west": {"uv": [12, 2, 14, 4], "texture": "#3"},
				"up": {"uv": [12, 2, 10, 0], "texture": "#3"},
				"down": {"uv": [14, 0, 12, 2], "texture": "#3"}
			}
		},
		{
			"name": "body_2nd_layer",
			"from": [4, -3.98, 5.49],
			"to": [12, 9.03, 10.49],
			"faces": {
				"north": {"uv": [5, 9, 7, 12], "texture": "#3"},
				"east": {"uv": [4, 9, 5, 12], "texture": "#3"},
				"south": {"uv": [8, 9, 10, 12], "texture": "#3"},
				"west": {"uv": [7, 9, 8, 12], "texture": "#3"},
				"up": {"uv": [7, 9, 5, 8], "texture": "#3"},
				"down": {"uv": [9, 8, 7, 9], "texture": "#3"}
			}
		},
		{
			"name": "right_arm_2nd_layer",
			"from": [11.5, -4, 5.5],
			"to": [15.5, 9, 10.5],
			"faces": {
				"north": {"uv": [10.75, 9, 11.5, 12], "texture": "#3"},
				"east": {"uv": [10, 9, 11, 12], "texture": "#3"},
				"south": {"uv": [12.75, 9, 13.5, 12], "texture": "#3"},
				"west": {"uv": [11.75, 9, 12.75, 12], "texture": "#3"},
				"up": {"uv": [11.75, 9, 11, 8], "texture": "#3"},
				"down": {"uv": [12.5, 8, 11.75, 9], "texture": "#3"}
			}
		},
		{
			"name": "left_arm_2nd_layer",
			"from": [0.5, -4, 5.5],
			"to": [4.5, 9, 10.5],
			"faces": {
				"north": {"uv": [13, 13, 13.75, 16], "texture": "#3"},
				"east": {"uv": [12, 13, 13, 16], "texture": "#3"},
				"south": {"uv": [14.75, 13, 15.5, 16], "texture": "#3"},
				"west": {"uv": [13.75, 13, 14.75, 16], "texture": "#3"},
				"up": {"uv": [13.75, 13, 13, 12], "texture": "#3"},
				"down": {"uv": [14.5, 12, 13.75, 13], "texture": "#3"}
			}
		},
		{
			"name": "right_leg_2nd_layer",
			"from": [7.5, -16, 5.5],
			"to": [12.5, -3, 10.5],
			"faces": {
				"north": {"uv": [1, 9, 2, 12], "texture": "#3"},
				"east": {"uv": [0, 9, 1, 12], "texture": "#3"},
				"south": {"uv": [3, 9, 4, 12], "texture": "#3"},
				"west": {"uv": [0, 9, 1, 12], "texture": "#3"},
				"up": {"uv": [2, 9, 1, 8], "texture": "#3"},
				"down": {"uv": [3, 8, 2, 9], "texture": "#3"}
			}
		},
		{
			"name": "left_leg_2nd_layer",
			"from": [3.5, -16, 5.5],
			"to": [8.5, -3, 10.5],
			"faces": {
				"north": {"uv": [1, 13, 2, 16], "texture": "#3"},
				"east": {"uv": [0, 13, 1, 16], "texture": "#3"},
				"south": {"uv": [3, 13, 4, 16], "texture": "#3"},
				"west": {"uv": [2, 13, 3, 16], "texture": "#3"},
				"up": {"uv": [2, 13, 1, 12], "texture": "#3"},
				"down": {"uv": [3, 12, 2, 13], "texture": "#3"}
			}
		}
	],
	"display": {
		"head": {
			"translation": [0, -39.5, 0],
			"scale": [0.4, 0.4, 0.4]
		}
	},
	"groups": [
		0,
		1,
		{
			"name": "alex",
			"origin": [8, 8, 8],
			"color": 0,
			"nbt": "{}",
			"armAnimationEnabled": false,
			"children": [2, 3, 4, 5, 6, 7, 8, 9, 10, 11, 12, 13]
		}
	]
}