{
	"credit": "Made with Blockbench",
	"textures": {
		"0": "block/dark_oak_planks",
		"particle": "block/dark_oak_planks"
	},
	"elements": [
		{
			"from": [6, 0, 6],
			"to": [10, 16, 10],
			"rotation": {"angle": 0, "axis": "y", "origin": [6, 0, 6]},
			"faces": {
				"north": {"uv": [0, 0, 4, 16], "texture": "#0"},
				"east": {"uv": [0, 0, 4, 16], "texture": "#0"},
				"south": {"uv": [0, 0, 4, 16], "texture": "#0"},
				"west": {"uv": [0, 0, 4, 16], "texture": "#0"},
				"up": {"uv": [0, 0, 4, 4], "texture": "#0"},
				"down": {"uv": [0, 0, 4, 4], "texture": "#0"}
			}
		},
		{
			"from": [7, 6, 10],
			"to": [9, 9, 16],
			"rotation": {"angle": 0, "axis": "y", "origin": [10, 0, 6]},
			"faces": {
				"north": {"uv": [2, 1, 4, 4], "texture": "#0"},
				"east": {"uv": [6, 1, 12, 4], "texture": "#0"},
				"south": {"uv": [2, 1, 4, 4], "texture": "#0"},
				"west": {"uv": [6, 1, 12, 4], "texture": "#0"},
				"up": {"uv": [2, 2, 4, 8], "texture": "#0"},
				"down": {"uv": [2, 2, 4, 8], "texture": "#0"}
			}
		},
		{
			"from": [7, 12, 10],
			"to": [9, 15, 16],
			"rotation": {"angle": 0, "axis": "y", "origin": [10, 0, 6]},
			"faces": {
				"north": {"uv": [2, 1, 4, 4], "texture": "#0"},
				"east": {"uv": [6, 1, 12, 4], "texture": "#0"},
				"south": {"uv": [2, 1, 4, 4], "texture": "#0"},
				"west": {"uv": [6, 1, 12, 4], "texture": "#0"},
				"up": {"uv": [2, 2, 4, 8], "texture": "#0"},
				"down": {"uv": [2, 2, 4, 8], "texture": "#0"}
			}
		}
	],
	"display": {
		"thirdperson_righthand": {
			"rotation": [-20, 0, 0],
			"translation": [0, 2.75, 0],
			"scale": [0.5, 0.5, 0.5]
		},
		"thirdperson_lefthand": {
			"rotation": [-20, 0, 0],
			"translation": [0, 2.75, 0],
			"scale": [0.5, 0.5, 0.5]
		},
		"firstperson_righthand": {
			"translation": [0, 6, 0],
			"scale": [0.5, 0.5, 0.5]
		},
		"firstperson_lefthand": {
			"translation": [0, 6, 0],
			"scale": [0.5, 0.5, 0.5]
		},
		"ground": {
			"translation": [0, 5.25, 0]
		},
		"gui": {
			"rotation": [35, 135, 0],
			"translation": [0, 2.5, 0],
			"scale": [0.5, 0.5, 0.5]
		},
		"head": {
			"translation": [0, 14.25, 0]
		},
		"fixed": {
			"rotation": [90, 0, 0],
			"translation": [0, 0, 48],
			"scale": [2, 2, 2]
		}
	}
}