{
	"credit": "Made with Blockbench",
	"textures": {
		"0": "block/yellow_concrete",
		"1": "block/gray_stained_glass",
		"2": "block/gray_concrete_powder",
		"particle": "block/yellow_concrete"
	},
	"elements": [
		{
			"from": [0, 0, 0],
			"to": [16, 4, 4],
			"faces": {
				"north": {"uv": [0, 0, 16, 4], "texture": "#0"},
				"east": {"uv": [0, 0, 4, 4], "texture": "#0"},
				"south": {"uv": [0, 0, 16, 4], "texture": "#0"},
				"west": {"uv": [0, 0, 4, 4], "texture": "#0"},
				"up": {"uv": [0, 0, 16, 4], "texture": "#0"},
				"down": {"uv": [0, 0, 16, 4], "texture": "#0"}
			}
		},
		{
			"from": [-2, 4, 1],
			"to": [12, 28, 3],
			"faces": {
				"north": {"uv": [0, 0, 9, 16], "texture": "#1"},
				"east": {"uv": [0, 0, 0, 0], "texture": "#1"},
				"south": {"uv": [0, 0, 9, 16], "texture": "#1"},
				"west": {"uv": [0, 0, 0, 0], "texture": "#1"},
				"up": {"uv": [0, 0, 0, 0], "texture": "#1"},
				"down": {"uv": [1, 5, 1, 5], "texture": "#missing"}
			}
		},
		{
			"from": [0, 28, 0],
			"to": [16, 32, 4],
			"faces": {
				"north": {"uv": [0, 0, 16, 4], "texture": "#0"},
				"east": {"uv": [0, 0, 4, 4], "texture": "#0"},
				"south": {"uv": [0, 0, 16, 4], "texture": "#0"},
				"west": {"uv": [0, 0, 4, 4], "texture": "#0"},
				"up": {"uv": [0, 0, 16, 4], "texture": "#0"},
				"down": {"uv": [0, 0, 16, 4], "texture": "#0"}
			}
		},
		{
			"from": [-6.5, 27.425, 0.01],
			"to": [1.5, 31.425, 4.01],
			"rotation": {"angle": 45, "axis": "z", "origin": [0, 30, 2]},
			"faces": {
				"north": {"uv": [0, 0, 8, 4], "texture": "#0"},
				"east": {"uv": [0, 0, 4, 4], "texture": "#0"},
				"south": {"uv": [0, 0, 8, 4], "texture": "#0"},
				"west": {"uv": [0, 0, 4, 4], "texture": "#0"},
				"up": {"uv": [0, 0, 8, 4], "texture": "#0"},
				"down": {"uv": [0, 0, 8, 4], "texture": "#0"}
			}
		},
		{
			"from": [-5.57565, 4.08983, 0.01],
			"to": [-1.57565, 12.08983, 4.01],
			"rotation": {"angle": 45, "axis": "z", "origin": [2.17435, 8.83983, 2.01]},
			"faces": {
				"north": {"uv": [0, 0, 8, 4], "rotation": 90, "texture": "#0"},
				"east": {"uv": [0, 0, 8, 4], "rotation": 270, "texture": "#0"},
				"south": {"uv": [0, 0, 8, 4], "rotation": 270, "texture": "#0"},
				"west": {"uv": [0, 0, 8, 4], "rotation": 270, "texture": "#0"},
				"up": {"uv": [0, 0, 4, 4], "rotation": 270, "texture": "#0"},
				"down": {"uv": [0, 0, 4, 4], "rotation": 270, "texture": "#0"}
			}
		},
		{
			"from": [-5.625, 5.6875, 0],
			"to": [-1.625, 21.6875, 4],
			"faces": {
				"north": {"uv": [0, 0, 4, 16], "texture": "#0"},
				"east": {"uv": [0, 0, 4, 16], "texture": "#0"},
				"south": {"uv": [0, 0, 4, 16], "texture": "#0"},
				"west": {"uv": [0, 0, 4, 16], "texture": "#0"},
				"up": {"uv": [0, 0, 4, 4], "texture": "#0"},
				"down": {"uv": [0, 0, 4, 4], "texture": "#0"}
			}
		},
		{
			"from": [-5.625, 21.6875, 0],
			"to": [-1.625, 26.3675, 4],
			"faces": {
				"north": {"uv": [0, 0, 4, 4.68], "texture": "#0"},
				"east": {"uv": [0, 0, 4, 4.68], "texture": "#0"},
				"south": {"uv": [0, 0, 4, 4.68], "texture": "#0"},
				"west": {"uv": [0, 0, 4, 4.68], "texture": "#0"},
				"up": {"uv": [0, 0, 4, 4], "texture": "#0"},
				"down": {"uv": [0, 0, 4, 4], "texture": "#0"}
			}
		},
		{
			"from": [12, 4, 0],
			"to": [16, 20, 4],
			"faces": {
				"north": {"uv": [0, 0, 4, 16], "texture": "#0"},
				"east": {"uv": [0, 0, 4, 16], "texture": "#0"},
				"south": {"uv": [0, 0, 4, 16], "texture": "#0"},
				"west": {"uv": [0, 0, 4, 16], "texture": "#0"},
				"up": {"uv": [0, 0, 4, 4], "texture": "#0"},
				"down": {"uv": [0, 0, 4, 4], "texture": "#0"}
			}
		},
		{
			"from": [12, 20, 0],
			"to": [16, 28, 4],
			"faces": {
				"north": {"uv": [0, 0, 4, 8], "texture": "#0"},
				"east": {"uv": [0, 0, 4, 8], "texture": "#0"},
				"south": {"uv": [0, 0, 4, 8], "texture": "#0"},
				"west": {"uv": [0, 0, 4, 8], "texture": "#0"},
				"up": {"uv": [0, 0, 4, 4], "texture": "#0"},
				"down": {"uv": [0, 0, 4, 4], "texture": "#0"}
			}
		},
		{
			"from": [-4.75, 14, 4],
			"to": [-2.75, 18, 5.5],
			"faces": {
				"north": {"uv": [4, 1, 6, 5], "texture": "#2"},
				"east": {"uv": [4, 1, 5.5, 5], "texture": "#2"},
				"south": {"uv": [4, 1, 6, 5], "texture": "#2"},
				"west": {"uv": [4, 1, 5.5, 5], "texture": "#2"},
				"up": {"uv": [4, 1, 6, 2.5], "texture": "#2"},
				"down": {"uv": [4, 1, 6, 2.5], "texture": "#2"}
			}
		}
	],
	"display": {
		"fixed": {
			"rotation": [0, -90, 0],
			"translation": [0, 0, -16],
			"scale": [2, 2, 2]
		}
	}
}