{
	"credit": "Made with Blockbench",
	"textures": {
		"0": "block/red_concrete",
		"1": "block/black_concrete",
		"2": "block/beehive_end",
		"particle": "block/red_concrete"
	},
	"elements": [
		{
			"from": [10.3157, -2.71186, 12.4375],
			"to": [10.5157, -2.11186, 12.6375],
			"rotation": {"angle": 45, "axis": "z", "origin": [7.02709, 1.55396, 12.50511]},
			"faces": {
				"north": {"uv": [6, 1, 6, 1], "rotation": 180, "texture": "#2"},
				"east": {"uv": [6, 1, 6, 1], "rotation": 180, "texture": "#2"},
				"south": {"uv": [6, 1, 6, 1], "rotation": 180, "texture": "#2"},
				"west": {"uv": [6, 1, 6, 1], "rotation": 180, "texture": "#2"},
				"up": {"uv": [6, 1, 6, 1], "rotation": 180, "texture": "#2"},
				"down": {"uv": [6, 1, 6, 1], "rotation": 180, "texture": "#2"}
			}
		},
		{
			"from": [2.28563, 1.58106, 11],
			"to": [10.28563, 2.58106, 12],
			"rotation": {"angle": 0, "axis": "z", "origin": [7.02709, 1.55396, 12.50511]},
			"faces": {
				"north": {"uv": [1, 9, 9, 10], "rotation": 270, "texture": "#0"},
				"east": {"uv": [0, 9, 1, 10], "rotation": 90, "texture": "#0"},
				"south": {"uv": [2, 5, 10, 6], "rotation": 90, "texture": "#0"},
				"west": {"uv": [9, 9, 10, 10], "rotation": 90, "texture": "#0"},
				"up": {"uv": [9, 9, 1, 8], "rotation": 90, "texture": "#0"},
				"down": {"uv": [11, 4, 3, 5], "rotation": 90, "texture": "#0"}
			}
		},
		{
			"from": [2.72313, 0.58106, 11],
			"to": [10.72313, 1.58106, 12],
			"rotation": {"angle": 0, "axis": "z", "origin": [7.02709, 1.55396, 12.50511]},
			"faces": {
				"north": {"uv": [1, 9, 9, 10], "rotation": 270, "texture": "#0"},
				"east": {"uv": [0, 9, 1, 10], "rotation": 90, "texture": "#0"},
				"south": {"uv": [2, 4, 10, 5], "rotation": 90, "texture": "#0"},
				"west": {"uv": [9, 9, 10, 10], "rotation": 90, "texture": "#0"},
				"up": {"uv": [9, 9, 1, 8], "rotation": 90, "texture": "#0"},
				"down": {"uv": [11, 4, 3, 5], "rotation": 90, "texture": "#0"}
			}
		},
		{
			"from": [2.22313, 0.58106, 13],
			"to": [10.22313, 1.58106, 14],
			"rotation": {"angle": 0, "axis": "z", "origin": [7.02709, 1.55396, 12.50511]},
			"faces": {
				"north": {"uv": [1, 9, 9, 10], "rotation": 270, "texture": "#0"},
				"east": {"uv": [0, 9, 1, 10], "rotation": 90, "texture": "#0"},
				"south": {"uv": [0, 4, 8, 5], "rotation": 90, "texture": "#0"},
				"west": {"uv": [9, 9, 10, 10], "rotation": 90, "texture": "#0"},
				"up": {"uv": [9, 9, 1, 8], "rotation": 90, "texture": "#0"},
				"down": {"uv": [8, 3, 0, 4], "rotation": 90, "texture": "#0"}
			}
		},
		{
			"from": [2.97313, 1.58106, 13],
			"to": [10.97313, 2.58106, 14],
			"rotation": {"angle": 0, "axis": "z", "origin": [7.02709, 1.55396, 12.50511]},
			"faces": {
				"north": {"uv": [1, 9, 9, 10], "rotation": 270, "texture": "#0"},
				"east": {"uv": [0, 9, 1, 10], "rotation": 90, "texture": "#0"},
				"south": {"uv": [5, 6, 13, 7], "rotation": 90, "texture": "#0"},
				"west": {"uv": [9, 9, 10, 10], "rotation": 90, "texture": "#0"},
				"up": {"uv": [9, 9, 1, 8], "rotation": 90, "texture": "#0"},
				"down": {"uv": [12, 5, 4, 6], "rotation": 90, "texture": "#0"}
			}
		},
		{
			"from": [1.97313, 1.08106, 12],
			"to": [9.97313, 2.08106, 13],
			"rotation": {"angle": 0, "axis": "z", "origin": [7.02709, 1.55396, 12.50511]},
			"faces": {
				"north": {"uv": [1, 9, 9, 10], "rotation": 270, "texture": "#0"},
				"east": {"uv": [0, 9, 1, 10], "rotation": 90, "texture": "#0"},
				"south": {"uv": [0, 3, 8, 4], "rotation": 90, "texture": "#0"},
				"west": {"uv": [9, 9, 10, 10], "rotation": 90, "texture": "#0"},
				"up": {"uv": [9, 9, 1, 8], "rotation": 90, "texture": "#0"},
				"down": {"uv": [8, 4, 0, 5], "rotation": 90, "texture": "#0"}
			}
		},
		{
			"from": [2.47313, 2.08106, 12],
			"to": [10.47313, 3.08106, 13],
			"rotation": {"angle": 0, "axis": "z", "origin": [7.02709, 1.55396, 12.50511]},
			"faces": {
				"north": {"uv": [1, 9, 9, 10], "rotation": 270, "texture": "#0"},
				"east": {"uv": [0, 9, 1, 10], "rotation": 90, "texture": "#0"},
				"south": {"uv": [5, 13, 13, 14], "rotation": 90, "texture": "#0"},
				"west": {"uv": [9, 9, 10, 10], "rotation": 90, "texture": "#0"},
				"up": {"uv": [9, 9, 1, 8], "rotation": 90, "texture": "#0"},
				"down": {"uv": [11, 4, 3, 5], "rotation": 90, "texture": "#0"}
			}
		},
		{
			"from": [2.47313, 0.08106, 12],
			"to": [10.47313, 1.08106, 13],
			"rotation": {"angle": 0, "axis": "z", "origin": [7.02709, 1.55396, 12.50511]},
			"faces": {
				"north": {"uv": [1, 9, 9, 10], "rotation": 270, "texture": "#0"},
				"east": {"uv": [0, 9, 1, 10], "rotation": 90, "texture": "#0"},
				"south": {"uv": [3, 2, 11, 3], "rotation": 90, "texture": "#0"},
				"west": {"uv": [9, 9, 10, 10], "rotation": 90, "texture": "#0"},
				"up": {"uv": [9, 9, 1, 8], "rotation": 90, "texture": "#0"},
				"down": {"uv": [12, 2, 4, 3], "rotation": 90, "texture": "#0"}
			}
		},
		{
			"from": [3.97313, -0.01894, 11.9],
			"to": [4.97313, 1.18106, 13.1],
			"rotation": {"angle": 0, "axis": "z", "origin": [7.02709, 1.55396, 12.50511]},
			"faces": {
				"north": {"uv": [1, 2, 2, 3], "rotation": 270, "texture": "#1"},
				"east": {"uv": [0, 2, 1, 3], "rotation": 90, "texture": "#1"},
				"south": {"uv": [3, 2, 4, 3], "rotation": 90, "texture": "#1"},
				"west": {"uv": [2, 2, 3, 3], "rotation": 90, "texture": "#1"},
				"up": {"uv": [2, 2, 1, 1], "rotation": 90, "texture": "#1"},
				"down": {"uv": [3, 1, 2, 2], "rotation": 90, "texture": "#1"}
			}
		},
		{
			"from": [3.97313, 1.98106, 11.9],
			"to": [4.97313, 3.18106, 13.1],
			"rotation": {"angle": 0, "axis": "z", "origin": [7.02709, 1.55396, 12.50511]},
			"faces": {
				"north": {"uv": [1, 2, 2, 3], "rotation": 270, "texture": "#1"},
				"east": {"uv": [0, 2, 1, 3], "rotation": 90, "texture": "#1"},
				"south": {"uv": [3, 2, 4, 3], "rotation": 90, "texture": "#1"},
				"west": {"uv": [2, 2, 3, 3], "rotation": 90, "texture": "#1"},
				"up": {"uv": [2, 2, 1, 1], "rotation": 90, "texture": "#1"},
				"down": {"uv": [3, 1, 2, 2], "rotation": 90, "texture": "#1"}
			}
		},
		{
			"from": [3.97313, 0.48106, 12.9],
			"to": [4.97313, 1.68106, 14.1],
			"rotation": {"angle": 0, "axis": "z", "origin": [7.02709, 1.55396, 12.50511]},
			"faces": {
				"north": {"uv": [1, 2, 2, 3], "rotation": 270, "texture": "#1"},
				"east": {"uv": [0, 2, 1, 3], "rotation": 90, "texture": "#1"},
				"south": {"uv": [3, 2, 4, 3], "rotation": 90, "texture": "#1"},
				"west": {"uv": [2, 2, 3, 3], "rotation": 90, "texture": "#1"},
				"up": {"uv": [2, 2, 1, 1], "rotation": 90, "texture": "#1"},
				"down": {"uv": [3, 1, 2, 2], "rotation": 90, "texture": "#1"}
			}
		},
		{
			"from": [3.97313, 1.48106, 12.9],
			"to": [4.97313, 2.68106, 14.1],
			"rotation": {"angle": 0, "axis": "z", "origin": [7.02709, 1.55396, 12.50511]},
			"faces": {
				"north": {"uv": [1, 2, 2, 3], "rotation": 270, "texture": "#1"},
				"east": {"uv": [0, 2, 1, 3], "rotation": 90, "texture": "#1"},
				"south": {"uv": [3, 2, 4, 3], "rotation": 90, "texture": "#1"},
				"west": {"uv": [2, 2, 3, 3], "rotation": 90, "texture": "#1"},
				"up": {"uv": [2, 2, 1, 1], "rotation": 90, "texture": "#1"},
				"down": {"uv": [3, 1, 2, 2], "rotation": 90, "texture": "#1"}
			}
		},
		{
			"from": [3.97313, 0.48106, 10.9],
			"to": [4.97313, 1.68106, 12.1],
			"rotation": {"angle": 0, "axis": "z", "origin": [7.02709, 1.55396, 12.50511]},
			"faces": {
				"north": {"uv": [1, 2, 2, 3], "rotation": 270, "texture": "#1"},
				"east": {"uv": [0, 2, 1, 3], "rotation": 90, "texture": "#1"},
				"south": {"uv": [3, 2, 4, 3], "rotation": 90, "texture": "#1"},
				"west": {"uv": [2, 2, 3, 3], "rotation": 90, "texture": "#1"},
				"up": {"uv": [2, 2, 1, 1], "rotation": 90, "texture": "#1"},
				"down": {"uv": [3, 1, 2, 2], "rotation": 90, "texture": "#1"}
			}
		},
		{
			"from": [3.97313, 1.48106, 10.9],
			"to": [4.97313, 2.68106, 12.1],
			"rotation": {"angle": 0, "axis": "z", "origin": [7.02709, 1.55396, 12.50511]},
			"faces": {
				"north": {"uv": [1, 2, 2, 3], "rotation": 270, "texture": "#1"},
				"east": {"uv": [0, 2, 1, 3], "rotation": 90, "texture": "#1"},
				"south": {"uv": [3, 2, 4, 3], "rotation": 90, "texture": "#1"},
				"west": {"uv": [2, 2, 3, 3], "rotation": 90, "texture": "#1"},
				"up": {"uv": [2, 2, 1, 1], "rotation": 90, "texture": "#1"},
				"down": {"uv": [3, 1, 2, 2], "rotation": 90, "texture": "#1"}
			}
		},
		{
			"from": [7.47313, -0.01894, 11.9],
			"to": [8.47313, 1.18106, 13.1],
			"rotation": {"angle": 0, "axis": "z", "origin": [7.02709, 1.55396, 12.50511]},
			"faces": {
				"north": {"uv": [1, 2, 2, 3], "rotation": 270, "texture": "#1"},
				"east": {"uv": [0, 2, 1, 3], "rotation": 90, "texture": "#1"},
				"south": {"uv": [3, 2, 4, 3], "rotation": 90, "texture": "#1"},
				"west": {"uv": [2, 2, 3, 3], "rotation": 90, "texture": "#1"},
				"up": {"uv": [2, 2, 1, 1], "rotation": 90, "texture": "#1"},
				"down": {"uv": [3, 1, 2, 2], "rotation": 90, "texture": "#1"}
			}
		},
		{
			"from": [7.47313, 1.98106, 11.9],
			"to": [8.47313, 3.18106, 13.1],
			"rotation": {"angle": 0, "axis": "z", "origin": [7.02709, 1.55396, 12.50511]},
			"faces": {
				"north": {"uv": [1, 2, 2, 3], "rotation": 270, "texture": "#1"},
				"east": {"uv": [0, 2, 1, 3], "rotation": 90, "texture": "#1"},
				"south": {"uv": [3, 2, 4, 3], "rotation": 90, "texture": "#1"},
				"west": {"uv": [2, 2, 3, 3], "rotation": 90, "texture": "#1"},
				"up": {"uv": [2, 2, 1, 1], "rotation": 90, "texture": "#1"},
				"down": {"uv": [3, 1, 2, 2], "rotation": 90, "texture": "#1"}
			}
		},
		{
			"from": [7.47313, 0.48106, 12.9],
			"to": [8.47313, 1.68106, 14.1],
			"rotation": {"angle": 0, "axis": "z", "origin": [7.02709, 1.55396, 12.50511]},
			"faces": {
				"north": {"uv": [1, 2, 2, 3], "rotation": 270, "texture": "#1"},
				"east": {"uv": [0, 2, 1, 3], "rotation": 90, "texture": "#1"},
				"south": {"uv": [3, 2, 4, 3], "rotation": 90, "texture": "#1"},
				"west": {"uv": [2, 2, 3, 3], "rotation": 90, "texture": "#1"},
				"up": {"uv": [2, 2, 1, 1], "rotation": 90, "texture": "#1"},
				"down": {"uv": [3, 1, 2, 2], "rotation": 90, "texture": "#1"}
			}
		},
		{
			"from": [7.47313, 1.48106, 12.9],
			"to": [8.47313, 2.68106, 14.1],
			"rotation": {"angle": 0, "axis": "z", "origin": [7.02709, 1.55396, 12.50511]},
			"faces": {
				"north": {"uv": [1, 2, 2, 3], "rotation": 270, "texture": "#1"},
				"east": {"uv": [0, 2, 1, 3], "rotation": 90, "texture": "#1"},
				"south": {"uv": [3, 2, 4, 3], "rotation": 90, "texture": "#1"},
				"west": {"uv": [2, 2, 3, 3], "rotation": 90, "texture": "#1"},
				"up": {"uv": [2, 2, 1, 1], "rotation": 90, "texture": "#1"},
				"down": {"uv": [3, 1, 2, 2], "rotation": 90, "texture": "#1"}
			}
		},
		{
			"from": [7.47313, 0.48106, 10.9],
			"to": [8.47313, 1.68106, 12.1],
			"rotation": {"angle": 0, "axis": "z", "origin": [7.02709, 1.55396, 12.50511]},
			"faces": {
				"north": {"uv": [1, 2, 2, 3], "rotation": 270, "texture": "#1"},
				"east": {"uv": [0, 2, 1, 3], "rotation": 90, "texture": "#1"},
				"south": {"uv": [3, 2, 4, 3], "rotation": 90, "texture": "#1"},
				"west": {"uv": [2, 2, 3, 3], "rotation": 90, "texture": "#1"},
				"up": {"uv": [2, 2, 1, 1], "rotation": 90, "texture": "#1"},
				"down": {"uv": [3, 1, 2, 2], "rotation": 90, "texture": "#1"}
			}
		},
		{
			"from": [7.47313, 1.48106, 10.9],
			"to": [8.47313, 2.68106, 12.1],
			"rotation": {"angle": 0, "axis": "z", "origin": [7.02709, 1.55396, 12.50511]},
			"faces": {
				"north": {"uv": [1, 2, 2, 3], "rotation": 270, "texture": "#1"},
				"east": {"uv": [0, 2, 1, 3], "rotation": 90, "texture": "#1"},
				"south": {"uv": [3, 2, 4, 3], "rotation": 90, "texture": "#1"},
				"west": {"uv": [2, 2, 3, 3], "rotation": 90, "texture": "#1"},
				"up": {"uv": [2, 2, 1, 1], "rotation": 90, "texture": "#1"},
				"down": {"uv": [3, 1, 2, 2], "rotation": 90, "texture": "#1"}
			}
		},
		{
			"from": [9.97313, 1.44356, 12.4375],
			"to": [11.57313, 1.64356, 12.6375],
			"rotation": {"angle": 0, "axis": "z", "origin": [7.02709, 1.55396, 12.50511]},
			"faces": {
				"north": {"uv": [0, 8, 1, 8], "rotation": 270, "texture": "#2"},
				"east": {"uv": [0, 8, 0, 8], "rotation": 90, "texture": "#2"},
				"south": {"uv": [1, 8, 2, 8], "rotation": 90, "texture": "#2"},
				"west": {"uv": [1, 8, 1, 8], "rotation": 90, "texture": "#2"},
				"up": {"uv": [1, 8, 0, 8], "rotation": 90, "texture": "#2"},
				"down": {"uv": [2, 8, 1, 8], "rotation": 90, "texture": "#2"}
			}
		},
		{
			"from": [11.16748, 3.18914, 12.4375],
			"to": [11.76748, 3.38914, 12.6375],
			"rotation": {"angle": -22.5, "axis": "z", "origin": [7.02709, 1.55396, 12.50511]},
			"faces": {
				"north": {"uv": [0, 7, 0, 7], "rotation": 270, "texture": "#2"},
				"east": {"uv": [0, 7, 0, 7], "rotation": 90, "texture": "#2"},
				"south": {"uv": [0, 7, 0, 7], "rotation": 90, "texture": "#2"},
				"west": {"uv": [0, 7, 0, 7], "rotation": 90, "texture": "#2"},
				"up": {"uv": [0, 7, 0, 7], "rotation": 90, "texture": "#2"},
				"down": {"uv": [0, 7, 0, 7], "rotation": 90, "texture": "#2"}
			}
		},
		{
			"from": [5.62265, 1.58106, 1.64997],
			"to": [13.62265, 2.58106, 2.64997],
			"rotation": {"angle": 45, "axis": "y", "origin": [12.37953, 1.57918, 2.1481]},
			"faces": {
				"north": {"uv": [1, 9, 9, 10], "rotation": 90, "texture": "#0"},
				"east": {"uv": [0, 9, 1, 10], "rotation": 90, "texture": "#0"},
				"south": {"uv": [5, 12, 13, 13], "rotation": 270, "texture": "#0"},
				"west": {"uv": [9, 9, 10, 10], "rotation": 90, "texture": "#0"},
				"up": {"uv": [9, 9, 1, 8], "rotation": 270, "texture": "#0"},
				"down": {"uv": [11, 8, 3, 9], "rotation": 270, "texture": "#0"}
			}
		},
		{
			"from": [5.18515, 0.58106, 1.64997],
			"to": [13.18515, 1.58106, 2.64997],
			"rotation": {"angle": 45, "axis": "y", "origin": [12.37953, 1.57918, 2.1481]},
			"faces": {
				"north": {"uv": [1, 9, 9, 10], "rotation": 90, "texture": "#0"},
				"east": {"uv": [0, 9, 1, 10], "rotation": 90, "texture": "#0"},
				"south": {"uv": [9, 12, 17, 13], "rotation": 270, "texture": "#0"},
				"west": {"uv": [9, 9, 10, 10], "rotation": 90, "texture": "#0"},
				"up": {"uv": [9, 9, 1, 8], "rotation": 270, "texture": "#0"},
				"down": {"uv": [17, 8, 9, 9], "rotation": 270, "texture": "#0"}
			}
		},
		{
			"from": [5.68515, 0.58106, -0.35003],
			"to": [13.68515, 1.58106, 0.64997],
			"rotation": {"angle": 45, "axis": "y", "origin": [12.37953, 1.57918, 2.1481]},
			"faces": {
				"north": {"uv": [1, 9, 9, 10], "rotation": 90, "texture": "#0"},
				"east": {"uv": [0, 9, 1, 10], "rotation": 90, "texture": "#0"},
				"south": {"uv": [5, 13, 13, 14], "rotation": 270, "texture": "#0"},
				"west": {"uv": [9, 9, 10, 10], "rotation": 90, "texture": "#0"},
				"up": {"uv": [9, 9, 1, 8], "rotation": 270, "texture": "#0"},
				"down": {"uv": [11, 7, 3, 8], "rotation": 270, "texture": "#0"}
			}
		},
		{
			"from": [4.93515, 1.58106, -0.35003],
			"to": [12.93515, 2.58106, 0.64997],
			"rotation": {"angle": 45, "axis": "y", "origin": [12.37953, 1.57918, 2.1481]},
			"faces": {
				"north": {"uv": [1, 9, 9, 10], "rotation": 90, "texture": "#0"},
				"east": {"uv": [0, 9, 1, 10], "rotation": 90, "texture": "#0"},
				"south": {"uv": [3, 12, 11, 13], "rotation": 270, "texture": "#0"},
				"west": {"uv": [9, 9, 10, 10], "rotation": 90, "texture": "#0"},
				"up": {"uv": [9, 9, 1, 8], "rotation": 270, "texture": "#0"},
				"down": {"uv": [11, 12, 3, 13], "rotation": 270, "texture": "#0"}
			}
		},
		{
			"from": [5.93515, 1.08106, 0.64997],
			"to": [13.93515, 2.08106, 1.64997],
			"rotation": {"angle": 45, "axis": "y", "origin": [12.37953, 1.57918, 2.1481]},
			"faces": {
				"north": {"uv": [1, 9, 9, 10], "rotation": 90, "texture": "#0"},
				"east": {"uv": [0, 9, 1, 10], "rotation": 90, "texture": "#0"},
				"south": {"uv": [7, 11, 15, 12], "rotation": 270, "texture": "#0"},
				"west": {"uv": [9, 9, 10, 10], "rotation": 90, "texture": "#0"},
				"up": {"uv": [9, 9, 1, 8], "rotation": 270, "texture": "#0"},
				"down": {"uv": [13, 8, 5, 9], "rotation": 270, "texture": "#0"}
			}
		},
		{
			"from": [5.43515, 2.08106, 0.64997],
			"to": [13.43515, 3.08106, 1.64997],
			"rotation": {"angle": 45, "axis": "y", "origin": [12.37953, 1.57918, 2.1481]},
			"faces": {
				"north": {"uv": [1, 9, 9, 10], "rotation": 90, "texture": "#0"},
				"east": {"uv": [0, 9, 1, 10], "rotation": 90, "texture": "#0"},
				"south": {"uv": [4, 11, 12, 12], "rotation": 270, "texture": "#0"},
				"west": {"uv": [9, 9, 10, 10], "rotation": 90, "texture": "#0"},
				"up": {"uv": [9, 9, 1, 8], "rotation": 270, "texture": "#0"},
				"down": {"uv": [11, 8, 3, 9], "rotation": 270, "texture": "#0"}
			}
		},
		{
			"from": [5.43515, 0.08106, 0.64997],
			"to": [13.43515, 1.08106, 1.64997],
			"rotation": {"angle": 45, "axis": "y", "origin": [12.37953, 1.57918, 2.1481]},
			"faces": {
				"north": {"uv": [1, 9, 9, 10], "rotation": 90, "texture": "#0"},
				"east": {"uv": [0, 9, 1, 10], "rotation": 90, "texture": "#0"},
				"south": {"uv": [1, 12, 9, 13], "rotation": 270, "texture": "#0"},
				"west": {"uv": [9, 9, 10, 10], "rotation": 90, "texture": "#0"},
				"up": {"uv": [9, 9, 1, 8], "rotation": 270, "texture": "#0"},
				"down": {"uv": [9, 6, 1, 7], "rotation": 270, "texture": "#0"}
			}
		},
		{
			"from": [10.93515, -0.01894, 0.54997],
			"to": [11.93515, 1.18106, 1.74997],
			"rotation": {"angle": 45, "axis": "y", "origin": [12.37953, 1.57918, 2.1481]},
			"faces": {
				"north": {"uv": [1, 2, 2, 3], "rotation": 90, "texture": "#1"},
				"east": {"uv": [0, 2, 1, 3], "rotation": 90, "texture": "#1"},
				"south": {"uv": [2, 5, 3, 6], "rotation": 270, "texture": "#1"},
				"west": {"uv": [2, 2, 3, 3], "rotation": 90, "texture": "#1"},
				"up": {"uv": [2, 2, 1, 1], "rotation": 270, "texture": "#1"},
				"down": {"uv": [3, 1, 2, 2], "rotation": 270, "texture": "#1"}
			}
		},
		{
			"from": [10.93515, 1.98106, 0.54997],
			"to": [11.93515, 3.18106, 1.74997],
			"rotation": {"angle": 45, "axis": "y", "origin": [12.37953, 1.57918, 2.1481]},
			"faces": {
				"north": {"uv": [1, 2, 2, 3], "rotation": 90, "texture": "#1"},
				"east": {"uv": [0, 2, 1, 3], "rotation": 90, "texture": "#1"},
				"south": {"uv": [2, 5, 3, 6], "rotation": 270, "texture": "#1"},
				"west": {"uv": [2, 2, 3, 3], "rotation": 90, "texture": "#1"},
				"up": {"uv": [2, 2, 1, 1], "rotation": 270, "texture": "#1"},
				"down": {"uv": [3, 1, 2, 2], "rotation": 270, "texture": "#1"}
			}
		},
		{
			"from": [10.93515, 0.48106, -0.45003],
			"to": [11.93515, 1.68106, 0.74997],
			"rotation": {"angle": 45, "axis": "y", "origin": [12.37953, 1.57918, 2.1481]},
			"faces": {
				"north": {"uv": [1, 2, 2, 3], "rotation": 90, "texture": "#1"},
				"east": {"uv": [0, 2, 1, 3], "rotation": 90, "texture": "#1"},
				"south": {"uv": [2, 5, 3, 6], "rotation": 270, "texture": "#1"},
				"west": {"uv": [2, 2, 3, 3], "rotation": 90, "texture": "#1"},
				"up": {"uv": [2, 2, 1, 1], "rotation": 270, "texture": "#1"},
				"down": {"uv": [3, 1, 2, 2], "rotation": 270, "texture": "#1"}
			}
		},
		{
			"from": [10.93515, 1.48106, -0.45003],
			"to": [11.93515, 2.68106, 0.74997],
			"rotation": {"angle": 45, "axis": "y", "origin": [12.37953, 1.57918, 2.1481]},
			"faces": {
				"north": {"uv": [1, 2, 2, 3], "rotation": 90, "texture": "#1"},
				"east": {"uv": [0, 2, 1, 3], "rotation": 90, "texture": "#1"},
				"south": {"uv": [2, 5, 3, 6], "rotation": 270, "texture": "#1"},
				"west": {"uv": [2, 2, 3, 3], "rotation": 90, "texture": "#1"},
				"up": {"uv": [2, 2, 1, 1], "rotation": 270, "texture": "#1"},
				"down": {"uv": [3, 1, 2, 2], "rotation": 270, "texture": "#1"}
			}
		},
		{
			"from": [10.93515, 0.48106, 1.54997],
			"to": [11.93515, 1.68106, 2.74997],
			"rotation": {"angle": 45, "axis": "y", "origin": [12.37953, 1.57918, 2.1481]},
			"faces": {
				"north": {"uv": [1, 2, 2, 3], "rotation": 90, "texture": "#1"},
				"east": {"uv": [0, 2, 1, 3], "rotation": 90, "texture": "#1"},
				"south": {"uv": [2, 5, 3, 6], "rotation": 270, "texture": "#1"},
				"west": {"uv": [2, 2, 3, 3], "rotation": 90, "texture": "#1"},
				"up": {"uv": [2, 2, 1, 1], "rotation": 270, "texture": "#1"},
				"down": {"uv": [3, 1, 2, 2], "rotation": 270, "texture": "#1"}
			}
		},
		{
			"from": [10.93515, 1.48106, 1.54997],
			"to": [11.93515, 2.68106, 2.74997],
			"rotation": {"angle": 45, "axis": "y", "origin": [12.37953, 1.57918, 2.1481]},
			"faces": {
				"north": {"uv": [1, 2, 2, 3], "rotation": 90, "texture": "#1"},
				"east": {"uv": [0, 2, 1, 3], "rotation": 90, "texture": "#1"},
				"south": {"uv": [2, 5, 3, 6], "rotation": 270, "texture": "#1"},
				"west": {"uv": [2, 2, 3, 3], "rotation": 90, "texture": "#1"},
				"up": {"uv": [2, 2, 1, 1], "rotation": 270, "texture": "#1"},
				"down": {"uv": [3, 1, 2, 2], "rotation": 270, "texture": "#1"}
			}
		},
		{
			"from": [7.43515, -0.01894, 0.54997],
			"to": [8.43515, 1.18106, 1.74997],
			"rotation": {"angle": 45, "axis": "y", "origin": [12.37953, 1.57918, 2.1481]},
			"faces": {
				"north": {"uv": [1, 2, 2, 3], "rotation": 90, "texture": "#1"},
				"east": {"uv": [0, 2, 1, 3], "rotation": 90, "texture": "#1"},
				"south": {"uv": [2, 5, 3, 6], "rotation": 270, "texture": "#1"},
				"west": {"uv": [2, 2, 3, 3], "rotation": 90, "texture": "#1"},
				"up": {"uv": [2, 2, 1, 1], "rotation": 270, "texture": "#1"},
				"down": {"uv": [3, 1, 2, 2], "rotation": 270, "texture": "#1"}
			}
		},
		{
			"from": [7.43515, 1.98106, 0.54997],
			"to": [8.43515, 3.18106, 1.74997],
			"rotation": {"angle": 45, "axis": "y", "origin": [12.37953, 1.57918, 2.1481]},
			"faces": {
				"north": {"uv": [1, 2, 2, 3], "rotation": 90, "texture": "#1"},
				"east": {"uv": [0, 2, 1, 3], "rotation": 90, "texture": "#1"},
				"south": {"uv": [2, 5, 3, 6], "rotation": 270, "texture": "#1"},
				"west": {"uv": [2, 2, 3, 3], "rotation": 90, "texture": "#1"},
				"up": {"uv": [2, 2, 1, 1], "rotation": 270, "texture": "#1"},
				"down": {"uv": [3, 1, 2, 2], "rotation": 270, "texture": "#1"}
			}
		},
		{
			"from": [7.43515, 0.48106, -0.45003],
			"to": [8.43515, 1.68106, 0.74997],
			"rotation": {"angle": 45, "axis": "y", "origin": [12.37953, 1.57918, 2.1481]},
			"faces": {
				"north": {"uv": [1, 2, 2, 3], "rotation": 90, "texture": "#1"},
				"east": {"uv": [0, 2, 1, 3], "rotation": 90, "texture": "#1"},
				"south": {"uv": [2, 5, 3, 6], "rotation": 270, "texture": "#1"},
				"west": {"uv": [2, 2, 3, 3], "rotation": 90, "texture": "#1"},
				"up": {"uv": [2, 2, 1, 1], "rotation": 270, "texture": "#1"},
				"down": {"uv": [3, 1, 2, 2], "rotation": 270, "texture": "#1"}
			}
		},
		{
			"from": [7.43515, 1.48106, -0.45003],
			"to": [8.43515, 2.68106, 0.74997],
			"rotation": {"angle": 45, "axis": "y", "origin": [12.37953, 1.57918, 2.1481]},
			"faces": {
				"north": {"uv": [1, 2, 2, 3], "rotation": 90, "texture": "#1"},
				"east": {"uv": [0, 2, 1, 3], "rotation": 90, "texture": "#1"},
				"south": {"uv": [2, 5, 3, 6], "rotation": 270, "texture": "#1"},
				"west": {"uv": [2, 2, 3, 3], "rotation": 90, "texture": "#1"},
				"up": {"uv": [2, 2, 1, 1], "rotation": 270, "texture": "#1"},
				"down": {"uv": [3, 1, 2, 2], "rotation": 270, "texture": "#1"}
			}
		},
		{
			"from": [7.43515, 0.48106, 1.54997],
			"to": [8.43515, 1.68106, 2.74997],
			"rotation": {"angle": 45, "axis": "y", "origin": [12.37953, 1.57918, 2.1481]},
			"faces": {
				"north": {"uv": [1, 2, 2, 3], "rotation": 90, "texture": "#1"},
				"east": {"uv": [0, 2, 1, 3], "rotation": 90, "texture": "#1"},
				"south": {"uv": [2, 5, 3, 6], "rotation": 270, "texture": "#1"},
				"west": {"uv": [2, 2, 3, 3], "rotation": 90, "texture": "#1"},
				"up": {"uv": [2, 2, 1, 1], "rotation": 270, "texture": "#1"},
				"down": {"uv": [3, 1, 2, 2], "rotation": 270, "texture": "#1"}
			}
		},
		{
			"from": [7.43515, 1.48106, 1.54997],
			"to": [8.43515, 2.68106, 2.74997],
			"rotation": {"angle": 45, "axis": "y", "origin": [12.37953, 1.57918, 2.1481]},
			"faces": {
				"north": {"uv": [1, 2, 2, 3], "rotation": 90, "texture": "#1"},
				"east": {"uv": [0, 2, 1, 3], "rotation": 90, "texture": "#1"},
				"south": {"uv": [2, 5, 3, 6], "rotation": 270, "texture": "#1"},
				"west": {"uv": [2, 2, 3, 3], "rotation": 90, "texture": "#1"},
				"up": {"uv": [2, 2, 1, 1], "rotation": 270, "texture": "#1"},
				"down": {"uv": [3, 1, 2, 2], "rotation": 270, "texture": "#1"}
			}
		},
		{
			"from": [4.33515, 1.44356, 1.01247],
			"to": [5.93515, 1.64356, 1.21247],
			"rotation": {"angle": 45, "axis": "y", "origin": [12.37953, 1.57918, 2.1481]},
			"faces": {
				"north": {"uv": [0, 8, 1, 8], "rotation": 90, "texture": "#2"},
				"east": {"uv": [0, 8, 0, 8], "rotation": 90, "texture": "#2"},
				"south": {"uv": [0, 11, 1, 11], "rotation": 270, "texture": "#2"},
				"west": {"uv": [1, 8, 1, 8], "rotation": 90, "texture": "#2"},
				"up": {"uv": [1, 8, 0, 8], "rotation": 270, "texture": "#2"},
				"down": {"uv": [2, 8, 1, 8], "rotation": 270, "texture": "#2"}
			}
		},
		{
			"from": [7.76126, 6.09257, 3.87273],
			"to": [8.36126, 6.29257, 4.07273],
			"rotation": {"angle": 22.5, "axis": "z", "origin": [12.02709, 2.80396, 4.00511]},
			"faces": {
				"north": {"uv": [0, 4, 0, 4], "rotation": 90, "texture": "#2"},
				"east": {"uv": [0, 4, 0, 4], "rotation": 90, "texture": "#2"},
				"south": {"uv": [0, 4, 0, 4], "rotation": 270, "texture": "#2"},
				"west": {"uv": [0, 4, 0, 4], "rotation": 90, "texture": "#2"},
				"up": {"uv": [0, 4, 0, 4], "rotation": 270, "texture": "#2"},
				"down": {"uv": [0, 4, 0, 4], "rotation": 270, "texture": "#2"}
			}
		},
		{
			"from": [8.76856, 2.83106, 4.51023],
			"to": [16.76856, 3.83106, 5.51023],
			"rotation": {"angle": -22.5, "axis": "z", "origin": [12.02709, 2.80396, 4.00511]},
			"faces": {
				"north": {"uv": [1, 9, 9, 10], "rotation": 90, "texture": "#0"},
				"east": {"uv": [0, 9, 1, 10], "rotation": 90, "texture": "#0"},
				"south": {"uv": [3, 7, 11, 8], "rotation": 270, "texture": "#0"},
				"west": {"uv": [9, 9, 10, 10], "rotation": 90, "texture": "#0"},
				"up": {"uv": [9, 9, 1, 8], "rotation": 270, "texture": "#0"},
				"down": {"uv": [11, 6, 3, 7], "rotation": 270, "texture": "#0"}
			}
		},
		{
			"from": [8.33106, 1.83106, 4.51023],
			"to": [16.33106, 2.83106, 5.51023],
			"rotation": {"angle": -22.5, "axis": "z", "origin": [12.02709, 2.80396, 4.00511]},
			"faces": {
				"north": {"uv": [1, 9, 9, 10], "rotation": 90, "texture": "#0"},
				"east": {"uv": [0, 9, 1, 10], "rotation": 90, "texture": "#0"},
				"south": {"uv": [4, 4, 12, 5], "rotation": 270, "texture": "#0"},
				"west": {"uv": [9, 9, 10, 10], "rotation": 90, "texture": "#0"},
				"up": {"uv": [9, 9, 1, 8], "rotation": 270, "texture": "#0"},
				"down": {"uv": [12, 2, 4, 3], "rotation": 270, "texture": "#0"}
			}
		},
		{
			"from": [8.83106, 1.83106, 2.51023],
			"to": [16.83106, 2.83106, 3.51023],
			"rotation": {"angle": -22.5, "axis": "z", "origin": [12.02709, 2.80396, 4.00511]},
			"faces": {
				"north": {"uv": [1, 9, 9, 10], "rotation": 90, "texture": "#0"},
				"east": {"uv": [0, 9, 1, 10], "rotation": 90, "texture": "#0"},
				"south": {"uv": [6, 5, 14, 6], "rotation": 270, "texture": "#0"},
				"west": {"uv": [9, 9, 10, 10], "rotation": 90, "texture": "#0"},
				"up": {"uv": [9, 9, 1, 8], "rotation": 270, "texture": "#0"},
				"down": {"uv": [13, 7, 5, 8], "rotation": 270, "texture": "#0"}
			}
		},
		{
			"from": [8.08106, 2.83106, 2.51023],
			"to": [16.08106, 3.83106, 3.51023],
			"rotation": {"angle": -22.5, "axis": "z", "origin": [12.02709, 2.80396, 4.00511]},
			"faces": {
				"north": {"uv": [1, 9, 9, 10], "rotation": 90, "texture": "#0"},
				"east": {"uv": [0, 9, 1, 10], "rotation": 90, "texture": "#0"},
				"south": {"uv": [3, 10, 11, 11], "rotation": 270, "texture": "#0"},
				"west": {"uv": [9, 9, 10, 10], "rotation": 90, "texture": "#0"},
				"up": {"uv": [9, 9, 1, 8], "rotation": 270, "texture": "#0"},
				"down": {"uv": [11, 8, 3, 9], "rotation": 270, "texture": "#0"}
			}
		},
		{
			"from": [9.08106, 2.33106, 3.51023],
			"to": [17.08106, 3.33106, 4.51023],
			"rotation": {"angle": -22.5, "axis": "z", "origin": [12.02709, 2.80396, 4.00511]},
			"faces": {
				"north": {"uv": [1, 9, 9, 10], "rotation": 90, "texture": "#0"},
				"east": {"uv": [0, 9, 1, 10], "rotation": 90, "texture": "#0"},
				"south": {"uv": [5, 4, 13, 5], "rotation": 270, "texture": "#0"},
				"west": {"uv": [9, 9, 10, 10], "rotation": 90, "texture": "#0"},
				"up": {"uv": [9, 9, 1, 8], "rotation": 270, "texture": "#0"},
				"down": {"uv": [11, 6, 3, 7], "rotation": 270, "texture": "#0"}
			}
		},
		{
			"from": [8.58106, 3.33106, 3.51023],
			"to": [16.58106, 4.33106, 4.51023],
			"rotation": {"angle": -22.5, "axis": "z", "origin": [12.02709, 2.80396, 4.00511]},
			"faces": {
				"north": {"uv": [1, 9, 9, 10], "rotation": 90, "texture": "#0"},
				"east": {"uv": [0, 9, 1, 10], "rotation": 90, "texture": "#0"},
				"south": {"uv": [2, 9, 10, 10], "rotation": 270, "texture": "#0"},
				"west": {"uv": [9, 9, 10, 10], "rotation": 90, "texture": "#0"},
				"up": {"uv": [9, 9, 1, 8], "rotation": 270, "texture": "#0"},
				"down": {"uv": [11, 8, 3, 9], "rotation": 270, "texture": "#0"}
			}
		},
		{
			"from": [8.58106, 1.33106, 3.51023],
			"to": [16.58106, 2.33106, 4.51023],
			"rotation": {"angle": -22.5, "axis": "z", "origin": [12.02709, 2.80396, 4.00511]},
			"faces": {
				"north": {"uv": [1, 9, 9, 10], "rotation": 90, "texture": "#0"},
				"east": {"uv": [0, 9, 1, 10], "rotation": 90, "texture": "#0"},
				"south": {"uv": [6, 8, 14, 9], "rotation": 270, "texture": "#0"},
				"west": {"uv": [9, 9, 10, 10], "rotation": 90, "texture": "#0"},
				"up": {"uv": [9, 9, 1, 8], "rotation": 270, "texture": "#0"},
				"down": {"uv": [11, 11, 3, 12], "rotation": 270, "texture": "#0"}
			}
		},
		{
			"from": [14.08106, 1.23106, 3.41023],
			"to": [15.08106, 2.43106, 4.61023],
			"rotation": {"angle": -22.5, "axis": "z", "origin": [12.02709, 2.80396, 4.00511]},
			"faces": {
				"north": {"uv": [1, 2, 2, 3], "rotation": 90, "texture": "#1"},
				"east": {"uv": [0, 2, 1, 3], "rotation": 90, "texture": "#1"},
				"south": {"uv": [3, 2, 4, 3], "rotation": 270, "texture": "#1"},
				"west": {"uv": [2, 2, 3, 3], "rotation": 90, "texture": "#1"},
				"up": {"uv": [2, 2, 1, 1], "rotation": 270, "texture": "#1"},
				"down": {"uv": [3, 1, 2, 2], "rotation": 270, "texture": "#1"}
			}
		},
		{
			"from": [14.08106, 3.23106, 3.41023],
			"to": [15.08106, 4.43106, 4.61023],
			"rotation": {"angle": -22.5, "axis": "z", "origin": [12.02709, 2.80396, 4.00511]},
			"faces": {
				"north": {"uv": [1, 2, 2, 3], "rotation": 90, "texture": "#1"},
				"east": {"uv": [0, 2, 1, 3], "rotation": 90, "texture": "#1"},
				"south": {"uv": [3, 2, 4, 3], "rotation": 270, "texture": "#1"},
				"west": {"uv": [2, 2, 3, 3], "rotation": 90, "texture": "#1"},
				"up": {"uv": [2, 2, 1, 1], "rotation": 270, "texture": "#1"},
				"down": {"uv": [3, 1, 2, 2], "rotation": 270, "texture": "#1"}
			}
		},
		{
			"from": [14.08106, 1.73106, 2.41023],
			"to": [15.08106, 2.93106, 3.61023],
			"rotation": {"angle": -22.5, "axis": "z", "origin": [12.02709, 2.80396, 4.00511]},
			"faces": {
				"north": {"uv": [1, 2, 2, 3], "rotation": 90, "texture": "#1"},
				"east": {"uv": [0, 2, 1, 3], "rotation": 90, "texture": "#1"},
				"south": {"uv": [3, 2, 4, 3], "rotation": 270, "texture": "#1"},
				"west": {"uv": [2, 2, 3, 3], "rotation": 90, "texture": "#1"},
				"up": {"uv": [2, 2, 1, 1], "rotation": 270, "texture": "#1"},
				"down": {"uv": [3, 1, 2, 2], "rotation": 270, "texture": "#1"}
			}
		},
		{
			"from": [14.08106, 2.73106, 2.41023],
			"to": [15.08106, 3.93106, 3.61023],
			"rotation": {"angle": -22.5, "axis": "z", "origin": [12.02709, 2.80396, 4.00511]},
			"faces": {
				"north": {"uv": [1, 2, 2, 3], "rotation": 90, "texture": "#1"},
				"east": {"uv": [0, 2, 1, 3], "rotation": 90, "texture": "#1"},
				"south": {"uv": [3, 2, 4, 3], "rotation": 270, "texture": "#1"},
				"west": {"uv": [2, 2, 3, 3], "rotation": 90, "texture": "#1"},
				"up": {"uv": [2, 2, 1, 1], "rotation": 270, "texture": "#1"},
				"down": {"uv": [3, 1, 2, 2], "rotation": 270, "texture": "#1"}
			}
		},
		{
			"from": [14.08106, 1.73106, 4.41023],
			"to": [15.08106, 2.93106, 5.61023],
			"rotation": {"angle": -22.5, "axis": "z", "origin": [12.02709, 2.80396, 4.00511]},
			"faces": {
				"north": {"uv": [1, 2, 2, 3], "rotation": 90, "texture": "#1"},
				"east": {"uv": [0, 2, 1, 3], "rotation": 90, "texture": "#1"},
				"south": {"uv": [3, 2, 4, 3], "rotation": 270, "texture": "#1"},
				"west": {"uv": [2, 2, 3, 3], "rotation": 90, "texture": "#1"},
				"up": {"uv": [2, 2, 1, 1], "rotation": 270, "texture": "#1"},
				"down": {"uv": [3, 1, 2, 2], "rotation": 270, "texture": "#1"}
			}
		},
		{
			"from": [14.08106, 2.73106, 4.41023],
			"to": [15.08106, 3.93106, 5.61023],
			"rotation": {"angle": -22.5, "axis": "z", "origin": [12.02709, 2.80396, 4.00511]},
			"faces": {
				"north": {"uv": [1, 2, 2, 3], "rotation": 90, "texture": "#1"},
				"east": {"uv": [0, 2, 1, 3], "rotation": 90, "texture": "#1"},
				"south": {"uv": [3, 2, 4, 3], "rotation": 270, "texture": "#1"},
				"west": {"uv": [2, 2, 3, 3], "rotation": 90, "texture": "#1"},
				"up": {"uv": [2, 2, 1, 1], "rotation": 270, "texture": "#1"},
				"down": {"uv": [3, 1, 2, 2], "rotation": 270, "texture": "#1"}
			}
		},
		{
			"from": [10.58106, 1.23106, 3.41023],
			"to": [11.58106, 2.43106, 4.61023],
			"rotation": {"angle": -22.5, "axis": "z", "origin": [12.02709, 2.80396, 4.00511]},
			"faces": {
				"north": {"uv": [1, 2, 2, 3], "rotation": 90, "texture": "#1"},
				"east": {"uv": [0, 2, 1, 3], "rotation": 90, "texture": "#1"},
				"south": {"uv": [3, 2, 4, 3], "rotation": 270, "texture": "#1"},
				"west": {"uv": [2, 2, 3, 3], "rotation": 90, "texture": "#1"},
				"up": {"uv": [2, 2, 1, 1], "rotation": 270, "texture": "#1"},
				"down": {"uv": [3, 1, 2, 2], "rotation": 270, "texture": "#1"}
			}
		},
		{
			"from": [10.58106, 3.23106, 3.41023],
			"to": [11.58106, 4.43106, 4.61023],
			"rotation": {"angle": -22.5, "axis": "z", "origin": [12.02709, 2.80396, 4.00511]},
			"faces": {
				"north": {"uv": [1, 2, 2, 3], "rotation": 90, "texture": "#1"},
				"east": {"uv": [0, 2, 1, 3], "rotation": 90, "texture": "#1"},
				"south": {"uv": [3, 2, 4, 3], "rotation": 270, "texture": "#1"},
				"west": {"uv": [2, 2, 3, 3], "rotation": 90, "texture": "#1"},
				"up": {"uv": [2, 2, 1, 1], "rotation": 270, "texture": "#1"},
				"down": {"uv": [3, 1, 2, 2], "rotation": 270, "texture": "#1"}
			}
		},
		{
			"from": [10.58106, 1.73106, 2.41023],
			"to": [11.58106, 2.93106, 3.61023],
			"rotation": {"angle": -22.5, "axis": "z", "origin": [12.02709, 2.80396, 4.00511]},
			"faces": {
				"north": {"uv": [1, 2, 2, 3], "rotation": 90, "texture": "#1"},
				"east": {"uv": [0, 2, 1, 3], "rotation": 90, "texture": "#1"},
				"south": {"uv": [3, 2, 4, 3], "rotation": 270, "texture": "#1"},
				"west": {"uv": [2, 2, 3, 3], "rotation": 90, "texture": "#1"},
				"up": {"uv": [2, 2, 1, 1], "rotation": 270, "texture": "#1"},
				"down": {"uv": [3, 1, 2, 2], "rotation": 270, "texture": "#1"}
			}
		},
		{
			"from": [10.58106, 2.73106, 2.41023],
			"to": [11.58106, 3.93106, 3.61023],
			"rotation": {"angle": -22.5, "axis": "z", "origin": [12.02709, 2.80396, 4.00511]},
			"faces": {
				"north": {"uv": [1, 2, 2, 3], "rotation": 90, "texture": "#1"},
				"east": {"uv": [0, 2, 1, 3], "rotation": 90, "texture": "#1"},
				"south": {"uv": [3, 2, 4, 3], "rotation": 270, "texture": "#1"},
				"west": {"uv": [2, 2, 3, 3], "rotation": 90, "texture": "#1"},
				"up": {"uv": [2, 2, 1, 1], "rotation": 270, "texture": "#1"},
				"down": {"uv": [3, 1, 2, 2], "rotation": 270, "texture": "#1"}
			}
		},
		{
			"from": [10.58106, 1.73106, 4.41023],
			"to": [11.58106, 2.93106, 5.61023],
			"rotation": {"angle": -22.5, "axis": "z", "origin": [12.02709, 2.80396, 4.00511]},
			"faces": {
				"north": {"uv": [1, 2, 2, 3], "rotation": 90, "texture": "#1"},
				"east": {"uv": [0, 2, 1, 3], "rotation": 90, "texture": "#1"},
				"south": {"uv": [3, 2, 4, 3], "rotation": 270, "texture": "#1"},
				"west": {"uv": [2, 2, 3, 3], "rotation": 90, "texture": "#1"},
				"up": {"uv": [2, 2, 1, 1], "rotation": 270, "texture": "#1"},
				"down": {"uv": [3, 1, 2, 2], "rotation": 270, "texture": "#1"}
			}
		},
		{
			"from": [10.58106, 2.73106, 4.41023],
			"to": [11.58106, 3.93106, 5.61023],
			"rotation": {"angle": -22.5, "axis": "z", "origin": [12.02709, 2.80396, 4.00511]},
			"faces": {
				"north": {"uv": [1, 2, 2, 3], "rotation": 90, "texture": "#1"},
				"east": {"uv": [0, 2, 1, 3], "rotation": 90, "texture": "#1"},
				"south": {"uv": [3, 2, 4, 3], "rotation": 270, "texture": "#1"},
				"west": {"uv": [2, 2, 3, 3], "rotation": 90, "texture": "#1"},
				"up": {"uv": [2, 2, 1, 1], "rotation": 270, "texture": "#1"},
				"down": {"uv": [3, 1, 2, 2], "rotation": 270, "texture": "#1"}
			}
		},
		{
			"from": [7.48106, 2.69356, 3.87273],
			"to": [9.08106, 2.89356, 4.07273],
			"rotation": {"angle": -22.5, "axis": "z", "origin": [12.02709, 2.80396, 4.00511]},
			"faces": {
				"north": {"uv": [0, 8, 1, 8], "rotation": 90, "texture": "#2"},
				"east": {"uv": [0, 8, 0, 8], "rotation": 90, "texture": "#2"},
				"south": {"uv": [1, 8, 2, 8], "rotation": 270, "texture": "#2"},
				"west": {"uv": [1, 8, 1, 8], "rotation": 90, "texture": "#2"},
				"up": {"uv": [1, 8, 0, 8], "rotation": 270, "texture": "#2"},
				"down": {"uv": [2, 8, 1, 8], "rotation": 270, "texture": "#2"}
			}
		},
		{
			"from": [7.2867, 4.43914, 3.87273],
			"to": [7.8867, 4.63914, 4.07273],
			"rotation": {"angle": 0, "axis": "z", "origin": [12.02709, 2.80396, 4.00511]},
			"faces": {
				"north": {"uv": [0, 7, 0, 7], "rotation": 90, "texture": "#2"},
				"east": {"uv": [0, 7, 0, 7], "rotation": 90, "texture": "#2"},
				"south": {"uv": [0, 7, 0, 7], "rotation": 270, "texture": "#2"},
				"west": {"uv": [0, 7, 0, 7], "rotation": 90, "texture": "#2"},
				"up": {"uv": [0, 7, 0, 7], "rotation": 270, "texture": "#2"},
				"down": {"uv": [0, 7, 0, 7], "rotation": 270, "texture": "#2"}
			}
		}
	],
	"display": {
		"fixed": {
			"rotation": [90, 0, 0],
			"translation": [0, 0, 48],
			"scale": [2, 2, 2]
		}
	},
	"groups": [
		{
			"name": "group",
			"origin": [1.0375, 8.95, 1.5375],
			"color": 0,
			"children": [0, 1, 2, 3, 4, 5, 6, 7, 8, 9, 10, 11, 12, 13, 14, 15, 16, 17, 18, 19, 20, 21]
		},
		{
			"name": "group",
			"origin": [1.0375, 8.95, 1.5375],
			"color": 0,
			"children": [22, 23, 24, 25, 26, 27, 28, 29, 30, 31, 32, 33, 34, 35, 36, 37, 38, 39, 40, 41]
		},
		{
			"name": "group",
			"origin": [1.0375, 8.95, 1.5375],
			"color": 0,
			"children": [42, 43, 44, 45, 46, 47, 48, 49, 50, 51, 52, 53, 54, 55, 56, 57, 58, 59, 60, 61, 62, 63]
		}
	]
}