{
	"credit": "Made with Blockbench",
	"textures": {
		"0": "custom/graffiti1",
		"particle": "custom/graffiti1"
	},
	"elements": [
		{
			"from": [-7, 0, 0],
			"to": [25, 16, 0],
			"faces": {
				"north": {"uv": [1.62963, 0, 16, 16], "texture": "#0"},
				"east": {"uv": [0, 0, 0, 16], "texture": "#0"},
				"south": {"uv": [1.62963, 0, 16, 16], "texture": "#0"},
				"west": {"uv": [0, 0, 0, 16], "texture": "#0"},
				"up": {"uv": [0, 0, 16, 0], "texture": "#0"},
				"down": {"uv": [0, 0, 16, 0], "texture": "#0"}
			}
		}
	],
	"display": {
		"fixed": {
			"translation": [0, 0, 15.8],
			"scale": [3, 2.5, 2]
		}
	}
}