{
	"credit": "Made with Blockbench",
	"textures": {
		"0": "custom/graffiti5",
		"particle": "custom/graffiti5"
	},
	"elements": [
		{
			"from": [-8, 0, 0],
			"to": [24, 14, 0],
			"faces": {
				"north": {"uv": [0, 0, 16, 16], "texture": "#0"},
				"east": {"uv": [0, 0, 0, 16], "texture": "#0"},
				"south": {"uv": [1.62963, 0, 16, 16], "texture": "#0"},
				"west": {"uv": [0, 0, 0, 16], "texture": "#0"},
				"up": {"uv": [0, 0, 16, 0], "texture": "#0"},
				"down": {"uv": [0, 0, 16, 0], "texture": "#0"}
			}
		}
	],
	"display": {
		"fixed": {
			"translation": [0, 4.25, 15.7],
			"scale": [4, 4, 2]
		}
	}
}