{
	"credit": "Made with Blockbench",
	"textures": {
		"0": "block/lantern",
		"1": "block/stone_bricks",
		"particle": "block/lantern"
	},
	"elements": [
		{
			"from": [5, 0, 5],
			"to": [11, 7, 11],
			"faces": {
				"north": {"uv": [0, 2, 6, 9], "texture": "#0"},
				"east": {"uv": [0, 2, 6, 9], "texture": "#0"},
				"south": {"uv": [0, 2, 6, 9], "texture": "#0"},
				"west": {"uv": [0, 2, 6, 9], "texture": "#0"},
				"up": {"uv": [0, 9, 6, 15], "texture": "#0"},
				"down": {"uv": [0, 9, 6, 15], "texture": "#0"}
			}
		},
		{
			"from": [6, 7, 6],
			"to": [10, 9, 10],
			"faces": {
				"north": {"uv": [1, 0, 5, 2], "texture": "#0"},
				"east": {"uv": [1, 0, 5, 2], "texture": "#0"},
				"south": {"uv": [1, 0, 5, 2], "texture": "#0"},
				"west": {"uv": [1, 0, 5, 2], "texture": "#0"},
				"up": {"uv": [1, 10, 5, 14], "texture": "#0"},
				"down": {"uv": [1, 10, 5, 14], "texture": "#0"}
			}
		},
		{
			"from": [6.5, 10, 7.5],
			"to": [9.5, 11, 8.5],
			"rotation": {"angle": 0, "axis": "y", "origin": [0.5, 0, 0.5]},
			"faces": {
				"north": {"uv": [11, 10, 14, 11], "texture": "#0"},
				"east": {"uv": [13, 10, 14, 11], "texture": "#0"},
				"south": {"uv": [11, 10, 14, 11], "texture": "#0"},
				"west": {"uv": [11, 10, 12, 11], "texture": "#0"},
				"up": {"uv": [11, 10, 14, 11], "texture": "#0"},
				"down": {"uv": [11, 10, 14, 11], "texture": "#0"}
			}
		},
		{
			"from": [6.5, 9, 7.5],
			"to": [7.5, 10, 8.5],
			"rotation": {"angle": 0, "axis": "y", "origin": [0.5, 0, 0.5]},
			"faces": {
				"north": {"uv": [11, 11, 12, 12], "texture": "#0"},
				"east": {"uv": [11, 11, 12, 12], "texture": "#0"},
				"south": {"uv": [11, 11, 12, 12], "texture": "#0"},
				"west": {"uv": [11, 11, 12, 12], "texture": "#0"},
				"up": {"uv": [11, 11, 12, 12], "texture": "#0"},
				"down": {"uv": [11, 11, 12, 12], "texture": "#0"}
			}
		},
		{
			"from": [8.5, 9, 7.5],
			"to": [9.5, 10, 8.5],
			"rotation": {"angle": 0, "axis": "y", "origin": [0.5, 0, 0.5]},
			"faces": {
				"north": {"uv": [11, 11, 12, 12], "texture": "#0"},
				"east": {"uv": [11, 11, 12, 12], "texture": "#0"},
				"south": {"uv": [11, 11, 12, 12], "texture": "#0"},
				"west": {"uv": [11, 11, 12, 12], "texture": "#0"},
				"up": {"uv": [11, 11, 12, 12], "texture": "#0"},
				"down": {"uv": [11, 11, 12, 12], "texture": "#0"}
			}
		},
		{
			"from": [7.5, 10, 6.5],
			"to": [8.5, 14, 7.5],
			"rotation": {"angle": 0, "axis": "y", "origin": [0.5, 0, 0.5]},
			"faces": {
				"north": {"uv": [13, 1, 14, 5], "texture": "#0"},
				"east": {"uv": [13, 1, 14, 5], "texture": "#0"},
				"south": {"uv": [13, 1, 14, 5], "texture": "#0"},
				"west": {"uv": [13, 1, 14, 5], "texture": "#0"},
				"up": {"uv": [13, 4, 14, 5], "texture": "#0"},
				"down": {"uv": [13, 4, 14, 5], "texture": "#0"}
			}
		},
		{
			"from": [7.5, 10, 8.5],
			"to": [8.5, 14, 9.5],
			"rotation": {"angle": 0, "axis": "y", "origin": [0.5, 0, 0.5]},
			"faces": {
				"north": {"uv": [11, 1, 12, 5], "texture": "#0"},
				"east": {"uv": [11, 1, 12, 5], "texture": "#0"},
				"south": {"uv": [11, 1, 12, 5], "texture": "#0"},
				"west": {"uv": [11, 1, 12, 5], "texture": "#0"},
				"up": {"uv": [11, 4, 12, 5], "texture": "#0"},
				"down": {"uv": [11, 4, 12, 5], "texture": "#0"}
			}
		},
		{
			"from": [6.5, 13, 7.5],
			"to": [9.5, 14, 8.5],
			"rotation": {"angle": 45, "axis": "x", "origin": [8, 13.5, 8]},
			"faces": {
				"north": {"uv": [11, 1, 14, 2], "texture": "#0"},
				"east": {"uv": [11, 1, 12, 2], "texture": "#0"},
				"south": {"uv": [11, 1, 14, 2], "texture": "#0"},
				"west": {"uv": [13, 1, 14, 2], "texture": "#0"},
				"up": {"uv": [11, 1, 14, 2], "texture": "#0"},
				"down": {"uv": [11, 1, 14, 2], "texture": "#0"}
			}
		},
		{
			"from": [6.5, 14, 7.5],
			"to": [7.5, 18, 8.5],
			"rotation": {"angle": 45, "axis": "x", "origin": [8, 13.5, 8]},
			"faces": {
				"north": {"uv": [13, 1, 14, 5], "texture": "#0"},
				"east": {"uv": [13, 1, 14, 5], "texture": "#0"},
				"south": {"uv": [13, 1, 14, 5], "texture": "#0"},
				"west": {"uv": [13, 1, 14, 5], "texture": "#0"},
				"up": {"uv": [13, 1, 14, 2], "texture": "#0"},
				"down": {"uv": [13, 1, 14, 2], "texture": "#0"}
			}
		},
		{
			"from": [8.5, 14, 7.5],
			"to": [9.5, 18, 8.5],
			"rotation": {"angle": 45, "axis": "x", "origin": [8, 13.5, 8]},
			"faces": {
				"north": {"uv": [11, 1, 12, 5], "texture": "#0"},
				"east": {"uv": [11, 1, 12, 5], "texture": "#0"},
				"south": {"uv": [11, 1, 12, 5], "texture": "#0"},
				"west": {"uv": [11, 1, 12, 5], "texture": "#0"},
				"up": {"uv": [13, 1, 14, 2], "texture": "#0"},
				"down": {"uv": [13, 1, 14, 2], "texture": "#0"}
			}
		},
		{
			"from": [4, 1, 15],
			"to": [12, 17, 23],
			"rotation": {"angle": -22.5, "axis": "x", "origin": [8, 6, 16]},
			"faces": {
				"north": {"uv": [0, 0, 8, 16], "texture": "#1"},
				"east": {"uv": [0, 0, 8, 16], "texture": "#1"},
				"south": {"uv": [0, 0, 8, 16], "texture": "#1"},
				"west": {"uv": [0, 0, 8, 16], "texture": "#1"},
				"up": {"uv": [0, 0, 8, 8], "texture": "#1"},
				"down": {"uv": [0, 0, 8, 8], "texture": "#1"}
			}
		},
		{
			"from": [4, 17, 15],
			"to": [12, 25, 23],
			"rotation": {"angle": -22.5, "axis": "x", "origin": [8, 6, 16]},
			"faces": {
				"north": {"uv": [0, 0, 8, 8], "texture": "#1"},
				"east": {"uv": [0, 0, 8, 8], "texture": "#1"},
				"south": {"uv": [0, 0, 8, 8], "texture": "#1"},
				"west": {"uv": [0, 0, 8, 8], "texture": "#1"},
				"up": {"uv": [0, 0, 8, 8], "texture": "#1"},
				"down": {"uv": [0, 0, 8, 8], "texture": "#1"}
			}
		}
	],
	"display": {
		"thirdperson_righthand": {
			"translation": [0, 1.75, -3],
			"scale": [0.4, 0.4, 0.4]
		},
		"fixed": {
			"translation": [0, -12.75, -10.25],
			"scale": [2, 2, 2]
		}
	},
	"groups": [
		0,
		1,
		{
			"name": "chain",
			"origin": [7.5, 13.5, 7.5],
			"color": 0,
			"nbt": "{}",
			"armAnimationEnabled": false,
			"children": [2, 3, 4, 5, 6, 7, 8, 9]
		},
		10,
		11
	]
}