{
	"credit": "Made with Blockbench",
	"textures": {
		"0": "custom/logo",
		"particle": "custom/logo"
	},
	"elements": [
		{
			"from": [-4, 0, 0],
			"to": [20, 0, 13.5],
			"faces": {
				"north": {"uv": [0, 0, 16, 16], "rotation": 180, "texture": "#0"},
				"east": {"uv": [0, 0, 13.5, 16], "rotation": 180, "texture": "#0"},
				"south": {"uv": [0, 0, 16, 16], "rotation": 180, "texture": "#0"},
				"west": {"uv": [0, 0, 13.5, 16], "rotation": 180, "texture": "#0"},
				"up": {"uv": [0, 0, 16, 16], "rotation": 180, "texture": "#0"},
				"down": {"uv": [0, 0, 16, 16], "texture": "#0"}
			}
		}
	],
	"display": {
		"firstperson_righthand": {
			"rotation": [-90, 0, 0],
			"translation": [8, 0, -16]
		},
		"head": {
			"rotation": [-90, 0, 0],
			"translation": [0, 0, -24],
			"scale": [3, 3, 3]
		}
	}
}