{
	"credit": "Made with Blockbench",
	"textures": {
		"0": "block/iron_block",
		"1": "block/white_stained_glass",
		"2": "block/acacia_planks",
		"3": "block/red_concrete",
		"4": "block/white_concrete",
		"5": "block/acacia_log",
		"7": "block/lapis_block",
		"particle": "block/iron_block"
	},
	"elements": [
		{
			"from": [0, 0, 2],
			"to": [16, 0.5, 14],
			"faces": {
				"north": {"uv": [0, 0, 16, 0.5], "texture": "#0"},
				"east": {"uv": [0, 0, 12, 0.5], "texture": "#0"},
				"south": {"uv": [0, 0, 16, 0.5], "texture": "#0"},
				"west": {"uv": [0, 0, 12, 0.5], "texture": "#0"},
				"up": {"uv": [0, 0, 16, 12], "texture": "#0"},
				"down": {"uv": [0, 0, 16, 12], "texture": "#0"}
			}
		},
		{
			"from": [0, 0.5, 2],
			"to": [0.5, 1.3, 14],
			"faces": {
				"north": {"uv": [0, 0, 0.5, 0.8], "texture": "#0"},
				"east": {"uv": [0, 0, 12, 0.8], "texture": "#0"},
				"south": {"uv": [0, 0, 0.5, 0.8], "texture": "#0"},
				"west": {"uv": [0, 0, 12, 0.8], "texture": "#0"},
				"up": {"uv": [0, 0, 0.5, 12], "texture": "#0"},
				"down": {"uv": [0, 0, 0.5, 12], "texture": "#0"}
			}
		},
		{
			"from": [15.5, 0.5, 2],
			"to": [16, 1.3, 14],
			"faces": {
				"north": {"uv": [0, 0, 0.5, 0.8], "texture": "#0"},
				"east": {"uv": [0, 0, 12, 0.8], "texture": "#0"},
				"south": {"uv": [0, 0, 0.5, 0.8], "texture": "#0"},
				"west": {"uv": [0, 0, 12, 0.8], "texture": "#0"},
				"up": {"uv": [0, 0, 0.5, 12], "texture": "#0"},
				"down": {"uv": [0, 0, 0.5, 12], "texture": "#0"}
			}
		},
		{
			"from": [2, 0.5, 4],
			"to": [4, 3.5, 6],
			"faces": {
				"north": {"uv": [12, 11, 14, 14], "texture": "#1"},
				"east": {"uv": [3, 2, 5, 5], "texture": "#1"},
				"south": {"uv": [4, 0, 6, 3], "texture": "#1"},
				"west": {"uv": [1, 4, 3, 7], "texture": "#1"},
				"up": {"uv": [12, 11, 14, 13], "texture": "#1"},
				"down": {"uv": [14, 0, 16, 2], "texture": "#1"}
			}
		},
		{
			"from": [2, 3.5, 4],
			"to": [4, 4.5, 6],
			"faces": {
				"north": {"uv": [0, 0, 2, 1], "texture": "#2"},
				"east": {"uv": [0, 0, 2, 1], "texture": "#2"},
				"south": {"uv": [0, 0, 2, 1], "texture": "#2"},
				"west": {"uv": [0, 0, 2, 1], "texture": "#2"},
				"up": {"uv": [0, 0, 2, 2], "texture": "#2"},
				"down": {"uv": [0, 0, 2, 2], "texture": "#2"}
			}
		},
		{
			"from": [8.6, 0.5, 3],
			"to": [9.2, 0.9, 3.4],
			"rotation": {"angle": 0, "axis": "y", "origin": [8.6, 0.7, 3.2]},
			"faces": {
				"north": {"uv": [0, 0, 0.6, 0.4], "texture": "#4"},
				"east": {"uv": [0, 0, 0.4, 0.4], "texture": "#4"},
				"south": {"uv": [0, 0, 0.6, 0.4], "texture": "#4"},
				"west": {"uv": [0, 0, 0.4, 0.4], "texture": "#4"},
				"up": {"uv": [0, 0, 0.6, 0.4], "texture": "#4"},
				"down": {"uv": [0, 0, 0.6, 0.4], "texture": "#4"}
			}
		},
		{
			"from": [8, 0.5, 3],
			"to": [8.6, 0.9, 3.4],
			"rotation": {"angle": 0, "axis": "y", "origin": [8.6, 0.7, 3.2]},
			"faces": {
				"north": {"uv": [0, 0, 0.6, 0.4], "texture": "#3"},
				"east": {"uv": [0, 0, 0.4, 0.4], "texture": "#3"},
				"south": {"uv": [0, 0, 0.6, 0.4], "texture": "#3"},
				"west": {"uv": [0, 0, 0.4, 0.4], "texture": "#3"},
				"up": {"uv": [0, 0, 0.6, 0.4], "texture": "#3"},
				"down": {"uv": [0, 0, 0.6, 0.4], "texture": "#3"}
			}
		},
		{
			"from": [8.6, 0.5, 5],
			"to": [9.2, 0.9, 5.4],
			"rotation": {"angle": 45, "axis": "y", "origin": [8.6, 0.7, 3.2]},
			"faces": {
				"north": {"uv": [0, 0, 0.6, 0.4], "texture": "#4"},
				"east": {"uv": [0, 0, 0.4, 0.4], "texture": "#4"},
				"south": {"uv": [0, 0, 0.6, 0.4], "texture": "#4"},
				"west": {"uv": [0, 0, 0.4, 0.4], "texture": "#4"},
				"up": {"uv": [0, 0, 0.6, 0.4], "texture": "#4"},
				"down": {"uv": [0, 0, 0.6, 0.4], "texture": "#4"}
			}
		},
		{
			"from": [8, 0.5, 5],
			"to": [8.6, 0.9, 5.4],
			"rotation": {"angle": 45, "axis": "y", "origin": [8.6, 0.7, 3.2]},
			"faces": {
				"north": {"uv": [0, 0, 0.6, 0.4], "texture": "#3"},
				"east": {"uv": [0, 0, 0.4, 0.4], "texture": "#3"},
				"south": {"uv": [0, 0, 0.6, 0.4], "texture": "#3"},
				"west": {"uv": [0, 0, 0.4, 0.4], "texture": "#3"},
				"up": {"uv": [0, 0, 0.6, 0.4], "texture": "#3"},
				"down": {"uv": [0, 0, 0.6, 0.4], "texture": "#3"}
			}
		},
		{
			"from": [8.4, 0.5, 4.15343],
			"to": [8.8, 0.9, 4.75343],
			"rotation": {"angle": 22.5, "axis": "y", "origin": [8.6, 0.7, 6.02843]},
			"faces": {
				"north": {"uv": [0, 0, 0.4, 0.4], "texture": "#4"},
				"east": {"uv": [0, 0, 0.6, 0.4], "texture": "#4"},
				"south": {"uv": [0, 0, 0.4, 0.4], "texture": "#4"},
				"west": {"uv": [0, 0, 0.6, 0.4], "texture": "#4"},
				"up": {"uv": [0, 0, 0.6, 0.4], "rotation": 270, "texture": "#4"},
				"down": {"uv": [0, 0, 0.6, 0.4], "rotation": 90, "texture": "#4"}
			}
		},
		{
			"from": [8.4, 0.5, 4.75343],
			"to": [8.8, 0.9, 5.35343],
			"rotation": {"angle": 22.5, "axis": "y", "origin": [8.6, 0.7, 6.02843]},
			"faces": {
				"north": {"uv": [0, 0, 0.4, 0.4], "texture": "#3"},
				"east": {"uv": [0, 0, 0.6, 0.4], "texture": "#3"},
				"south": {"uv": [0, 0, 0.4, 0.4], "texture": "#3"},
				"west": {"uv": [0, 0, 0.6, 0.4], "texture": "#3"},
				"up": {"uv": [0, 0, 0.6, 0.4], "rotation": 270, "texture": "#3"},
				"down": {"uv": [0, 0, 0.6, 0.4], "rotation": 90, "texture": "#3"}
			}
		},
		{
			"from": [2.875, 0.85, 4.275],
			"to": [3.475, 1.25, 4.675],
			"rotation": {"angle": 0, "axis": "y", "origin": [8.6, 0.7, 3.2]},
			"faces": {
				"north": {"uv": [0, 0, 0.6, 0.4], "texture": "#4"},
				"east": {"uv": [0, 0, 0.4, 0.4], "texture": "#4"},
				"south": {"uv": [0, 0, 0.6, 0.4], "texture": "#4"},
				"west": {"uv": [0, 0, 0.4, 0.4], "texture": "#4"},
				"up": {"uv": [0, 0, 0.6, 0.4], "texture": "#4"},
				"down": {"uv": [0, 0, 0.6, 0.4], "texture": "#4"}
			}
		},
		{
			"from": [2.275, 0.85, 4.275],
			"to": [2.875, 1.25, 4.675],
			"rotation": {"angle": 0, "axis": "y", "origin": [8.6, 0.7, 3.2]},
			"faces": {
				"north": {"uv": [0, 0, 0.6, 0.4], "texture": "#3"},
				"east": {"uv": [0, 0, 0.4, 0.4], "texture": "#3"},
				"south": {"uv": [0, 0, 0.6, 0.4], "texture": "#3"},
				"west": {"uv": [0, 0, 0.4, 0.4], "texture": "#3"},
				"up": {"uv": [0, 0, 0.6, 0.4], "texture": "#3"},
				"down": {"uv": [0, 0, 0.6, 0.4], "texture": "#3"}
			}
		},
		{
			"from": [2.275, 0.85, 5.125],
			"to": [2.875, 1.25, 5.525],
			"rotation": {"angle": 22.5, "axis": "z", "origin": [2.875, 1.05, 4.475]},
			"faces": {
				"north": {"uv": [0, 0, 0.6, 0.4], "rotation": 180, "texture": "#4"},
				"east": {"uv": [0, 0, 0.4, 0.4], "rotation": 180, "texture": "#4"},
				"south": {"uv": [0, 0, 0.6, 0.4], "rotation": 180, "texture": "#4"},
				"west": {"uv": [0, 0, 0.4, 0.4], "rotation": 180, "texture": "#4"},
				"up": {"uv": [0, 0, 0.6, 0.4], "rotation": 180, "texture": "#4"},
				"down": {"uv": [0, 0, 0.6, 0.4], "rotation": 180, "texture": "#4"}
			}
		},
		{
			"from": [2.875, 0.85, 5.125],
			"to": [3.475, 1.25, 5.525],
			"rotation": {"angle": 22.5, "axis": "z", "origin": [2.875, 1.05, 4.475]},
			"faces": {
				"north": {"uv": [0, 0, 0.6, 0.4], "rotation": 180, "texture": "#3"},
				"east": {"uv": [0, 0, 0.4, 0.4], "rotation": 180, "texture": "#3"},
				"south": {"uv": [0, 0, 0.6, 0.4], "rotation": 180, "texture": "#3"},
				"west": {"uv": [0, 0, 0.4, 0.4], "rotation": 180, "texture": "#3"},
				"up": {"uv": [0, 0, 0.6, 0.4], "rotation": 180, "texture": "#3"},
				"down": {"uv": [0, 0, 0.6, 0.4], "rotation": 180, "texture": "#3"}
			}
		},
		{
			"from": [2.275, 1.625, 4.6],
			"to": [2.875, 2.025, 5],
			"rotation": {"angle": 45, "axis": "y", "origin": [2.875, 1.05, 4.475]},
			"faces": {
				"north": {"uv": [0, 0, 0.6, 0.4], "rotation": 180, "texture": "#4"},
				"east": {"uv": [0, 0, 0.4, 0.4], "rotation": 180, "texture": "#4"},
				"south": {"uv": [0, 0, 0.6, 0.4], "rotation": 180, "texture": "#4"},
				"west": {"uv": [0, 0, 0.4, 0.4], "rotation": 180, "texture": "#4"},
				"up": {"uv": [0, 0, 0.6, 0.4], "rotation": 180, "texture": "#4"},
				"down": {"uv": [0, 0, 0.6, 0.4], "rotation": 180, "texture": "#4"}
			}
		},
		{
			"from": [2.875, 1.625, 4.6],
			"to": [3.475, 2.025, 5],
			"rotation": {"angle": 45, "axis": "y", "origin": [2.875, 1.05, 4.475]},
			"faces": {
				"north": {"uv": [0, 0, 0.6, 0.4], "rotation": 180, "texture": "#3"},
				"east": {"uv": [0, 0, 0.4, 0.4], "rotation": 180, "texture": "#3"},
				"south": {"uv": [0, 0, 0.6, 0.4], "rotation": 180, "texture": "#3"},
				"west": {"uv": [0, 0, 0.4, 0.4], "rotation": 180, "texture": "#3"},
				"up": {"uv": [0, 0, 0.6, 0.4], "rotation": 180, "texture": "#3"},
				"down": {"uv": [0, 0, 0.6, 0.4], "rotation": 180, "texture": "#3"}
			}
		},
		{
			"from": [7.1, 0.5625, 8],
			"to": [9, 4.0625, 8.1],
			"rotation": {"angle": 22.5, "axis": "y", "origin": [12.565, 2.4375, 1.01]},
			"faces": {
				"north": {"uv": [0, 0, 1.9, 3.5], "texture": "#5"},
				"east": {"uv": [0, 0, 0.1, 3.5], "texture": "#5"},
				"south": {"uv": [0, 0, 1.9, 3.5], "texture": "#5"},
				"west": {"uv": [0, 0, 0.1, 3.5], "texture": "#5"},
				"up": {"uv": [0, 0, 1.9, 0.1], "texture": "#5"},
				"down": {"uv": [0, 0, 1.9, 0.1], "texture": "#5"}
			}
		},
		{
			"from": [9, 0.5625, 8],
			"to": [9.1, 4.0625, 9.9],
			"rotation": {"angle": 22.5, "axis": "y", "origin": [12.565, 2.4375, 1.01]},
			"faces": {
				"north": {"uv": [0, 0, 0.1, 3.5], "texture": "#5"},
				"east": {"uv": [0, 0, 1.9, 3.5], "texture": "#5"},
				"south": {"uv": [0, 0, 0.1, 3.5], "texture": "#5"},
				"west": {"uv": [0, 0, 1.9, 3.5], "texture": "#5"},
				"up": {"uv": [0, 0, 1.9, 0.1], "rotation": 90, "texture": "#5"},
				"down": {"uv": [0, 0, 1.9, 0.1], "rotation": 270, "texture": "#5"}
			}
		},
		{
			"from": [7.1, 0.5625, 8.1],
			"to": [7.2, 4.0625, 10],
			"rotation": {"angle": 22.5, "axis": "y", "origin": [12.565, 2.4375, 1.01]},
			"faces": {
				"north": {"uv": [0, 0, 0.1, 3.5], "texture": "#5"},
				"east": {"uv": [0, 0, 1.9, 3.5], "texture": "#5"},
				"south": {"uv": [0, 0, 0.1, 3.5], "texture": "#5"},
				"west": {"uv": [0, 0, 1.9, 3.5], "texture": "#5"},
				"up": {"uv": [0, 0, 1.9, 0.1], "rotation": 270, "texture": "#5"},
				"down": {"uv": [0, 0, 1.9, 0.1], "rotation": 90, "texture": "#5"}
			}
		},
		{
			"from": [6.35, 1.3625, 8.9],
			"to": [7.15, 1.6625, 9.2],
			"rotation": {"angle": 22.5, "axis": "y", "origin": [12.565, 2.4375, 1.01]},
			"faces": {
				"north": {"uv": [0, 0, 0.8, 0.3], "texture": "#5"},
				"east": {"uv": [0, 0, 0.3, 0.3], "texture": "#5"},
				"south": {"uv": [0, 0, 0.8, 0.3], "texture": "#5"},
				"west": {"uv": [0, 0, 0.3, 0.3], "texture": "#5"},
				"up": {"uv": [0, 0, 0.3, 0.8], "rotation": 270, "texture": "#5"},
				"down": {"uv": [0, 0, 0.3, 0.8], "rotation": 90, "texture": "#5"}
			}
		},
		{
			"from": [6.35, 3.2625, 8.9],
			"to": [7.15, 3.5625, 9.2],
			"rotation": {"angle": 22.5, "axis": "y", "origin": [12.565, 2.4375, 1.01]},
			"faces": {
				"north": {"uv": [0, 0, 0.8, 0.3], "texture": "#5"},
				"east": {"uv": [0, 0, 0.3, 0.3], "texture": "#5"},
				"south": {"uv": [0, 0, 0.8, 0.3], "texture": "#5"},
				"west": {"uv": [0, 0, 0.3, 0.3], "texture": "#5"},
				"up": {"uv": [0, 0, 0.3, 0.8], "rotation": 270, "texture": "#5"},
				"down": {"uv": [0, 0, 0.3, 0.8], "rotation": 90, "texture": "#5"}
			}
		},
		{
			"from": [6.35, 1.6625, 8.9],
			"to": [6.65, 3.2625, 9.2],
			"rotation": {"angle": 22.5, "axis": "y", "origin": [12.565, 2.4375, 1.01]},
			"faces": {
				"north": {"uv": [0, 0, 0.3, 1.6], "texture": "#5"},
				"east": {"uv": [0, 0, 0.3, 1.6], "texture": "#5"},
				"south": {"uv": [0, 0, 0.3, 1.6], "texture": "#5"},
				"west": {"uv": [0, 0, 0.3, 1.6], "texture": "#5"},
				"up": {"uv": [0, 0, 0.3, 0.3], "rotation": 270, "texture": "#5"},
				"down": {"uv": [0, 0, 0.3, 0.3], "rotation": 90, "texture": "#5"}
			}
		},
		{
			"from": [7.2, 0.5625, 9.9],
			"to": [9.1, 4.0625, 10],
			"rotation": {"angle": 22.5, "axis": "y", "origin": [12.565, 2.4375, 1.01]},
			"faces": {
				"north": {"uv": [0, 0, 1.9, 3.5], "texture": "#5"},
				"east": {"uv": [0, 0, 0.1, 3.5], "texture": "#5"},
				"south": {"uv": [0, 0, 1.9, 3.5], "texture": "#5"},
				"west": {"uv": [0, 0, 0.1, 3.5], "texture": "#5"},
				"up": {"uv": [0, 0, 1.9, 0.1], "rotation": 180, "texture": "#5"},
				"down": {"uv": [0, 0, 1.9, 0.1], "rotation": 180, "texture": "#5"}
			}
		},
		{
			"from": [7.1, 0.4875, 8],
			"to": [9.1, 0.5875, 10],
			"rotation": {"angle": 22.5, "axis": "y", "origin": [12.565, 2.4375, 1.01]},
			"faces": {
				"north": {"uv": [0, 0, 2, 0.1], "texture": "#5"},
				"east": {"uv": [0, 0, 2, 0.1], "texture": "#5"},
				"south": {"uv": [0, 0, 2, 0.1], "texture": "#5"},
				"west": {"uv": [0, 0, 2, 0.1], "texture": "#5"},
				"up": {"uv": [0, 0, 2, 2], "rotation": 180, "texture": "#5"},
				"down": {"uv": [0, 0, 2, 2], "rotation": 180, "texture": "#5"}
			}
		},
		{
			"from": [7.125, 3.4875, 8.025],
			"to": [9.025, 3.5875, 9.925],
			"rotation": {"angle": 22.5, "axis": "y", "origin": [12.565, 2.4375, 1.01]},
			"faces": {
				"north": {"uv": [0, 0, 1.9, 0.1], "texture": "#7"},
				"east": {"uv": [0, 0, 1.9, 0.1], "texture": "#7"},
				"south": {"uv": [0, 0, 1.9, 0.1], "texture": "#7"},
				"west": {"uv": [0, 0, 1.9, 0.1], "texture": "#7"},
				"up": {"uv": [0, 0, 1.9, 1.9], "rotation": 180, "texture": "#7"},
				"down": {"uv": [0, 0, 1.9, 1.9], "rotation": 180, "texture": "#7"}
			}
		}
	],
	"display": {
		"fixed": {
			"rotation": [-90, 0, 0],
			"translation": [0, 0, -19.5],
			"scale": [2.5, 2.5, 2.5]
		}
	},
	"groups": [
		{
			"name": "tray",
			"origin": [0, 0, 0],
			"color": 0,
			"nbt": "{}",
			"armAnimationEnabled": false,
			"children": [0, 1, 2]
		},
		{
			"name": "pills",
			"origin": [0, 0, 0],
			"color": 0,
			"nbt": "{}",
			"armAnimationEnabled": false,
			"children": [3, 4]
		},
		{
			"name": "group",
			"origin": [8.6, 1.2, 3.2],
			"color": 0,
			"nbt": "{}",
			"armAnimationEnabled": false,
			"children": [5, 6]
		},
		{
			"name": "group",
			"origin": [8.6, 1.2, 3.2],
			"color": 0,
			"nbt": "{}",
			"armAnimationEnabled": false,
			"children": [7, 8]
		},
		{
			"name": "group",
			"origin": [8.6, 1.2, 3.2],
			"color": 0,
			"nbt": "{}",
			"armAnimationEnabled": false,
			"children": [9, 10]
		},
		{
			"name": "group",
			"origin": [8.6, 1.2, 3.2],
			"color": 0,
			"nbt": "{}",
			"armAnimationEnabled": false,
			"children": [11, 12]
		},
		{
			"name": "group",
			"origin": [8.6, 1.2, 3.2],
			"color": 0,
			"nbt": "{}",
			"armAnimationEnabled": false,
			"children": [13, 14]
		},
		{
			"name": "group",
			"origin": [8.6, 1.2, 3.2],
			"color": 0,
			"nbt": "{}",
			"armAnimationEnabled": false,
			"children": [15, 16]
		},
		{
			"name": "mug",
			"origin": [13.45, 2.75, 0.5],
			"color": 0,
			"nbt": "{}",
			"armAnimationEnabled": false,
			"children": [17, 18, 19, 20, 21, 22, 23, 24, 25]
		}
	]
}