{
	"credit": "Made with Blockbench",
	"textures": {
		"0": "custom/mirror",
		"particle": "custom/mirror"
	},
	"elements": [
		{
			"from": [0.5, -1.5, 0.5],
			"to": [15.5, 31.5, 0.5],
			"faces": {
				"north": {"uv": [0, 0, 3.75, 8.25], "texture": "#0"},
				"east": {"uv": [0, 0, 0, 16], "texture": "#0"},
				"south": {"uv": [3.75, 0, 7.5, 8.25], "texture": "#0"},
				"west": {"uv": [0, 0, 0, 16], "texture": "#0"},
				"up": {"uv": [0, 0, 15, 0], "texture": "#0"},
				"down": {"uv": [0, 0, 15, 0], "texture": "#0"}
			}
		},
		{
			"from": [0, -2, 0],
			"to": [16, -1, 1],
			"faces": {
				"north": {"uv": [7.5, 1.5, 7.6, 5.5], "rotation": 90, "texture": "#0"},
				"east": {"uv": [7.5, 0, 7.6, 0.1], "texture": "#0"},
				"south": {"uv": [7.5, 1.5, 7.6, 5.5], "rotation": 90, "texture": "#0"},
				"west": {"uv": [7.5, 0, 7.6, 0.1], "texture": "#0"},
				"up": {"uv": [7.5, 1.5, 7.6, 5.5], "rotation": 90, "texture": "#0"},
				"down": {"uv": [7.5, 1.5, 7.6, 5.5], "rotation": 90, "texture": "#0"}
			}
		},
		{
			"from": [0, 31, 0],
			"to": [16, 32, 1],
			"faces": {
				"north": {"uv": [7.5, 1.5, 7.6, 5.5], "rotation": 90, "texture": "#0"},
				"east": {"uv": [7.5, 0, 7.6, 0.1], "texture": "#0"},
				"south": {"uv": [7.5, 1.5, 7.6, 5.5], "rotation": 90, "texture": "#0"},
				"west": {"uv": [7.5, 0, 7.6, 0.1], "texture": "#0"},
				"up": {"uv": [7.5, 1.5, 7.6, 5.5], "rotation": 90, "texture": "#0"},
				"down": {"uv": [7.5, 1.5, 7.6, 5.5], "rotation": 90, "texture": "#0"}
			}
		},
		{
			"from": [0, -1, 0],
			"to": [1, 31, 1],
			"faces": {
				"north": {"uv": [7.5, 0, 7.6, 8], "texture": "#0"},
				"east": {"uv": [7.5, 0, 7.6, 8], "texture": "#0"},
				"south": {"uv": [7.5, 0, 7.6, 8], "texture": "#0"},
				"west": {"uv": [7.5, 0, 7.6, 8], "texture": "#0"},
				"up": {"uv": [0, 0, 1, 1], "texture": "#0"},
				"down": {"uv": [0, 0, 1, 1], "texture": "#0"}
			}
		},
		{
			"from": [15, -1, 0],
			"to": [16, 31, 1],
			"faces": {
				"north": {"uv": [7.5, 0, 7.6, 8], "texture": "#0"},
				"east": {"uv": [7.5, 0, 7.6, 8], "texture": "#0"},
				"south": {"uv": [7.5, 0, 7.6, 8], "texture": "#0"},
				"west": {"uv": [7.5, 0, 7.6, 8], "texture": "#0"},
				"up": {"uv": [0, 0, 1, 1], "texture": "#0"},
				"down": {"uv": [0, 0, 1, 1], "texture": "#0"}
			}
		}
	],
	"display": {
		"fixed": {
			"rotation": [-76, 5, 0],
			"translation": [0, 17, -16],
			"scale": [2, 2, 2]
		}
	},
	"groups": [
		{
			"name": "group",
			"origin": [0, 0, 0],
			"color": 0,
			"nbt": "{}",
			"armAnimationEnabled": false,
			"children": [0, 1, 2, 3, 4]
		}
	]
}