{
	"credit": "Made with Blockbench",
	"textures": {
		"0": "block/mushroom_stem",
		"1": "block/crimson_fungus",
		"particle": "block/mushroom_stem"
	},
	"elements": [
		{
			"from": [4, 5, 4],
			"to": [6, 8, 6],
			"faces": {
				"north": {"uv": [0, 0, 2, 3], "texture": "#0"},
				"east": {"uv": [0, 0, 2, 3], "texture": "#0"},
				"south": {"uv": [0, 0, 2, 3], "texture": "#0"},
				"west": {"uv": [0, 0, 2, 3], "texture": "#0"},
				"up": {"uv": [0, 0, 2, 2], "texture": "#0"},
				"down": {"uv": [0, 0, 2, 2], "texture": "#0"}
			}
		},
		{
			"from": [6, 0, 6],
			"to": [8, 4, 8],
			"faces": {
				"north": {"uv": [0, 0, 2, 4], "texture": "#0"},
				"east": {"uv": [0, 0, 2, 4], "texture": "#0"},
				"south": {"uv": [0, 0, 2, 4], "texture": "#0"},
				"west": {"uv": [0, 0, 2, 4], "texture": "#0"},
				"up": {"uv": [0, 0, 2, 2], "texture": "#0"},
				"down": {"uv": [0, 0, 2, 2], "texture": "#0"}
			}
		},
		{
			"from": [7, 0, 8],
			"to": [9, 2, 10],
			"faces": {
				"north": {"uv": [0, 0, 2, 2], "texture": "#0"},
				"east": {"uv": [0, 0, 2, 2], "texture": "#0"},
				"south": {"uv": [0, 0, 2, 2], "texture": "#0"},
				"west": {"uv": [0, 0, 2, 2], "texture": "#0"},
				"up": {"uv": [0, 0, 2, 2], "texture": "#0"},
				"down": {"uv": [0, 0, 2, 2], "texture": "#0"}
			}
		},
		{
			"from": [7, 1, 9],
			"to": [9, 4, 11],
			"faces": {
				"north": {"uv": [0, 0, 2, 3], "texture": "#0"},
				"east": {"uv": [0, 0, 2, 3], "texture": "#0"},
				"south": {"uv": [0, 0, 2, 3], "texture": "#0"},
				"west": {"uv": [0, 0, 2, 3], "texture": "#0"},
				"up": {"uv": [0, 0, 2, 2], "texture": "#0"},
				"down": {"uv": [0, 0, 2, 2], "texture": "#0"}
			}
		},
		{
			"from": [8, 0, 7],
			"to": [10, 6, 9],
			"faces": {
				"north": {"uv": [0, 0, 2, 6], "texture": "#0"},
				"east": {"uv": [0, 0, 2, 6], "texture": "#0"},
				"south": {"uv": [0, 0, 2, 6], "texture": "#0"},
				"west": {"uv": [0, 0, 2, 6], "texture": "#0"},
				"up": {"uv": [0, 0, 2, 2], "texture": "#0"},
				"down": {"uv": [0, 0, 2, 2], "texture": "#0"}
			}
		},
		{
			"from": [9, 5, 6],
			"to": [11, 9, 8],
			"rotation": {"angle": 0, "axis": "y", "origin": [0, 0, -1]},
			"faces": {
				"north": {"uv": [0, 0, 2, 4], "texture": "#0"},
				"east": {"uv": [0, 0, 2, 4], "texture": "#0"},
				"south": {"uv": [0, 0, 2, 4], "texture": "#0"},
				"west": {"uv": [0, 0, 2, 4], "texture": "#0"},
				"up": {"uv": [0, 0, 2, 2], "texture": "#0"},
				"down": {"uv": [0, 0, 2, 2], "texture": "#0"}
			}
		},
		{
			"from": [10, 8, 5],
			"to": [12, 11, 7],
			"rotation": {"angle": 0, "axis": "y", "origin": [0, 0, -1]},
			"faces": {
				"north": {"uv": [0, 0, 2, 3], "texture": "#0"},
				"east": {"uv": [0, 0, 2, 3], "texture": "#0"},
				"south": {"uv": [0, 0, 2, 3], "texture": "#0"},
				"west": {"uv": [0, 0, 2, 3], "texture": "#0"},
				"up": {"uv": [0, 0, 2, 2], "texture": "#0"},
				"down": {"uv": [0, 0, 2, 2], "texture": "#0"}
			}
		},
		{
			"from": [5, 3, 5],
			"to": [7, 6, 7],
			"faces": {
				"north": {"uv": [0, 0, 2, 3], "texture": "#0"},
				"east": {"uv": [0, 0, 2, 3], "texture": "#0"},
				"south": {"uv": [0, 0, 2, 3], "texture": "#0"},
				"west": {"uv": [0, 0, 2, 3], "texture": "#0"},
				"up": {"uv": [0, 0, 2, 2], "texture": "#0"},
				"down": {"uv": [0, 0, 2, 2], "texture": "#0"}
			}
		},
		{
			"from": [6, 5.5, 9],
			"to": [10, 7.5, 13],
			"rotation": {"angle": 22.5, "axis": "x", "origin": [8, 5.5, 10]},
			"faces": {
				"north": {"uv": [6, 8, 10, 10], "rotation": 180, "texture": "#1"},
				"east": {"uv": [3, 8, 7, 10], "rotation": 180, "texture": "#1"},
				"south": {"uv": [5, 6, 9, 8], "rotation": 180, "texture": "#1"},
				"west": {"uv": [6, 9, 10, 11], "rotation": 180, "texture": "#1"},
				"up": {"uv": [5, 5, 9, 9], "rotation": 180, "texture": "#1"},
				"down": {"uv": [5, 5, 9, 9], "rotation": 180, "texture": "#1"}
			}
		},
		{
			"from": [3, 9.5, 3],
			"to": [7, 11.5, 7],
			"rotation": {"angle": 0, "axis": "y", "origin": [5, 10.5, 5]},
			"faces": {
				"north": {"uv": [3, 8, 7, 10], "texture": "#1"},
				"east": {"uv": [5, 6, 9, 8], "texture": "#1"},
				"south": {"uv": [6, 9, 10, 11], "texture": "#1"},
				"west": {"uv": [6, 8, 10, 10], "texture": "#1"},
				"up": {"uv": [5, 5, 9, 9], "rotation": 270, "texture": "#1"},
				"down": {"uv": [5, 5, 9, 9], "rotation": 90, "texture": "#1"}
			}
		},
		{
			"from": [9.75, 12.5, 4],
			"to": [13.75, 14.5, 8],
			"rotation": {"angle": -22.5, "axis": "z", "origin": [11, 12.5, 6]},
			"faces": {
				"north": {"uv": [10, 8, 6, 10], "texture": "#1"},
				"east": {"uv": [7, 8, 3, 10], "texture": "#1"},
				"south": {"uv": [9, 6, 5, 8], "texture": "#1"},
				"west": {"uv": [10, 9, 6, 11], "texture": "#1"},
				"up": {"uv": [9, 5, 5, 9], "texture": "#1"},
				"down": {"uv": [9, 5, 5, 9], "texture": "#1"}
			}
		},
		{
			"from": [8.75, 10.5, 3],
			"to": [14.75, 12.5, 9],
			"rotation": {"angle": -22.5, "axis": "z", "origin": [11, 12.5, 6]},
			"faces": {
				"north": {"uv": [6, 8, 12, 10], "texture": "#1"},
				"east": {"uv": [3, 8, 9, 10], "texture": "#1"},
				"south": {"uv": [5, 6, 11, 8], "texture": "#1"},
				"west": {"uv": [6, 9, 12, 11], "texture": "#1"},
				"up": {"uv": [5, 5, 11, 11], "texture": "#1"},
				"down": {"uv": [5, 5, 11, 11], "texture": "#1"}
			}
		},
		{
			"from": [5, 3.5, 8],
			"to": [11, 5.5, 14],
			"rotation": {"angle": 22.5, "axis": "x", "origin": [8, 5.5, 10]},
			"faces": {
				"north": {"uv": [6, 8, 12, 10], "texture": "#1"},
				"east": {"uv": [3, 8, 9, 10], "texture": "#1"},
				"south": {"uv": [5, 6, 11, 8], "texture": "#1"},
				"west": {"uv": [6, 9, 12, 11], "texture": "#1"},
				"up": {"uv": [5, 5, 11, 11], "texture": "#1"},
				"down": {"uv": [5, 5, 11, 11], "texture": "#1"}
			}
		},
		{
			"from": [2, 7.5, 2],
			"to": [8, 9.5, 8],
			"faces": {
				"north": {"uv": [6, 8, 12, 10], "texture": "#1"},
				"east": {"uv": [3, 8, 9, 10], "texture": "#1"},
				"south": {"uv": [5, 6, 11, 8], "texture": "#1"},
				"west": {"uv": [6, 9, 12, 11], "texture": "#1"},
				"up": {"uv": [5, 5, 11, 11], "texture": "#1"},
				"down": {"uv": [5, 5, 11, 11], "texture": "#1"}
			}
		}
	],
	"display": {
		"fixed": {
			"rotation": [-90, 0, 0],
			"translation": [0, 0.25, -16],
			"scale": [2, 2, 2]
		}
	},
	"groups": [
		{
			"name": "stem",
			"origin": [0, 0, 0],
			"color": 0,
			"children": [0, 1, 2, 3, 4, 5, 6, 7]
		},
		{
			"name": "mushroom",
			"origin": [0, 0, 0],
			"color": 0,
			"children": [8, 9, 10, 11, 12, 13]
		}
	]
}