{
	"credit": "Made with Blockbench",
	"textures": {
		"0": "block/iron_block",
		"1": "block/gray_concrete_powder",
		"particle": "block/iron_block"
	},
	"elements": [
		{
			"from": [7.5, 20.675, 24],
			"to": [8.5, 28.675, 25],
			"rotation": {"angle": 0, "axis": "y", "origin": [0, 0, 30]},
			"faces": {
				"north": {"uv": [0, 0, 1, 8], "texture": "#0"},
				"east": {"uv": [0, 0, 1, 8], "texture": "#0"},
				"south": {"uv": [0, 0, 1, 8], "texture": "#0"},
				"west": {"uv": [0, 0, 1, 8], "texture": "#0"},
				"up": {"uv": [0, 0, 1, 1], "texture": "#0"},
				"down": {"uv": [0, 0, 1, 1], "texture": "#0"}
			}
		},
		{
			"from": [-1, 0, -9],
			"to": [0, 2, -8],
			"rotation": {"angle": -22.5, "axis": "z", "origin": [-0.5, 1, -8.5]},
			"faces": {
				"north": {"uv": [0, 0, 1, 2], "texture": "#0"},
				"east": {"uv": [0, 0, 1, 2], "texture": "#0"},
				"south": {"uv": [0, 0, 1, 2], "texture": "#0"},
				"west": {"uv": [0, 0, 1, 2], "texture": "#0"},
				"up": {"uv": [0, 0, 1, 1], "texture": "#0"},
				"down": {"uv": [0, 0, 1, 1], "texture": "#0"}
			}
		},
		{
			"from": [-0.175, 1.05, -9],
			"to": [8.825, 2.05, -8],
			"rotation": {"angle": 22.5, "axis": "z", "origin": [-0.5, 1, -8.5]},
			"faces": {
				"north": {"uv": [0, 0, 1, 9], "rotation": 270, "texture": "#0"},
				"east": {"uv": [0, 0, 1, 1], "rotation": 90, "texture": "#0"},
				"south": {"uv": [0, 0, 1, 9], "rotation": 90, "texture": "#0"},
				"west": {"uv": [0, 0, 1, 1], "rotation": 90, "texture": "#0"},
				"up": {"uv": [0, 0, 1, 9], "rotation": 90, "texture": "#0"},
				"down": {"uv": [0, 0, 1, 9], "rotation": 90, "texture": "#0"}
			}
		},
		{
			"from": [7.175, 1.05, -9],
			"to": [16.175, 2.05, -8],
			"rotation": {"angle": -22.5, "axis": "z", "origin": [16.5, 1, -8.5]},
			"faces": {
				"north": {"uv": [0, 7, 1, 16], "rotation": 270, "texture": "#0"},
				"east": {"uv": [0, 1, 1, 2], "rotation": 90, "texture": "#0"},
				"south": {"uv": [0, 7, 1, 16], "rotation": 90, "texture": "#0"},
				"west": {"uv": [0, 1, 1, 2], "rotation": 90, "texture": "#0"},
				"up": {"uv": [0, 7, 1, 16], "rotation": 90, "texture": "#0"},
				"down": {"uv": [0, 7, 1, 16], "rotation": 90, "texture": "#0"}
			}
		},
		{
			"from": [16, 0, -9],
			"to": [17, 2, -8],
			"rotation": {"angle": 22.5, "axis": "z", "origin": [16.5, 1, -8.5]},
			"faces": {
				"north": {"uv": [1, 0, 2, 2], "texture": "#0"},
				"east": {"uv": [1, 0, 2, 2], "texture": "#0"},
				"south": {"uv": [1, 0, 2, 2], "texture": "#0"},
				"west": {"uv": [1, 0, 2, 2], "texture": "#0"},
				"up": {"uv": [1, 0, 2, 1], "texture": "#0"},
				"down": {"uv": [1, 0, 2, 1], "texture": "#0"}
			}
		},
		{
			"from": [7.5, 4.675, -9],
			"to": [8.5, 20.675, -8],
			"rotation": {"angle": 0, "axis": "y", "origin": [0, 0, -3]},
			"faces": {
				"north": {"uv": [0, 0, 1, 16], "texture": "#0"},
				"east": {"uv": [0, 0, 1, 16], "texture": "#0"},
				"south": {"uv": [0, 0, 1, 16], "texture": "#0"},
				"west": {"uv": [0, 0, 1, 16], "texture": "#0"},
				"up": {"uv": [0, 0, 1, 1], "texture": "#0"},
				"down": {"uv": [0, 0, 1, 1], "texture": "#0"}
			}
		},
		{
			"from": [7.5, 25, -8],
			"to": [8.5, 26, 8],
			"rotation": {"angle": 0, "axis": "y", "origin": [0, 0, -3]},
			"faces": {
				"north": {"uv": [0, 0, 1, 1], "texture": "#0"},
				"east": {"uv": [0, 0, 16, 1], "texture": "#0"},
				"south": {"uv": [0, 0, 1, 1], "texture": "#0"},
				"west": {"uv": [0, 0, 16, 1], "texture": "#0"},
				"up": {"uv": [0, 0, 1, 16], "texture": "#0"},
				"down": {"uv": [0, 0, 1, 16], "texture": "#0"}
			}
		},
		{
			"from": [7.5, 25, 8],
			"to": [8.5, 26, 24],
			"rotation": {"angle": 0, "axis": "y", "origin": [0, 0, -3]},
			"faces": {
				"north": {"uv": [0, 0, 1, 1], "texture": "#0"},
				"east": {"uv": [0, 0, 16, 1], "texture": "#0"},
				"south": {"uv": [0, 0, 1, 1], "texture": "#0"},
				"west": {"uv": [0, 0, 16, 1], "texture": "#0"},
				"up": {"uv": [0, 0, 1, 16], "texture": "#0"},
				"down": {"uv": [0, 0, 1, 16], "texture": "#0"}
			}
		},
		{
			"from": [7.5, 20.675, -9],
			"to": [8.5, 28.675, -8],
			"rotation": {"angle": 0, "axis": "y", "origin": [0, 0, -3]},
			"faces": {
				"north": {"uv": [0, 0, 1, 8], "texture": "#0"},
				"east": {"uv": [0, 0, 1, 8], "texture": "#0"},
				"south": {"uv": [0, 0, 1, 8], "texture": "#0"},
				"west": {"uv": [0, 0, 1, 8], "texture": "#0"},
				"up": {"uv": [0, 0, 1, 1], "texture": "#0"},
				"down": {"uv": [0, 0, 1, 1], "texture": "#0"}
			}
		},
		{
			"from": [7, 27.675, -9.5],
			"to": [9, 29.675, -7.5],
			"rotation": {"angle": 0, "axis": "y", "origin": [0, 0, -3]},
			"faces": {
				"north": {"uv": [0, 0, 2, 2], "texture": "#0"},
				"east": {"uv": [0, 0, 2, 2], "texture": "#0"},
				"south": {"uv": [0, 0, 2, 2], "texture": "#0"},
				"west": {"uv": [0, 0, 2, 2], "texture": "#0"},
				"up": {"uv": [0, 0, 2, 2], "texture": "#0"},
				"down": {"uv": [0, 0, 2, 2], "texture": "#0"}
			}
		},
		{
			"from": [7, 27.675, 23.5],
			"to": [9, 29.675, 25.5],
			"rotation": {"angle": 0, "axis": "y", "origin": [0, 0, -3]},
			"faces": {
				"north": {"uv": [0, 0, 2, 2], "texture": "#0"},
				"east": {"uv": [0, 0, 2, 2], "texture": "#0"},
				"south": {"uv": [0, 0, 2, 2], "texture": "#0"},
				"west": {"uv": [0, 0, 2, 2], "texture": "#0"},
				"up": {"uv": [0, 0, 2, 2], "texture": "#0"},
				"down": {"uv": [0, 0, 2, 2], "texture": "#0"}
			}
		},
		{
			"from": [-1, 0, 24],
			"to": [0, 2, 25],
			"rotation": {"angle": -22.5, "axis": "z", "origin": [-0.5, 1, 24.5]},
			"faces": {
				"north": {"uv": [0, 0, 1, 2], "texture": "#0"},
				"east": {"uv": [0, 0, 1, 2], "texture": "#0"},
				"south": {"uv": [0, 0, 1, 2], "texture": "#0"},
				"west": {"uv": [0, 0, 1, 2], "texture": "#0"},
				"up": {"uv": [0, 0, 1, 1], "texture": "#0"},
				"down": {"uv": [0, 0, 1, 1], "texture": "#0"}
			}
		},
		{
			"from": [-0.175, 1.05, 24],
			"to": [8.825, 2.05, 25],
			"rotation": {"angle": 22.5, "axis": "z", "origin": [-0.5, 1, 24.5]},
			"faces": {
				"north": {"uv": [0, 0, 1, 9], "rotation": 270, "texture": "#0"},
				"east": {"uv": [0, 0, 1, 1], "rotation": 90, "texture": "#0"},
				"south": {"uv": [0, 0, 1, 9], "rotation": 90, "texture": "#0"},
				"west": {"uv": [0, 0, 1, 1], "rotation": 90, "texture": "#0"},
				"up": {"uv": [0, 0, 1, 9], "rotation": 90, "texture": "#0"},
				"down": {"uv": [0, 0, 1, 9], "rotation": 90, "texture": "#0"}
			}
		},
		{
			"from": [7.175, 1.05, 24],
			"to": [16.175, 2.05, 25],
			"rotation": {"angle": -22.5, "axis": "z", "origin": [16.5, 1, 24.5]},
			"faces": {
				"north": {"uv": [0, 7, 1, 16], "rotation": 270, "texture": "#0"},
				"east": {"uv": [0, 1, 1, 2], "rotation": 90, "texture": "#0"},
				"south": {"uv": [0, 7, 1, 16], "rotation": 90, "texture": "#0"},
				"west": {"uv": [0, 1, 1, 2], "rotation": 90, "texture": "#0"},
				"up": {"uv": [0, 7, 1, 16], "rotation": 90, "texture": "#0"},
				"down": {"uv": [0, 7, 1, 16], "rotation": 90, "texture": "#0"}
			}
		},
		{
			"from": [16, 0, 24],
			"to": [17, 2, 25],
			"rotation": {"angle": 22.5, "axis": "z", "origin": [16.5, 1, 24.5]},
			"faces": {
				"north": {"uv": [1, 0, 2, 2], "texture": "#0"},
				"east": {"uv": [1, 0, 2, 2], "texture": "#0"},
				"south": {"uv": [1, 0, 2, 2], "texture": "#0"},
				"west": {"uv": [1, 0, 2, 2], "texture": "#0"},
				"up": {"uv": [1, 0, 2, 1], "texture": "#0"},
				"down": {"uv": [1, 0, 2, 1], "texture": "#0"}
			}
		},
		{
			"from": [7.5, 4.675, 24],
			"to": [8.5, 20.675, 25],
			"rotation": {"angle": 0, "axis": "y", "origin": [0, 0, 30]},
			"faces": {
				"north": {"uv": [0, 0, 1, 16], "texture": "#0"},
				"east": {"uv": [0, 0, 1, 16], "texture": "#0"},
				"south": {"uv": [0, 0, 1, 16], "texture": "#0"},
				"west": {"uv": [0, 0, 1, 16], "texture": "#0"},
				"up": {"uv": [0, 0, 1, 1], "texture": "#0"},
				"down": {"uv": [0, 0, 1, 1], "texture": "#0"}
			}
		},
		{
			"from": [6.25, 24, -2],
			"to": [9.75, 24.5, -1.5],
			"rotation": {"angle": 0, "axis": "y", "origin": [0, 0, -1]},
			"faces": {
				"north": {"uv": [3, 1, 6.5, 1.5], "texture": "#1"},
				"east": {"uv": [3, 1, 3.5, 1.5], "texture": "#1"},
				"south": {"uv": [3, 1, 6.5, 1.5], "texture": "#1"},
				"west": {"uv": [3, 1, 3.5, 1.5], "texture": "#1"},
				"up": {"uv": [3, 1, 6.5, 1.5], "texture": "#1"},
				"down": {"uv": [3, 1, 6.5, 1.5], "texture": "#1"}
			}
		},
		{
			"from": [9.55, 24.55, -2],
			"to": [13.55, 25.05, -1.5],
			"rotation": {"angle": -22.5, "axis": "z", "origin": [8.25, 24.25, -1.75]},
			"faces": {
				"north": {"uv": [3, 1, 7, 1.5], "texture": "#1"},
				"east": {"uv": [3, 1, 3.5, 1.5], "texture": "#1"},
				"south": {"uv": [3, 1, 7, 1.5], "texture": "#1"},
				"west": {"uv": [3, 1, 3.5, 1.5], "texture": "#1"},
				"up": {"uv": [3, 1, 7, 1.5], "texture": "#1"},
				"down": {"uv": [3, 1, 7, 1.5], "texture": "#1"}
			}
		},
		{
			"from": [12.60928, 21.27028, -2],
			"to": [13.10928, 22.27028, -1.5],
			"rotation": {"angle": 22.5, "axis": "z", "origin": [11.50928, 23.49528, -1.75]},
			"faces": {
				"north": {"uv": [3, 1, 4, 1.5], "rotation": 270, "texture": "#1"},
				"east": {"uv": [3, 1, 4, 1.5], "rotation": 90, "texture": "#1"},
				"south": {"uv": [3, 1, 4, 1.5], "rotation": 90, "texture": "#1"},
				"west": {"uv": [3, 1, 4, 1.5], "rotation": 90, "texture": "#1"},
				"up": {"uv": [3, 1, 3.5, 1.5], "rotation": 90, "texture": "#1"},
				"down": {"uv": [3, 1, 3.5, 1.5], "rotation": 90, "texture": "#1"}
			}
		},
		{
			"from": [7.70928, 21.87028, -2],
			"to": [13.70928, 22.37028, -1.5],
			"rotation": {"angle": 0, "axis": "z", "origin": [11.50928, 23.49528, -1.75]},
			"faces": {
				"north": {"uv": [3, 1, 9, 1.5], "rotation": 180, "texture": "#1"},
				"east": {"uv": [3, 1, 3.5, 1.5], "rotation": 180, "texture": "#1"},
				"south": {"uv": [3, 1, 9, 1.5], "rotation": 180, "texture": "#1"},
				"west": {"uv": [3, 1, 3.5, 1.5], "rotation": 180, "texture": "#1"},
				"up": {"uv": [3, 1, 9, 1.5], "rotation": 180, "texture": "#1"},
				"down": {"uv": [3, 1, 9, 1.5], "rotation": 180, "texture": "#1"}
			}
		},
		{
			"from": [2.89072, 21.27028, -2],
			"to": [3.39072, 22.27028, -1.5],
			"rotation": {"angle": -22.5, "axis": "z", "origin": [4.49072, 23.49528, -1.75]},
			"faces": {
				"north": {"uv": [3, 1.5, 4, 1], "rotation": 270, "texture": "#1"},
				"east": {"uv": [3, 1.5, 4, 1], "rotation": 90, "texture": "#1"},
				"south": {"uv": [3, 1.5, 4, 1], "rotation": 90, "texture": "#1"},
				"west": {"uv": [3, 1.5, 4, 1], "rotation": 90, "texture": "#1"},
				"up": {"uv": [3, 1.5, 3.5, 1], "rotation": 90, "texture": "#1"},
				"down": {"uv": [3, 1.5, 3.5, 1], "rotation": 90, "texture": "#1"}
			}
		},
		{
			"from": [2.29072, 21.87028, -2],
			"to": [8.29072, 22.37028, -1.5],
			"rotation": {"angle": 0, "axis": "z", "origin": [4.49072, 23.49528, -1.75]},
			"faces": {
				"north": {"uv": [9, 1, 3, 1.5], "rotation": 180, "texture": "#1"},
				"east": {"uv": [3.5, 1, 3, 1.5], "rotation": 180, "texture": "#1"},
				"south": {"uv": [9, 1, 3, 1.5], "rotation": 180, "texture": "#1"},
				"west": {"uv": [3.5, 1, 3, 1.5], "rotation": 180, "texture": "#1"},
				"up": {"uv": [9, 1, 3, 1.5], "rotation": 180, "texture": "#1"},
				"down": {"uv": [9, 1, 3, 1.5], "rotation": 180, "texture": "#1"}
			}
		},
		{
			"from": [2.45, 24.55, -2],
			"to": [6.45, 25.05, -1.5],
			"rotation": {"angle": 22.5, "axis": "z", "origin": [7.75, 24.25, -1.75]},
			"faces": {
				"north": {"uv": [7, 1, 3, 1.5], "texture": "#1"},
				"east": {"uv": [3.5, 1, 3, 1.5], "texture": "#1"},
				"south": {"uv": [7, 1, 3, 1.5], "texture": "#1"},
				"west": {"uv": [3.5, 1, 3, 1.5], "texture": "#1"},
				"up": {"uv": [7, 1, 3, 1.5], "texture": "#1"},
				"down": {"uv": [7, 1, 3, 1.5], "texture": "#1"}
			}
		},
		{
			"from": [7.025, 26, -2],
			"to": [8.525, 26.5, -1.5],
			"rotation": {"angle": 0, "axis": "y", "origin": [0, 0, -1]},
			"faces": {
				"north": {"uv": [3, 1, 4.5, 1.5], "texture": "#1"},
				"east": {"uv": [3, 1, 3.5, 1.5], "texture": "#1"},
				"south": {"uv": [3, 1, 4.5, 1.5], "texture": "#1"},
				"west": {"uv": [3, 1, 3.5, 1.5], "texture": "#1"},
				"up": {"uv": [3, 1, 4.5, 1.5], "texture": "#1"},
				"down": {"uv": [3, 1, 4.5, 1.5], "texture": "#1"}
			}
		},
		{
			"from": [8.5, 24.5, -2],
			"to": [9, 26.5, -1.5],
			"rotation": {"angle": 0, "axis": "y", "origin": [0, 0, -1]},
			"faces": {
				"north": {"uv": [3, 1, 3.5, 3], "texture": "#1"},
				"east": {"uv": [3, 1, 3.5, 3], "texture": "#1"},
				"south": {"uv": [3, 1, 3.5, 3], "texture": "#1"},
				"west": {"uv": [3, 1, 3.5, 3], "texture": "#1"},
				"up": {"uv": [3, 1, 3.5, 1.5], "texture": "#1"},
				"down": {"uv": [3, 1, 3.5, 1.5], "texture": "#1"}
			}
		},
		{
			"from": [7, 25.1, -2],
			"to": [7.5, 26.1, -1.5],
			"rotation": {"angle": 0, "axis": "y", "origin": [0, 0, -1]},
			"faces": {
				"north": {"uv": [3, 1, 3.5, 2], "texture": "#1"},
				"east": {"uv": [3, 1, 3.5, 2], "texture": "#1"},
				"south": {"uv": [3, 1, 3.5, 2], "texture": "#1"},
				"west": {"uv": [3, 1, 3.5, 2], "texture": "#1"},
				"up": {"uv": [3, 1, 3.5, 1.5], "texture": "#1"},
				"down": {"uv": [3, 1, 3.5, 1.5], "texture": "#1"}
			}
		},
		{
			"from": [6.25, 24, 2],
			"to": [9.75, 24.5, 2.5],
			"rotation": {"angle": 0, "axis": "y", "origin": [0, 0, 3]},
			"faces": {
				"north": {"uv": [3, 1, 6.5, 1.5], "texture": "#1"},
				"east": {"uv": [3, 1, 3.5, 1.5], "texture": "#1"},
				"south": {"uv": [3, 1, 6.5, 1.5], "texture": "#1"},
				"west": {"uv": [3, 1, 3.5, 1.5], "texture": "#1"},
				"up": {"uv": [3, 1, 6.5, 1.5], "texture": "#1"},
				"down": {"uv": [3, 1, 6.5, 1.5], "texture": "#1"}
			}
		},
		{
			"from": [9.55, 24.55, 2],
			"to": [13.55, 25.05, 2.5],
			"rotation": {"angle": -22.5, "axis": "z", "origin": [8.25, 24.25, 2.25]},
			"faces": {
				"north": {"uv": [3, 1, 7, 1.5], "texture": "#1"},
				"east": {"uv": [3, 1, 3.5, 1.5], "texture": "#1"},
				"south": {"uv": [3, 1, 7, 1.5], "texture": "#1"},
				"west": {"uv": [3, 1, 3.5, 1.5], "texture": "#1"},
				"up": {"uv": [3, 1, 7, 1.5], "texture": "#1"},
				"down": {"uv": [3, 1, 7, 1.5], "texture": "#1"}
			}
		},
		{
			"from": [12.60928, 21.27028, 2],
			"to": [13.10928, 22.27028, 2.5],
			"rotation": {"angle": 22.5, "axis": "z", "origin": [11.50928, 23.49528, 2.25]},
			"faces": {
				"north": {"uv": [3, 1, 4, 1.5], "rotation": 270, "texture": "#1"},
				"east": {"uv": [3, 1, 4, 1.5], "rotation": 90, "texture": "#1"},
				"south": {"uv": [3, 1, 4, 1.5], "rotation": 90, "texture": "#1"},
				"west": {"uv": [3, 1, 4, 1.5], "rotation": 90, "texture": "#1"},
				"up": {"uv": [3, 1, 3.5, 1.5], "rotation": 90, "texture": "#1"},
				"down": {"uv": [3, 1, 3.5, 1.5], "rotation": 90, "texture": "#1"}
			}
		},
		{
			"from": [7.70928, 21.87028, 2],
			"to": [13.70928, 22.37028, 2.5],
			"rotation": {"angle": 0, "axis": "z", "origin": [11.50928, 23.49528, 2.25]},
			"faces": {
				"north": {"uv": [3, 1, 9, 1.5], "rotation": 180, "texture": "#1"},
				"east": {"uv": [3, 1, 3.5, 1.5], "rotation": 180, "texture": "#1"},
				"south": {"uv": [3, 1, 9, 1.5], "rotation": 180, "texture": "#1"},
				"west": {"uv": [3, 1, 3.5, 1.5], "rotation": 180, "texture": "#1"},
				"up": {"uv": [3, 1, 9, 1.5], "rotation": 180, "texture": "#1"},
				"down": {"uv": [3, 1, 9, 1.5], "rotation": 180, "texture": "#1"}
			}
		},
		{
			"from": [2.89072, 21.27028, 2],
			"to": [3.39072, 22.27028, 2.5],
			"rotation": {"angle": -22.5, "axis": "z", "origin": [4.49072, 23.49528, 2.25]},
			"faces": {
				"north": {"uv": [3, 1.5, 4, 1], "rotation": 270, "texture": "#1"},
				"east": {"uv": [3, 1.5, 4, 1], "rotation": 90, "texture": "#1"},
				"south": {"uv": [3, 1.5, 4, 1], "rotation": 90, "texture": "#1"},
				"west": {"uv": [3, 1.5, 4, 1], "rotation": 90, "texture": "#1"},
				"up": {"uv": [3, 1.5, 3.5, 1], "rotation": 90, "texture": "#1"},
				"down": {"uv": [3, 1.5, 3.5, 1], "rotation": 90, "texture": "#1"}
			}
		},
		{
			"from": [2.29072, 21.87028, 2],
			"to": [8.29072, 22.37028, 2.5],
			"rotation": {"angle": 0, "axis": "z", "origin": [4.49072, 23.49528, 2.25]},
			"faces": {
				"north": {"uv": [9, 1, 3, 1.5], "rotation": 180, "texture": "#1"},
				"east": {"uv": [3.5, 1, 3, 1.5], "rotation": 180, "texture": "#1"},
				"south": {"uv": [9, 1, 3, 1.5], "rotation": 180, "texture": "#1"},
				"west": {"uv": [3.5, 1, 3, 1.5], "rotation": 180, "texture": "#1"},
				"up": {"uv": [9, 1, 3, 1.5], "rotation": 180, "texture": "#1"},
				"down": {"uv": [9, 1, 3, 1.5], "rotation": 180, "texture": "#1"}
			}
		},
		{
			"from": [2.45, 24.55, 2],
			"to": [6.45, 25.05, 2.5],
			"rotation": {"angle": 22.5, "axis": "z", "origin": [7.75, 24.25, 2.25]},
			"faces": {
				"north": {"uv": [7, 1, 3, 1.5], "texture": "#1"},
				"east": {"uv": [3.5, 1, 3, 1.5], "texture": "#1"},
				"south": {"uv": [7, 1, 3, 1.5], "texture": "#1"},
				"west": {"uv": [3.5, 1, 3, 1.5], "texture": "#1"},
				"up": {"uv": [7, 1, 3, 1.5], "texture": "#1"},
				"down": {"uv": [7, 1, 3, 1.5], "texture": "#1"}
			}
		},
		{
			"from": [7.025, 26, 2],
			"to": [8.525, 26.5, 2.5],
			"rotation": {"angle": 0, "axis": "y", "origin": [0, 0, 3]},
			"faces": {
				"north": {"uv": [3, 1, 4.5, 1.5], "texture": "#1"},
				"east": {"uv": [3, 1, 3.5, 1.5], "texture": "#1"},
				"south": {"uv": [3, 1, 4.5, 1.5], "texture": "#1"},
				"west": {"uv": [3, 1, 3.5, 1.5], "texture": "#1"},
				"up": {"uv": [3, 1, 4.5, 1.5], "texture": "#1"},
				"down": {"uv": [3, 1, 4.5, 1.5], "texture": "#1"}
			}
		},
		{
			"from": [8.5, 24.5, 2],
			"to": [9, 26.5, 2.5],
			"rotation": {"angle": 0, "axis": "y", "origin": [0, 0, 3]},
			"faces": {
				"north": {"uv": [3, 1, 3.5, 3], "texture": "#1"},
				"east": {"uv": [3, 1, 3.5, 3], "texture": "#1"},
				"south": {"uv": [3, 1, 3.5, 3], "texture": "#1"},
				"west": {"uv": [3, 1, 3.5, 3], "texture": "#1"},
				"up": {"uv": [3, 1, 3.5, 1.5], "texture": "#1"},
				"down": {"uv": [3, 1, 3.5, 1.5], "texture": "#1"}
			}
		},
		{
			"from": [7, 25.1, 2],
			"to": [7.5, 26.1, 2.5],
			"rotation": {"angle": 0, "axis": "y", "origin": [0, 0, 3]},
			"faces": {
				"north": {"uv": [3, 1, 3.5, 2], "texture": "#1"},
				"east": {"uv": [3, 1, 3.5, 2], "texture": "#1"},
				"south": {"uv": [3, 1, 3.5, 2], "texture": "#1"},
				"west": {"uv": [3, 1, 3.5, 2], "texture": "#1"},
				"up": {"uv": [3, 1, 3.5, 1.5], "texture": "#1"},
				"down": {"uv": [3, 1, 3.5, 1.5], "texture": "#1"}
			}
		},
		{
			"from": [6.25, 24, 6],
			"to": [9.75, 24.5, 6.5],
			"rotation": {"angle": 0, "axis": "y", "origin": [0, 0, 7]},
			"faces": {
				"north": {"uv": [3, 1, 6.5, 1.5], "texture": "#1"},
				"east": {"uv": [3, 1, 3.5, 1.5], "texture": "#1"},
				"south": {"uv": [3, 1, 6.5, 1.5], "texture": "#1"},
				"west": {"uv": [3, 1, 3.5, 1.5], "texture": "#1"},
				"up": {"uv": [3, 1, 6.5, 1.5], "texture": "#1"},
				"down": {"uv": [3, 1, 6.5, 1.5], "texture": "#1"}
			}
		},
		{
			"from": [9.55, 24.55, 6],
			"to": [13.55, 25.05, 6.5],
			"rotation": {"angle": -22.5, "axis": "z", "origin": [8.25, 24.25, 6.25]},
			"faces": {
				"north": {"uv": [3, 1, 7, 1.5], "texture": "#1"},
				"east": {"uv": [3, 1, 3.5, 1.5], "texture": "#1"},
				"south": {"uv": [3, 1, 7, 1.5], "texture": "#1"},
				"west": {"uv": [3, 1, 3.5, 1.5], "texture": "#1"},
				"up": {"uv": [3, 1, 7, 1.5], "texture": "#1"},
				"down": {"uv": [3, 1, 7, 1.5], "texture": "#1"}
			}
		},
		{
			"from": [12.60928, 21.27028, 6],
			"to": [13.10928, 22.27028, 6.5],
			"rotation": {"angle": 22.5, "axis": "z", "origin": [11.50928, 23.49528, 6.25]},
			"faces": {
				"north": {"uv": [3, 1, 4, 1.5], "rotation": 270, "texture": "#1"},
				"east": {"uv": [3, 1, 4, 1.5], "rotation": 90, "texture": "#1"},
				"south": {"uv": [3, 1, 4, 1.5], "rotation": 90, "texture": "#1"},
				"west": {"uv": [3, 1, 4, 1.5], "rotation": 90, "texture": "#1"},
				"up": {"uv": [3, 1, 3.5, 1.5], "rotation": 90, "texture": "#1"},
				"down": {"uv": [3, 1, 3.5, 1.5], "rotation": 90, "texture": "#1"}
			}
		},
		{
			"from": [7.70928, 21.87028, 6],
			"to": [13.70928, 22.37028, 6.5],
			"rotation": {"angle": 0, "axis": "z", "origin": [11.50928, 23.49528, 6.25]},
			"faces": {
				"north": {"uv": [3, 1, 9, 1.5], "rotation": 180, "texture": "#1"},
				"east": {"uv": [3, 1, 3.5, 1.5], "rotation": 180, "texture": "#1"},
				"south": {"uv": [3, 1, 9, 1.5], "rotation": 180, "texture": "#1"},
				"west": {"uv": [3, 1, 3.5, 1.5], "rotation": 180, "texture": "#1"},
				"up": {"uv": [3, 1, 9, 1.5], "rotation": 180, "texture": "#1"},
				"down": {"uv": [3, 1, 9, 1.5], "rotation": 180, "texture": "#1"}
			}
		},
		{
			"from": [2.89072, 21.27028, 6],
			"to": [3.39072, 22.27028, 6.5],
			"rotation": {"angle": -22.5, "axis": "z", "origin": [4.49072, 23.49528, 6.25]},
			"faces": {
				"north": {"uv": [3, 1.5, 4, 1], "rotation": 270, "texture": "#1"},
				"east": {"uv": [3, 1.5, 4, 1], "rotation": 90, "texture": "#1"},
				"south": {"uv": [3, 1.5, 4, 1], "rotation": 90, "texture": "#1"},
				"west": {"uv": [3, 1.5, 4, 1], "rotation": 90, "texture": "#1"},
				"up": {"uv": [3, 1.5, 3.5, 1], "rotation": 90, "texture": "#1"},
				"down": {"uv": [3, 1.5, 3.5, 1], "rotation": 90, "texture": "#1"}
			}
		},
		{
			"from": [2.29072, 21.87028, 6],
			"to": [8.29072, 22.37028, 6.5],
			"rotation": {"angle": 0, "axis": "z", "origin": [4.49072, 23.49528, 6.25]},
			"faces": {
				"north": {"uv": [9, 1, 3, 1.5], "rotation": 180, "texture": "#1"},
				"east": {"uv": [3.5, 1, 3, 1.5], "rotation": 180, "texture": "#1"},
				"south": {"uv": [9, 1, 3, 1.5], "rotation": 180, "texture": "#1"},
				"west": {"uv": [3.5, 1, 3, 1.5], "rotation": 180, "texture": "#1"},
				"up": {"uv": [9, 1, 3, 1.5], "rotation": 180, "texture": "#1"},
				"down": {"uv": [9, 1, 3, 1.5], "rotation": 180, "texture": "#1"}
			}
		},
		{
			"from": [2.45, 24.55, 6],
			"to": [6.45, 25.05, 6.5],
			"rotation": {"angle": 22.5, "axis": "z", "origin": [7.75, 24.25, 6.25]},
			"faces": {
				"north": {"uv": [7, 1, 3, 1.5], "texture": "#1"},
				"east": {"uv": [3.5, 1, 3, 1.5], "texture": "#1"},
				"south": {"uv": [7, 1, 3, 1.5], "texture": "#1"},
				"west": {"uv": [3.5, 1, 3, 1.5], "texture": "#1"},
				"up": {"uv": [7, 1, 3, 1.5], "texture": "#1"},
				"down": {"uv": [7, 1, 3, 1.5], "texture": "#1"}
			}
		},
		{
			"from": [7.025, 26, 6],
			"to": [8.525, 26.5, 6.5],
			"rotation": {"angle": 0, "axis": "y", "origin": [0, 0, 7]},
			"faces": {
				"north": {"uv": [3, 1, 4.5, 1.5], "texture": "#1"},
				"east": {"uv": [3, 1, 3.5, 1.5], "texture": "#1"},
				"south": {"uv": [3, 1, 4.5, 1.5], "texture": "#1"},
				"west": {"uv": [3, 1, 3.5, 1.5], "texture": "#1"},
				"up": {"uv": [3, 1, 4.5, 1.5], "texture": "#1"},
				"down": {"uv": [3, 1, 4.5, 1.5], "texture": "#1"}
			}
		},
		{
			"from": [8.5, 24.5, 6],
			"to": [9, 26.5, 6.5],
			"rotation": {"angle": 0, "axis": "y", "origin": [0, 0, 7]},
			"faces": {
				"north": {"uv": [3, 1, 3.5, 3], "texture": "#1"},
				"east": {"uv": [3, 1, 3.5, 3], "texture": "#1"},
				"south": {"uv": [3, 1, 3.5, 3], "texture": "#1"},
				"west": {"uv": [3, 1, 3.5, 3], "texture": "#1"},
				"up": {"uv": [3, 1, 3.5, 1.5], "texture": "#1"},
				"down": {"uv": [3, 1, 3.5, 1.5], "texture": "#1"}
			}
		},
		{
			"from": [7, 25.1, 6],
			"to": [7.5, 26.1, 6.5],
			"rotation": {"angle": 0, "axis": "y", "origin": [0, 0, 7]},
			"faces": {
				"north": {"uv": [3, 1, 3.5, 2], "texture": "#1"},
				"east": {"uv": [3, 1, 3.5, 2], "texture": "#1"},
				"south": {"uv": [3, 1, 3.5, 2], "texture": "#1"},
				"west": {"uv": [3, 1, 3.5, 2], "texture": "#1"},
				"up": {"uv": [3, 1, 3.5, 1.5], "texture": "#1"},
				"down": {"uv": [3, 1, 3.5, 1.5], "texture": "#1"}
			}
		},
		{
			"from": [6.25, 24, 10],
			"to": [9.75, 24.5, 10.5],
			"rotation": {"angle": 0, "axis": "y", "origin": [0, 0, 11]},
			"faces": {
				"north": {"uv": [3, 1, 6.5, 1.5], "texture": "#1"},
				"east": {"uv": [3, 1, 3.5, 1.5], "texture": "#1"},
				"south": {"uv": [3, 1, 6.5, 1.5], "texture": "#1"},
				"west": {"uv": [3, 1, 3.5, 1.5], "texture": "#1"},
				"up": {"uv": [3, 1, 6.5, 1.5], "texture": "#1"},
				"down": {"uv": [3, 1, 6.5, 1.5], "texture": "#1"}
			}
		},
		{
			"from": [9.55, 24.55, 10],
			"to": [13.55, 25.05, 10.5],
			"rotation": {"angle": -22.5, "axis": "z", "origin": [8.25, 24.25, 10.25]},
			"faces": {
				"north": {"uv": [3, 1, 7, 1.5], "texture": "#1"},
				"east": {"uv": [3, 1, 3.5, 1.5], "texture": "#1"},
				"south": {"uv": [3, 1, 7, 1.5], "texture": "#1"},
				"west": {"uv": [3, 1, 3.5, 1.5], "texture": "#1"},
				"up": {"uv": [3, 1, 7, 1.5], "texture": "#1"},
				"down": {"uv": [3, 1, 7, 1.5], "texture": "#1"}
			}
		},
		{
			"from": [12.60928, 21.27028, 10],
			"to": [13.10928, 22.27028, 10.5],
			"rotation": {"angle": 22.5, "axis": "z", "origin": [11.50928, 23.49528, 10.25]},
			"faces": {
				"north": {"uv": [3, 1, 4, 1.5], "rotation": 270, "texture": "#1"},
				"east": {"uv": [3, 1, 4, 1.5], "rotation": 90, "texture": "#1"},
				"south": {"uv": [3, 1, 4, 1.5], "rotation": 90, "texture": "#1"},
				"west": {"uv": [3, 1, 4, 1.5], "rotation": 90, "texture": "#1"},
				"up": {"uv": [3, 1, 3.5, 1.5], "rotation": 90, "texture": "#1"},
				"down": {"uv": [3, 1, 3.5, 1.5], "rotation": 90, "texture": "#1"}
			}
		},
		{
			"from": [7.70928, 21.87028, 10],
			"to": [13.70928, 22.37028, 10.5],
			"rotation": {"angle": 0, "axis": "z", "origin": [11.50928, 23.49528, 10.25]},
			"faces": {
				"north": {"uv": [3, 1, 9, 1.5], "rotation": 180, "texture": "#1"},
				"east": {"uv": [3, 1, 3.5, 1.5], "rotation": 180, "texture": "#1"},
				"south": {"uv": [3, 1, 9, 1.5], "rotation": 180, "texture": "#1"},
				"west": {"uv": [3, 1, 3.5, 1.5], "rotation": 180, "texture": "#1"},
				"up": {"uv": [3, 1, 9, 1.5], "rotation": 180, "texture": "#1"},
				"down": {"uv": [3, 1, 9, 1.5], "rotation": 180, "texture": "#1"}
			}
		},
		{
			"from": [2.89072, 21.27028, 10],
			"to": [3.39072, 22.27028, 10.5],
			"rotation": {"angle": -22.5, "axis": "z", "origin": [4.49072, 23.49528, 10.25]},
			"faces": {
				"north": {"uv": [3, 1.5, 4, 1], "rotation": 270, "texture": "#1"},
				"east": {"uv": [3, 1.5, 4, 1], "rotation": 90, "texture": "#1"},
				"south": {"uv": [3, 1.5, 4, 1], "rotation": 90, "texture": "#1"},
				"west": {"uv": [3, 1.5, 4, 1], "rotation": 90, "texture": "#1"},
				"up": {"uv": [3, 1.5, 3.5, 1], "rotation": 90, "texture": "#1"},
				"down": {"uv": [3, 1.5, 3.5, 1], "rotation": 90, "texture": "#1"}
			}
		},
		{
			"from": [2.29072, 21.87028, 10],
			"to": [8.29072, 22.37028, 10.5],
			"rotation": {"angle": 0, "axis": "z", "origin": [4.49072, 23.49528, 10.25]},
			"faces": {
				"north": {"uv": [9, 1, 3, 1.5], "rotation": 180, "texture": "#1"},
				"east": {"uv": [3.5, 1, 3, 1.5], "rotation": 180, "texture": "#1"},
				"south": {"uv": [9, 1, 3, 1.5], "rotation": 180, "texture": "#1"},
				"west": {"uv": [3.5, 1, 3, 1.5], "rotation": 180, "texture": "#1"},
				"up": {"uv": [9, 1, 3, 1.5], "rotation": 180, "texture": "#1"},
				"down": {"uv": [9, 1, 3, 1.5], "rotation": 180, "texture": "#1"}
			}
		},
		{
			"from": [2.45, 24.55, 10],
			"to": [6.45, 25.05, 10.5],
			"rotation": {"angle": 22.5, "axis": "z", "origin": [7.75, 24.25, 10.25]},
			"faces": {
				"north": {"uv": [7, 1, 3, 1.5], "texture": "#1"},
				"east": {"uv": [3.5, 1, 3, 1.5], "texture": "#1"},
				"south": {"uv": [7, 1, 3, 1.5], "texture": "#1"},
				"west": {"uv": [3.5, 1, 3, 1.5], "texture": "#1"},
				"up": {"uv": [7, 1, 3, 1.5], "texture": "#1"},
				"down": {"uv": [7, 1, 3, 1.5], "texture": "#1"}
			}
		},
		{
			"from": [7.025, 26, 10],
			"to": [8.525, 26.5, 10.5],
			"rotation": {"angle": 0, "axis": "y", "origin": [0, 0, 11]},
			"faces": {
				"north": {"uv": [3, 1, 4.5, 1.5], "texture": "#1"},
				"east": {"uv": [3, 1, 3.5, 1.5], "texture": "#1"},
				"south": {"uv": [3, 1, 4.5, 1.5], "texture": "#1"},
				"west": {"uv": [3, 1, 3.5, 1.5], "texture": "#1"},
				"up": {"uv": [3, 1, 4.5, 1.5], "texture": "#1"},
				"down": {"uv": [3, 1, 4.5, 1.5], "texture": "#1"}
			}
		},
		{
			"from": [8.5, 24.5, 10],
			"to": [9, 26.5, 10.5],
			"rotation": {"angle": 0, "axis": "y", "origin": [0, 0, 11]},
			"faces": {
				"north": {"uv": [3, 1, 3.5, 3], "texture": "#1"},
				"east": {"uv": [3, 1, 3.5, 3], "texture": "#1"},
				"south": {"uv": [3, 1, 3.5, 3], "texture": "#1"},
				"west": {"uv": [3, 1, 3.5, 3], "texture": "#1"},
				"up": {"uv": [3, 1, 3.5, 1.5], "texture": "#1"},
				"down": {"uv": [3, 1, 3.5, 1.5], "texture": "#1"}
			}
		},
		{
			"from": [7, 25.1, 10],
			"to": [7.5, 26.1, 10.5],
			"rotation": {"angle": 0, "axis": "y", "origin": [0, 0, 11]},
			"faces": {
				"north": {"uv": [3, 1, 3.5, 2], "texture": "#1"},
				"east": {"uv": [3, 1, 3.5, 2], "texture": "#1"},
				"south": {"uv": [3, 1, 3.5, 2], "texture": "#1"},
				"west": {"uv": [3, 1, 3.5, 2], "texture": "#1"},
				"up": {"uv": [3, 1, 3.5, 1.5], "texture": "#1"},
				"down": {"uv": [3, 1, 3.5, 1.5], "texture": "#1"}
			}
		},
		{
			"from": [6.25, 24, 14],
			"to": [9.75, 24.5, 14.5],
			"rotation": {"angle": 0, "axis": "y", "origin": [0, 0, 15]},
			"faces": {
				"north": {"uv": [3, 1, 6.5, 1.5], "texture": "#1"},
				"east": {"uv": [3, 1, 3.5, 1.5], "texture": "#1"},
				"south": {"uv": [3, 1, 6.5, 1.5], "texture": "#1"},
				"west": {"uv": [3, 1, 3.5, 1.5], "texture": "#1"},
				"up": {"uv": [3, 1, 6.5, 1.5], "texture": "#1"},
				"down": {"uv": [3, 1, 6.5, 1.5], "texture": "#1"}
			}
		},
		{
			"from": [9.55, 24.55, 14],
			"to": [13.55, 25.05, 14.5],
			"rotation": {"angle": -22.5, "axis": "z", "origin": [8.25, 24.25, 14.25]},
			"faces": {
				"north": {"uv": [3, 1, 7, 1.5], "texture": "#1"},
				"east": {"uv": [3, 1, 3.5, 1.5], "texture": "#1"},
				"south": {"uv": [3, 1, 7, 1.5], "texture": "#1"},
				"west": {"uv": [3, 1, 3.5, 1.5], "texture": "#1"},
				"up": {"uv": [3, 1, 7, 1.5], "texture": "#1"},
				"down": {"uv": [3, 1, 7, 1.5], "texture": "#1"}
			}
		},
		{
			"from": [12.60928, 21.27028, 14],
			"to": [13.10928, 22.27028, 14.5],
			"rotation": {"angle": 22.5, "axis": "z", "origin": [11.50928, 23.49528, 14.25]},
			"faces": {
				"north": {"uv": [3, 1, 4, 1.5], "rotation": 270, "texture": "#1"},
				"east": {"uv": [3, 1, 4, 1.5], "rotation": 90, "texture": "#1"},
				"south": {"uv": [3, 1, 4, 1.5], "rotation": 90, "texture": "#1"},
				"west": {"uv": [3, 1, 4, 1.5], "rotation": 90, "texture": "#1"},
				"up": {"uv": [3, 1, 3.5, 1.5], "rotation": 90, "texture": "#1"},
				"down": {"uv": [3, 1, 3.5, 1.5], "rotation": 90, "texture": "#1"}
			}
		},
		{
			"from": [7.70928, 21.87028, 14],
			"to": [13.70928, 22.37028, 14.5],
			"rotation": {"angle": 0, "axis": "z", "origin": [11.50928, 23.49528, 14.25]},
			"faces": {
				"north": {"uv": [3, 1, 9, 1.5], "rotation": 180, "texture": "#1"},
				"east": {"uv": [3, 1, 3.5, 1.5], "rotation": 180, "texture": "#1"},
				"south": {"uv": [3, 1, 9, 1.5], "rotation": 180, "texture": "#1"},
				"west": {"uv": [3, 1, 3.5, 1.5], "rotation": 180, "texture": "#1"},
				"up": {"uv": [3, 1, 9, 1.5], "rotation": 180, "texture": "#1"},
				"down": {"uv": [3, 1, 9, 1.5], "rotation": 180, "texture": "#1"}
			}
		},
		{
			"from": [2.89072, 21.27028, 14],
			"to": [3.39072, 22.27028, 14.5],
			"rotation": {"angle": -22.5, "axis": "z", "origin": [4.49072, 23.49528, 14.25]},
			"faces": {
				"north": {"uv": [3, 1.5, 4, 1], "rotation": 270, "texture": "#1"},
				"east": {"uv": [3, 1.5, 4, 1], "rotation": 90, "texture": "#1"},
				"south": {"uv": [3, 1.5, 4, 1], "rotation": 90, "texture": "#1"},
				"west": {"uv": [3, 1.5, 4, 1], "rotation": 90, "texture": "#1"},
				"up": {"uv": [3, 1.5, 3.5, 1], "rotation": 90, "texture": "#1"},
				"down": {"uv": [3, 1.5, 3.5, 1], "rotation": 90, "texture": "#1"}
			}
		},
		{
			"from": [2.29072, 21.87028, 14],
			"to": [8.29072, 22.37028, 14.5],
			"rotation": {"angle": 0, "axis": "z", "origin": [4.49072, 23.49528, 14.25]},
			"faces": {
				"north": {"uv": [9, 1, 3, 1.5], "rotation": 180, "texture": "#1"},
				"east": {"uv": [3.5, 1, 3, 1.5], "rotation": 180, "texture": "#1"},
				"south": {"uv": [9, 1, 3, 1.5], "rotation": 180, "texture": "#1"},
				"west": {"uv": [3.5, 1, 3, 1.5], "rotation": 180, "texture": "#1"},
				"up": {"uv": [9, 1, 3, 1.5], "rotation": 180, "texture": "#1"},
				"down": {"uv": [9, 1, 3, 1.5], "rotation": 180, "texture": "#1"}
			}
		},
		{
			"from": [2.45, 24.55, 14],
			"to": [6.45, 25.05, 14.5],
			"rotation": {"angle": 22.5, "axis": "z", "origin": [7.75, 24.25, 14.25]},
			"faces": {
				"north": {"uv": [7, 1, 3, 1.5], "texture": "#1"},
				"east": {"uv": [3.5, 1, 3, 1.5], "texture": "#1"},
				"south": {"uv": [7, 1, 3, 1.5], "texture": "#1"},
				"west": {"uv": [3.5, 1, 3, 1.5], "texture": "#1"},
				"up": {"uv": [7, 1, 3, 1.5], "texture": "#1"},
				"down": {"uv": [7, 1, 3, 1.5], "texture": "#1"}
			}
		},
		{
			"from": [7.025, 26, 14],
			"to": [8.525, 26.5, 14.5],
			"rotation": {"angle": 0, "axis": "y", "origin": [0, 0, 15]},
			"faces": {
				"north": {"uv": [3, 1, 4.5, 1.5], "texture": "#1"},
				"east": {"uv": [3, 1, 3.5, 1.5], "texture": "#1"},
				"south": {"uv": [3, 1, 4.5, 1.5], "texture": "#1"},
				"west": {"uv": [3, 1, 3.5, 1.5], "texture": "#1"},
				"up": {"uv": [3, 1, 4.5, 1.5], "texture": "#1"},
				"down": {"uv": [3, 1, 4.5, 1.5], "texture": "#1"}
			}
		},
		{
			"from": [8.5, 24.5, 14],
			"to": [9, 26.5, 14.5],
			"rotation": {"angle": 0, "axis": "y", "origin": [0, 0, 15]},
			"faces": {
				"north": {"uv": [3, 1, 3.5, 3], "texture": "#1"},
				"east": {"uv": [3, 1, 3.5, 3], "texture": "#1"},
				"south": {"uv": [3, 1, 3.5, 3], "texture": "#1"},
				"west": {"uv": [3, 1, 3.5, 3], "texture": "#1"},
				"up": {"uv": [3, 1, 3.5, 1.5], "texture": "#1"},
				"down": {"uv": [3, 1, 3.5, 1.5], "texture": "#1"}
			}
		},
		{
			"from": [7, 25.1, 14],
			"to": [7.5, 26.1, 14.5],
			"rotation": {"angle": 0, "axis": "y", "origin": [0, 0, 15]},
			"faces": {
				"north": {"uv": [3, 1, 3.5, 2], "texture": "#1"},
				"east": {"uv": [3, 1, 3.5, 2], "texture": "#1"},
				"south": {"uv": [3, 1, 3.5, 2], "texture": "#1"},
				"west": {"uv": [3, 1, 3.5, 2], "texture": "#1"},
				"up": {"uv": [3, 1, 3.5, 1.5], "texture": "#1"},
				"down": {"uv": [3, 1, 3.5, 1.5], "texture": "#1"}
			}
		},
		{
			"from": [6.25, 24, 18],
			"to": [9.75, 24.5, 18.5],
			"rotation": {"angle": 0, "axis": "y", "origin": [0, 0, 19]},
			"faces": {
				"north": {"uv": [3, 1, 6.5, 1.5], "texture": "#1"},
				"east": {"uv": [3, 1, 3.5, 1.5], "texture": "#1"},
				"south": {"uv": [3, 1, 6.5, 1.5], "texture": "#1"},
				"west": {"uv": [3, 1, 3.5, 1.5], "texture": "#1"},
				"up": {"uv": [3, 1, 6.5, 1.5], "texture": "#1"},
				"down": {"uv": [3, 1, 6.5, 1.5], "texture": "#1"}
			}
		},
		{
			"from": [9.55, 24.55, 18],
			"to": [13.55, 25.05, 18.5],
			"rotation": {"angle": -22.5, "axis": "z", "origin": [8.25, 24.25, 18.25]},
			"faces": {
				"north": {"uv": [3, 1, 7, 1.5], "texture": "#1"},
				"east": {"uv": [3, 1, 3.5, 1.5], "texture": "#1"},
				"south": {"uv": [3, 1, 7, 1.5], "texture": "#1"},
				"west": {"uv": [3, 1, 3.5, 1.5], "texture": "#1"},
				"up": {"uv": [3, 1, 7, 1.5], "texture": "#1"},
				"down": {"uv": [3, 1, 7, 1.5], "texture": "#1"}
			}
		},
		{
			"from": [12.60928, 21.27028, 18],
			"to": [13.10928, 22.27028, 18.5],
			"rotation": {"angle": 22.5, "axis": "z", "origin": [11.50928, 23.49528, 18.25]},
			"faces": {
				"north": {"uv": [3, 1, 4, 1.5], "rotation": 270, "texture": "#1"},
				"east": {"uv": [3, 1, 4, 1.5], "rotation": 90, "texture": "#1"},
				"south": {"uv": [3, 1, 4, 1.5], "rotation": 90, "texture": "#1"},
				"west": {"uv": [3, 1, 4, 1.5], "rotation": 90, "texture": "#1"},
				"up": {"uv": [3, 1, 3.5, 1.5], "rotation": 90, "texture": "#1"},
				"down": {"uv": [3, 1, 3.5, 1.5], "rotation": 90, "texture": "#1"}
			}
		},
		{
			"from": [7.70928, 21.87028, 18],
			"to": [13.70928, 22.37028, 18.5],
			"rotation": {"angle": 0, "axis": "z", "origin": [11.50928, 23.49528, 18.25]},
			"faces": {
				"north": {"uv": [3, 1, 9, 1.5], "rotation": 180, "texture": "#1"},
				"east": {"uv": [3, 1, 3.5, 1.5], "rotation": 180, "texture": "#1"},
				"south": {"uv": [3, 1, 9, 1.5], "rotation": 180, "texture": "#1"},
				"west": {"uv": [3, 1, 3.5, 1.5], "rotation": 180, "texture": "#1"},
				"up": {"uv": [3, 1, 9, 1.5], "rotation": 180, "texture": "#1"},
				"down": {"uv": [3, 1, 9, 1.5], "rotation": 180, "texture": "#1"}
			}
		},
		{
			"from": [2.89072, 21.27028, 18],
			"to": [3.39072, 22.27028, 18.5],
			"rotation": {"angle": -22.5, "axis": "z", "origin": [4.49072, 23.49528, 18.25]},
			"faces": {
				"north": {"uv": [3, 1.5, 4, 1], "rotation": 270, "texture": "#1"},
				"east": {"uv": [3, 1.5, 4, 1], "rotation": 90, "texture": "#1"},
				"south": {"uv": [3, 1.5, 4, 1], "rotation": 90, "texture": "#1"},
				"west": {"uv": [3, 1.5, 4, 1], "rotation": 90, "texture": "#1"},
				"up": {"uv": [3, 1.5, 3.5, 1], "rotation": 90, "texture": "#1"},
				"down": {"uv": [3, 1.5, 3.5, 1], "rotation": 90, "texture": "#1"}
			}
		},
		{
			"from": [2.29072, 21.87028, 18],
			"to": [8.29072, 22.37028, 18.5],
			"rotation": {"angle": 0, "axis": "z", "origin": [4.49072, 23.49528, 18.25]},
			"faces": {
				"north": {"uv": [9, 1, 3, 1.5], "rotation": 180, "texture": "#1"},
				"east": {"uv": [3.5, 1, 3, 1.5], "rotation": 180, "texture": "#1"},
				"south": {"uv": [9, 1, 3, 1.5], "rotation": 180, "texture": "#1"},
				"west": {"uv": [3.5, 1, 3, 1.5], "rotation": 180, "texture": "#1"},
				"up": {"uv": [9, 1, 3, 1.5], "rotation": 180, "texture": "#1"},
				"down": {"uv": [9, 1, 3, 1.5], "rotation": 180, "texture": "#1"}
			}
		},
		{
			"from": [2.45, 24.55, 18],
			"to": [6.45, 25.05, 18.5],
			"rotation": {"angle": 22.5, "axis": "z", "origin": [7.75, 24.25, 18.25]},
			"faces": {
				"north": {"uv": [7, 1, 3, 1.5], "texture": "#1"},
				"east": {"uv": [3.5, 1, 3, 1.5], "texture": "#1"},
				"south": {"uv": [7, 1, 3, 1.5], "texture": "#1"},
				"west": {"uv": [3.5, 1, 3, 1.5], "texture": "#1"},
				"up": {"uv": [7, 1, 3, 1.5], "texture": "#1"},
				"down": {"uv": [7, 1, 3, 1.5], "texture": "#1"}
			}
		},
		{
			"from": [7.025, 26, 18],
			"to": [8.525, 26.5, 18.5],
			"rotation": {"angle": 0, "axis": "y", "origin": [0, 0, 19]},
			"faces": {
				"north": {"uv": [3, 1, 4.5, 1.5], "texture": "#1"},
				"east": {"uv": [3, 1, 3.5, 1.5], "texture": "#1"},
				"south": {"uv": [3, 1, 4.5, 1.5], "texture": "#1"},
				"west": {"uv": [3, 1, 3.5, 1.5], "texture": "#1"},
				"up": {"uv": [3, 1, 4.5, 1.5], "texture": "#1"},
				"down": {"uv": [3, 1, 4.5, 1.5], "texture": "#1"}
			}
		},
		{
			"from": [8.5, 24.5, 18],
			"to": [9, 26.5, 18.5],
			"rotation": {"angle": 0, "axis": "y", "origin": [0, 0, 19]},
			"faces": {
				"north": {"uv": [3, 1, 3.5, 3], "texture": "#1"},
				"east": {"uv": [3, 1, 3.5, 3], "texture": "#1"},
				"south": {"uv": [3, 1, 3.5, 3], "texture": "#1"},
				"west": {"uv": [3, 1, 3.5, 3], "texture": "#1"},
				"up": {"uv": [3, 1, 3.5, 1.5], "texture": "#1"},
				"down": {"uv": [3, 1, 3.5, 1.5], "texture": "#1"}
			}
		},
		{
			"from": [7, 25.1, 18],
			"to": [7.5, 26.1, 18.5],
			"rotation": {"angle": 0, "axis": "y", "origin": [0, 0, 19]},
			"faces": {
				"north": {"uv": [3, 1, 3.5, 2], "texture": "#1"},
				"east": {"uv": [3, 1, 3.5, 2], "texture": "#1"},
				"south": {"uv": [3, 1, 3.5, 2], "texture": "#1"},
				"west": {"uv": [3, 1, 3.5, 2], "texture": "#1"},
				"up": {"uv": [3, 1, 3.5, 1.5], "texture": "#1"},
				"down": {"uv": [3, 1, 3.5, 1.5], "texture": "#1"}
			}
		}
	],
	"display": {
		"fixed": {
			"rotation": [-90, 12, 0],
			"translation": [0, 0, -16],
			"scale": [2, 2, 2]
		}
	},
	"groups": [
		{
			"name": "main",
			"origin": [0, -8, 33],
			"color": 0,
			"nbt": "{}",
			"armAnimationEnabled": false,
			"children": [0, 1, 2, 3, 4, 5, 6, 7, 8, 9, 10, 11, 12, 13, 14, 15]
		},
		{
			"name": "hanger",
			"origin": [0, 0, 0],
			"color": 0,
			"nbt": "{}",
			"armAnimationEnabled": false,
			"children": [16, 17, 18, 19, 20, 21, 22, 23, 24, 25]
		},
		{
			"name": "hanger",
			"origin": [0, 0, 0],
			"color": 0,
			"nbt": "{}",
			"armAnimationEnabled": false,
			"children": [26, 27, 28, 29, 30, 31, 32, 33, 34, 35]
		},
		{
			"name": "hanger",
			"origin": [0, 0, 0],
			"color": 0,
			"nbt": "{}",
			"armAnimationEnabled": false,
			"children": [36, 37, 38, 39, 40, 41, 42, 43, 44, 45]
		},
		{
			"name": "hanger",
			"origin": [0, 0, 0],
			"color": 0,
			"nbt": "{}",
			"armAnimationEnabled": false,
			"children": [46, 47, 48, 49, 50, 51, 52, 53, 54, 55]
		},
		{
			"name": "hanger",
			"origin": [0, 0, 0],
			"color": 0,
			"nbt": "{}",
			"armAnimationEnabled": false,
			"children": [56, 57, 58, 59, 60, 61, 62, 63, 64, 65]
		},
		{
			"name": "hanger",
			"origin": [0, 0, 0],
			"color": 0,
			"nbt": "{}",
			"armAnimationEnabled": false,
			"children": [66, 67, 68, 69, 70, 71, 72, 73, 74, 75]
		}
	]
}