{
	"credit": "Made with Blockbench",
	"texture_size": [64, 64],
	"textures": {
		"1": "block/polished_andesite"
	},
	"elements": [
		{
			"from": [7, 0, 6],
			"to": [9, 10, 8],
			"rotation": {"angle": 0, "axis": "y", "origin": [-3, 4, 7]},
			"faces": {
				"north": {"uv": [13, 5, 15, 15], "texture": "#1"},
				"east": {"uv": [13, 5, 15, 15], "texture": "#1"},
				"south": {"uv": [13, 5, 15, 15], "texture": "#1"},
				"west": {"uv": [13, 5, 15, 15], "texture": "#1"},
				"up": {"uv": [2, 2, 4, 4], "texture": "#1"},
				"down": {"uv": [2, 2, 4, 4], "texture": "#1"}
			}
		},
		{
			"from": [6, 10, 5],
			"to": [10, 14, 9],
			"rotation": {"angle": 0, "axis": "y", "origin": [-4, 15, 7]},
			"faces": {
				"north": {"uv": [1, 0, 5, 4], "texture": "#1"},
				"east": {"uv": [1, 0, 5, 4], "texture": "#1"},
				"south": {"uv": [1, 0, 5, 4], "texture": "#1"},
				"west": {"uv": [1, 0, 5, 4], "texture": "#1"},
				"up": {"uv": [1, 0, 5, 4], "texture": "#1"},
				"down": {"uv": [1, 0, 5, 4], "texture": "#1"}
			}
		}
	],
	"display": {
		"thirdperson_righthand": {
			"rotation": [-10, 45, -15],
			"translation": [1.75, 3, -0.5],
			"scale": [0.5, 0.5, 0.5]
		},
		"thirdperson_lefthand": {
			"rotation": [-10, 45, -15],
			"translation": [1.75, 3, -0.5],
			"scale": [0.5, 0.5, 0.5]
		},
		"firstperson_righthand": {
			"rotation": [30, 45, 0],
			"translation": [2, 5, 0],
			"scale": [0.7, 0.7, 0.7]
		},
		"firstperson_lefthand": {
			"rotation": [30, 45, 0],
			"translation": [2, 5, 0],
			"scale": [0.7, 0.7, 0.7]
		},
		"ground": {
			"translation": [0, 4.5, 0],
			"scale": [0.7, 0.7, 0.7]
		},
		"gui": {
			"rotation": [35, 25, 0],
			"translation": [0, 3.5, 0],
			"scale": [0.7, 0.7, 0.6]
		},
		"head": {
			"translation": [0, 6.5, 0],
			"scale": [1.6, 1.6, 1.6]
		},
		"fixed": {
			"rotation": [90, 0, 0],
			"translation": [0, 0, 48.5],
			"scale": [2, 2, 2]
		}
	}
}