{
	"credit": "Made with Blockbench",
	"textures": {
		"0": "people/amirkaka",
		"particle": "people/amirkaka"
	},
	"elements": [
		{
			"name": "head",
			"from": [4, 0.25, 4],
			"to": [12, 8.25, 12],
			"faces": {
				"north": {"uv": [2, 2, 4, 4], "texture": "#0"},
				"east": {"uv": [0, 2, 2, 4], "texture": "#0"},
				"south": {"uv": [6, 2, 8, 4], "texture": "#0"},
				"west": {"uv": [4, 2, 6, 4], "texture": "#0"},
				"up": {"uv": [4, 2, 2, 0], "texture": "#0"},
				"down": {"uv": [6, 0, 4, 2], "texture": "#0"}
			}
		},
		{
			"name": "head_2nd_layer",
			"from": [3.5, -0.25, 3.5],
			"to": [12.5, 8.75, 12.5],
			"faces": {
				"north": {"uv": [10, 2, 12, 4], "texture": "#0"},
				"east": {"uv": [8, 2, 10, 4], "texture": "#0"},
				"south": {"uv": [14, 2, 16, 4], "texture": "#0"},
				"west": {"uv": [12, 2, 14, 4], "texture": "#0"},
				"up": {"uv": [12, 2, 10, 0], "texture": "#0"},
				"down": {"uv": [14, 0, 12, 2], "texture": "#0"}
			}
		},
		{
			"from": [9, 2.75, 2.75],
			"to": [12, 5.75, 5.75],
			"faces": {
				"north": {"uv": [2.25, 2.75, 2.45, 2.95], "texture": "#0"},
				"east": {"uv": [2.25, 2.75, 2.45, 2.95], "texture": "#0"},
				"south": {"uv": [2.25, 2.75, 2.45, 2.95], "texture": "#0"},
				"west": {"uv": [2.25, 2.75, 2.45, 2.95], "texture": "#0"},
				"up": {"uv": [2.25, 2.75, 2.45, 2.95], "texture": "#0"},
				"down": {"uv": [2.25, 2.75, 2.45, 2.95], "texture": "#0"}
			}
		},
		{
			"from": [4, 2.75, 2.75],
			"to": [7, 5.75, 5.75],
			"faces": {
				"north": {"uv": [2.25, 2.75, 2.45, 2.95], "texture": "#0"},
				"east": {"uv": [2.25, 2.75, 2.45, 2.95], "texture": "#0"},
				"south": {"uv": [2.25, 2.75, 2.45, 2.95], "texture": "#0"},
				"west": {"uv": [2.25, 2.75, 2.45, 2.95], "texture": "#0"},
				"up": {"uv": [2.25, 2.75, 2.45, 2.95], "texture": "#0"},
				"down": {"uv": [2.25, 2.75, 2.45, 2.95], "texture": "#0"}
			}
		},
		{
			"from": [5, 3.75, 2.5],
			"to": [6, 4.75, 3.5],
			"faces": {
				"north": {"uv": [1.75, 5.25, 1.95, 5.45], "texture": "#0"},
				"east": {"uv": [1.75, 5.25, 1.95, 5.45], "texture": "#0"},
				"south": {"uv": [1.75, 5.25, 1.95, 5.45], "texture": "#0"},
				"west": {"uv": [1.75, 5.25, 1.95, 5.45], "texture": "#0"},
				"up": {"uv": [1.75, 5.25, 1.95, 5.45], "texture": "#0"},
				"down": {"uv": [1.75, 5.25, 1.95, 5.45], "texture": "#0"}
			}
		},
		{
			"from": [10, 3.75, 2.5],
			"to": [11, 4.75, 3.5],
			"faces": {
				"north": {"uv": [1.75, 5.25, 1.95, 5.45], "texture": "#0"},
				"east": {"uv": [1.75, 5.25, 1.95, 5.45], "texture": "#0"},
				"south": {"uv": [1.75, 5.25, 1.95, 5.45], "texture": "#0"},
				"west": {"uv": [1.75, 5.25, 1.95, 5.45], "texture": "#0"},
				"up": {"uv": [1.75, 5.25, 1.95, 5.45], "texture": "#0"},
				"down": {"uv": [1.75, 5.25, 1.95, 5.45], "texture": "#0"}
			}
		}
	],
	"display": {
		"head": {
			"translation": [0, 7.25, 0],
			"scale": [1.61, 1.61, 1.61]
		},
		"fixed": {
			"rotation": [-90, 11.25, 0],
			"translation": [0, 0, -19],
			"scale": [2.4, 2.4, 2.4]
		}
	},
	"groups": [
		{
			"name": "alex",
			"origin": [8, 8, 8],
			"color": 0,
			"children": [0, 1]
		},
		{
			"name": "group",
			"origin": [0, 0, 0],
			"color": 0,
			"children": [2, 3, 4, 5]
		}
	]
}