{
	"credit": "Made with Blockbench",
	"textures": {
		"0": "custom/pp2",
		"particle": "custom/pp2"
	},
	"elements": [
		{
			"from": [-8, 0, -1],
			"to": [24, 0, 17],
			"rotation": {"angle": 0, "axis": "y", "origin": [-8, 8, -1]},
			"faces": {
				"north": {"uv": [0, 0, 16, 0], "texture": "#0"},
				"east": {"uv": [0, 0, 16, 0], "texture": "#0"},
				"south": {"uv": [0, 0, 16, 0], "texture": "#0"},
				"west": {"uv": [0, 0, 16, 0], "texture": "#0"},
				"up": {"uv": [0, 0, 16, 16], "rotation": 180, "texture": "#0"},
				"down": {"uv": [0, 0, 16, 16], "texture": "#0"}
			}
		}
	],
	"display": {
		"head": {
			"rotation": [-90, 0, 0],
			"translation": [0, 0, -16.25],
			"scale": [1.8, 2, 1.8]
		}
	}
}