{
	"credit": "Made with Blockbench",
	"textures": {
		"1": "block/white_concrete",
		"2": "block/polished_andesite",
		"4": "block/red_concrete_powder",
		"5": "block/lime_concrete_powder",
		"6": "block/yellow_concrete_powder",
		"7": "block/black_concrete_powder",
		"8": "block/amethyst_block",
		"particle": "block/red_concrete_powder"
	},
	"elements": [
		{
			"from": [6.965, 1.29, 2.7125],
			"to": [7.365, 1.69, 2.9125],
			"rotation": {"angle": -22.5, "axis": "y", "origin": [9, 1.49, 2.8075]},
			"faces": {
				"north": {"uv": [15, 15, 15.4, 15.4], "rotation": 90, "texture": "#2"},
				"east": {"uv": [15, 15, 15.4, 15.2], "rotation": 270, "texture": "#2"},
				"south": {"uv": [15, 15, 15.4, 15.4], "rotation": 270, "texture": "#2"},
				"west": {"uv": [15, 15, 15.4, 15.2], "rotation": 270, "texture": "#2"},
				"up": {"uv": [15, 15, 15.2, 15.4], "rotation": 270, "texture": "#2"},
				"down": {"uv": [15, 15, 15.2, 15.4], "rotation": 270, "texture": "#2"}
			}
		},
		{
			"from": [8.615, -0.01, 2.275],
			"to": [15.615, 2.99, 5.275],
			"rotation": {"angle": -22.5, "axis": "y", "origin": [9, 1.49, 2.8075]},
			"faces": {
				"north": {"uv": [0, 0, 3, 7], "rotation": 90, "texture": "#4"},
				"east": {"uv": [0, 0, 3, 3], "rotation": 270, "texture": "#4"},
				"south": {"uv": [0, 0, 3, 7], "rotation": 270, "texture": "#4"},
				"west": {"uv": [0, 0, 3, 3], "rotation": 270, "texture": "#4"},
				"up": {"uv": [0, 0, 3, 7], "rotation": 270, "texture": "#4"},
				"down": {"uv": [0, 0, 3, 7], "rotation": 270, "texture": "#4"}
			}
		},
		{
			"from": [15.615, -0.01, 2.275],
			"to": [16.615, 2.99, 5.275],
			"rotation": {"angle": -22.5, "axis": "y", "origin": [9, 1.49, 2.8075]},
			"faces": {
				"north": {"uv": [0, 0, 3, 1], "rotation": 90, "texture": "#1"},
				"east": {"uv": [0, 0, 3, 3], "rotation": 270, "texture": "#1"},
				"south": {"uv": [0, 0, 3, 1], "rotation": 270, "texture": "#1"},
				"west": {"uv": [0, 0, 3, 3], "rotation": 270, "texture": "#1"},
				"up": {"uv": [0, 0, 3, 1], "rotation": 270, "texture": "#1"},
				"down": {"uv": [0, 0, 3, 1], "rotation": 270, "texture": "#1"}
			}
		},
		{
			"from": [7.615, -0.01, 2.275],
			"to": [8.615, 2.99, 5.275],
			"rotation": {"angle": -22.5, "axis": "y", "origin": [9, 1.49, 2.8075]},
			"faces": {
				"north": {"uv": [0, 0, 3, 1], "rotation": 90, "texture": "#1"},
				"east": {"uv": [0, 0, 3, 3], "rotation": 270, "texture": "#1"},
				"south": {"uv": [0, 0, 3, 1], "rotation": 270, "texture": "#1"},
				"west": {"uv": [0, 0, 3, 3], "rotation": 270, "texture": "#1"},
				"up": {"uv": [0, 0, 3, 1], "rotation": 270, "texture": "#1"},
				"down": {"uv": [0, 0, 3, 1], "rotation": 270, "texture": "#1"}
			}
		},
		{
			"from": [6.615, 0.49, 2.775],
			"to": [7.615, 2.49, 4.775],
			"rotation": {"angle": -22.5, "axis": "y", "origin": [9, 1.49, 2.8075]},
			"faces": {
				"north": {"uv": [0, 0, 2, 1], "rotation": 90, "texture": "#1"},
				"east": {"uv": [0, 0, 2, 2], "rotation": 270, "texture": "#1"},
				"south": {"uv": [0, 0, 2, 1], "rotation": 270, "texture": "#1"},
				"west": {"uv": [0, 0, 2, 2], "rotation": 270, "texture": "#1"},
				"up": {"uv": [0, 0, 2, 1], "rotation": 270, "texture": "#1"},
				"down": {"uv": [0, 0, 2, 1], "rotation": 270, "texture": "#1"}
			}
		},
		{
			"from": [7.03036, 4.02481, 4.8075],
			"to": [7.43036, 4.22481, 5.2075],
			"rotation": {"angle": 22.5, "axis": "z", "origin": [4.27036, 3.35481, 5.0075]},
			"faces": {
				"north": {"uv": [15, 15, 15.2, 15.4], "rotation": 270, "texture": "#2"},
				"east": {"uv": [15, 15, 15.4, 15.2], "texture": "#2"},
				"south": {"uv": [15, 15, 15.2, 15.4], "rotation": 90, "texture": "#2"},
				"west": {"uv": [15, 15, 15.4, 15.2], "rotation": 180, "texture": "#2"},
				"up": {"uv": [15, 15, 15.4, 15.4], "rotation": 90, "texture": "#2"},
				"down": {"uv": [15, 15, 15.4, 15.4], "rotation": 90, "texture": "#2"}
			}
		},
		{
			"from": [-1.21964, 1.66231, 3.5075],
			"to": [5.78036, 4.66231, 6.5075],
			"rotation": {"angle": 22.5, "axis": "z", "origin": [4.27036, 3.35481, 5.0075]},
			"faces": {
				"north": {"uv": [0, 0, 3, 7], "rotation": 270, "texture": "#5"},
				"east": {"uv": [0, 0, 3, 3], "texture": "#5"},
				"south": {"uv": [0, 0, 3, 7], "rotation": 90, "texture": "#5"},
				"west": {"uv": [0, 0, 3, 3], "rotation": 180, "texture": "#5"},
				"up": {"uv": [0, 0, 3, 7], "rotation": 90, "texture": "#5"},
				"down": {"uv": [0, 0, 3, 7], "rotation": 90, "texture": "#5"}
			}
		},
		{
			"from": [-2.21964, 1.66231, 3.5075],
			"to": [-1.21964, 4.66231, 6.5075],
			"rotation": {"angle": 22.5, "axis": "z", "origin": [4.27036, 3.35481, 5.0075]},
			"faces": {
				"north": {"uv": [0, 0, 3, 1], "rotation": 270, "texture": "#1"},
				"east": {"uv": [0, 0, 3, 3], "texture": "#1"},
				"south": {"uv": [0, 0, 3, 1], "rotation": 90, "texture": "#1"},
				"west": {"uv": [0, 0, 3, 3], "rotation": 180, "texture": "#1"},
				"up": {"uv": [0, 0, 3, 1], "rotation": 90, "texture": "#1"},
				"down": {"uv": [0, 0, 3, 1], "rotation": 90, "texture": "#1"}
			}
		},
		{
			"from": [5.78036, 1.66231, 3.5075],
			"to": [6.78036, 4.66231, 6.5075],
			"rotation": {"angle": 22.5, "axis": "z", "origin": [4.27036, 3.35481, 5.0075]},
			"faces": {
				"north": {"uv": [0, 0, 3, 1], "rotation": 270, "texture": "#1"},
				"east": {"uv": [0, 0, 3, 3], "texture": "#1"},
				"south": {"uv": [0, 0, 3, 1], "rotation": 90, "texture": "#1"},
				"west": {"uv": [0, 0, 3, 3], "rotation": 180, "texture": "#1"},
				"up": {"uv": [0, 0, 3, 1], "rotation": 90, "texture": "#1"},
				"down": {"uv": [0, 0, 3, 1], "rotation": 90, "texture": "#1"}
			}
		},
		{
			"from": [6.78036, 2.16231, 4.0075],
			"to": [7.78036, 4.16231, 6.0075],
			"rotation": {"angle": 22.5, "axis": "z", "origin": [4.27036, 3.35481, 5.0075]},
			"faces": {
				"north": {"uv": [0, 0, 2, 1], "rotation": 270, "texture": "#1"},
				"east": {"uv": [0, 0, 2, 2], "texture": "#1"},
				"south": {"uv": [0, 0, 2, 1], "rotation": 90, "texture": "#1"},
				"west": {"uv": [0, 0, 2, 2], "rotation": 180, "texture": "#1"},
				"up": {"uv": [0, 0, 2, 1], "rotation": 90, "texture": "#1"},
				"down": {"uv": [0, 0, 2, 1], "rotation": 90, "texture": "#1"}
			}
		},
		{
			"from": [11.41368, 1.215, 11.95539],
			"to": [11.81368, 1.615, 12.15539],
			"rotation": {"angle": 22.5, "axis": "y", "origin": [9.87868, 1.415, 12.10039]},
			"faces": {
				"north": {"uv": [15, 15, 15.4, 15.4], "rotation": 270, "texture": "#2"},
				"east": {"uv": [15, 15, 15.4, 15.2], "rotation": 90, "texture": "#2"},
				"south": {"uv": [15, 15, 15.4, 15.4], "rotation": 90, "texture": "#2"},
				"west": {"uv": [15, 15, 15.4, 15.2], "rotation": 90, "texture": "#2"},
				"up": {"uv": [15, 15, 15.2, 15.4], "rotation": 90, "texture": "#2"},
				"down": {"uv": [15, 15, 15.2, 15.4], "rotation": 90, "texture": "#2"}
			}
		},
		{
			"from": [3.16368, -0.085, 11.51789],
			"to": [10.16368, 2.915, 14.51789],
			"rotation": {"angle": 22.5, "axis": "y", "origin": [9.87868, 1.415, 12.10039]},
			"faces": {
				"north": {"uv": [0, 0, 3, 7], "rotation": 270, "texture": "#6"},
				"east": {"uv": [0, 0, 3, 3], "rotation": 90, "texture": "#6"},
				"south": {"uv": [0, 0, 3, 7], "rotation": 90, "texture": "#6"},
				"west": {"uv": [0, 0, 3, 3], "rotation": 90, "texture": "#6"},
				"up": {"uv": [0, 0, 3, 7], "rotation": 90, "texture": "#6"},
				"down": {"uv": [0, 0, 3, 7], "rotation": 90, "texture": "#6"}
			}
		},
		{
			"from": [2.16368, -0.085, 11.51789],
			"to": [3.16368, 2.915, 14.51789],
			"rotation": {"angle": 22.5, "axis": "y", "origin": [9.87868, 1.415, 12.10039]},
			"faces": {
				"north": {"uv": [0, 0, 3, 1], "rotation": 270, "texture": "#1"},
				"east": {"uv": [0, 0, 3, 3], "rotation": 90, "texture": "#1"},
				"south": {"uv": [0, 0, 3, 1], "rotation": 90, "texture": "#1"},
				"west": {"uv": [0, 0, 3, 3], "rotation": 90, "texture": "#1"},
				"up": {"uv": [0, 0, 3, 1], "rotation": 90, "texture": "#1"},
				"down": {"uv": [0, 0, 3, 1], "rotation": 90, "texture": "#1"}
			}
		},
		{
			"from": [10.16368, -0.085, 11.51789],
			"to": [11.16368, 2.915, 14.51789],
			"rotation": {"angle": 22.5, "axis": "y", "origin": [9.87868, 1.415, 12.10039]},
			"faces": {
				"north": {"uv": [0, 0, 3, 1], "rotation": 270, "texture": "#1"},
				"east": {"uv": [0, 0, 3, 3], "rotation": 90, "texture": "#1"},
				"south": {"uv": [0, 0, 3, 1], "rotation": 90, "texture": "#1"},
				"west": {"uv": [0, 0, 3, 3], "rotation": 90, "texture": "#1"},
				"up": {"uv": [0, 0, 3, 1], "rotation": 90, "texture": "#1"},
				"down": {"uv": [0, 0, 3, 1], "rotation": 90, "texture": "#1"}
			}
		},
		{
			"from": [11.16368, 0.415, 12.01789],
			"to": [12.16368, 2.415, 14.01789],
			"rotation": {"angle": 22.5, "axis": "y", "origin": [9.87868, 1.415, 12.10039]},
			"faces": {
				"north": {"uv": [0, 0, 2, 1], "rotation": 270, "texture": "#1"},
				"east": {"uv": [0, 0, 2, 2], "rotation": 90, "texture": "#1"},
				"south": {"uv": [0, 0, 2, 1], "rotation": 90, "texture": "#1"},
				"west": {"uv": [0, 0, 2, 2], "rotation": 90, "texture": "#1"},
				"up": {"uv": [0, 0, 2, 1], "rotation": 90, "texture": "#1"},
				"down": {"uv": [0, 0, 2, 1], "rotation": 90, "texture": "#1"}
			}
		},
		{
			"from": [12.645, 8.69153, 11.6753],
			"to": [12.845, 9.09153, 12.0753],
			"rotation": {"angle": 45, "axis": "x", "origin": [11, 5.93153, 9.8253]},
			"faces": {
				"north": {"uv": [15, 15, 15.2, 15.4], "texture": "#2"},
				"east": {"uv": [15, 15, 15.4, 15.4], "texture": "#2"},
				"south": {"uv": [15, 15, 15.2, 15.4], "texture": "#2"},
				"west": {"uv": [15, 15, 15.4, 15.4], "texture": "#2"},
				"up": {"uv": [15, 15, 15.4, 15.2], "rotation": 90, "texture": "#2"},
				"down": {"uv": [15, 15, 15.4, 15.2], "rotation": 270, "texture": "#2"}
			}
		},
		{
			"from": [10.2825, 0.44153, 10.3753],
			"to": [13.2825, 7.44153, 13.3753],
			"rotation": {"angle": 45, "axis": "x", "origin": [11, 5.93153, 9.8253]},
			"faces": {
				"north": {"uv": [0, 0, 3, 7], "texture": "#7"},
				"east": {"uv": [0, 0, 3, 7], "texture": "#7"},
				"south": {"uv": [0, 0, 3, 7], "texture": "#7"},
				"west": {"uv": [0, 0, 3, 7], "texture": "#7"},
				"up": {"uv": [0, 0, 3, 3], "rotation": 90, "texture": "#7"},
				"down": {"uv": [0, 0, 3, 3], "rotation": 270, "texture": "#7"}
			}
		},
		{
			"from": [10.2825, -0.55847, 10.3753],
			"to": [13.2825, 0.44153, 13.3753],
			"rotation": {"angle": 45, "axis": "x", "origin": [11, 5.93153, 9.8253]},
			"faces": {
				"north": {"uv": [0, 0, 3, 1], "texture": "#1"},
				"east": {"uv": [0, 0, 3, 1], "texture": "#1"},
				"south": {"uv": [0, 0, 3, 1], "texture": "#1"},
				"west": {"uv": [0, 0, 3, 1], "texture": "#1"},
				"up": {"uv": [0, 0, 3, 3], "rotation": 90, "texture": "#1"},
				"down": {"uv": [0, 0, 3, 3], "rotation": 270, "texture": "#1"}
			}
		},
		{
			"from": [10.2825, 7.44153, 10.3753],
			"to": [13.2825, 8.44153, 13.3753],
			"rotation": {"angle": 45, "axis": "x", "origin": [11, 5.93153, 9.8253]},
			"faces": {
				"north": {"uv": [0, 0, 3, 1], "texture": "#1"},
				"east": {"uv": [0, 0, 3, 1], "texture": "#1"},
				"south": {"uv": [0, 0, 3, 1], "texture": "#1"},
				"west": {"uv": [0, 0, 3, 1], "texture": "#1"},
				"up": {"uv": [0, 0, 3, 3], "rotation": 90, "texture": "#1"},
				"down": {"uv": [0, 0, 3, 3], "rotation": 270, "texture": "#1"}
			}
		},
		{
			"from": [10.7825, 8.44153, 10.8753],
			"to": [12.7825, 9.44153, 12.8753],
			"rotation": {"angle": 45, "axis": "x", "origin": [11, 5.93153, 9.8253]},
			"faces": {
				"north": {"uv": [0, 0, 2, 1], "texture": "#1"},
				"east": {"uv": [0, 0, 2, 1], "texture": "#1"},
				"south": {"uv": [0, 0, 2, 1], "texture": "#1"},
				"west": {"uv": [0, 0, 2, 1], "texture": "#1"},
				"up": {"uv": [0, 0, 2, 2], "rotation": 90, "texture": "#1"},
				"down": {"uv": [0, 0, 2, 2], "rotation": 270, "texture": "#1"}
			}
		},
		{
			"from": [2.645, 6.25, 10.5325],
			"to": [2.845, 6.65, 10.9325],
			"rotation": {"angle": -22.5, "axis": "y", "origin": [3.25, 4.39, 11.8075]},
			"faces": {
				"north": {"uv": [15, 15, 15.2, 15.4], "texture": "#2"},
				"east": {"uv": [15, 15, 15.4, 15.4], "texture": "#2"},
				"south": {"uv": [15, 15, 15.2, 15.4], "texture": "#2"},
				"west": {"uv": [15, 15, 15.4, 15.4], "texture": "#2"},
				"up": {"uv": [15, 15, 15.4, 15.2], "rotation": 90, "texture": "#2"},
				"down": {"uv": [15, 15, 15.4, 15.2], "rotation": 270, "texture": "#2"}
			}
		},
		{
			"from": [0.2825, 1, 9.2325],
			"to": [3.2825, 5, 12.2325],
			"rotation": {"angle": -22.5, "axis": "y", "origin": [3.25, 4.39, 11.8075]},
			"faces": {
				"north": {"uv": [0, 0, 3, 4], "texture": "#8"},
				"east": {"uv": [0, 0, 3, 4], "texture": "#8"},
				"south": {"uv": [0, 0, 3, 4], "texture": "#8"},
				"west": {"uv": [0, 0, 3, 4], "texture": "#8"},
				"up": {"uv": [0, 0, 3, 3], "rotation": 90, "texture": "#8"},
				"down": {"uv": [0, 0, 3, 3], "rotation": 270, "texture": "#8"}
			}
		},
		{
			"from": [0.2825, 0, 9.2325],
			"to": [3.2825, 1, 12.2325],
			"rotation": {"angle": -22.5, "axis": "y", "origin": [3.25, 4.39, 11.8075]},
			"faces": {
				"north": {"uv": [0, 0, 3, 1], "texture": "#1"},
				"east": {"uv": [0, 0, 3, 1], "texture": "#1"},
				"south": {"uv": [0, 0, 3, 1], "texture": "#1"},
				"west": {"uv": [0, 0, 3, 1], "texture": "#1"},
				"up": {"uv": [0, 0, 3, 3], "rotation": 90, "texture": "#1"},
				"down": {"uv": [0, 0, 3, 3], "rotation": 270, "texture": "#1"}
			}
		},
		{
			"from": [0.2825, 5, 9.2325],
			"to": [3.2825, 6, 12.2325],
			"rotation": {"angle": -22.5, "axis": "y", "origin": [3.25, 4.39, 11.8075]},
			"faces": {
				"north": {"uv": [0, 0, 3, 1], "texture": "#1"},
				"east": {"uv": [0, 0, 3, 1], "texture": "#1"},
				"south": {"uv": [0, 0, 3, 1], "texture": "#1"},
				"west": {"uv": [0, 0, 3, 1], "texture": "#1"},
				"up": {"uv": [0, 0, 3, 3], "rotation": 90, "texture": "#1"},
				"down": {"uv": [0, 0, 3, 3], "rotation": 270, "texture": "#1"}
			}
		},
		{
			"from": [0.7825, 6, 9.7325],
			"to": [2.7825, 7, 11.7325],
			"rotation": {"angle": -22.5, "axis": "y", "origin": [3.25, 4.39, 11.8075]},
			"faces": {
				"north": {"uv": [0, 0, 2, 1], "texture": "#1"},
				"east": {"uv": [0, 0, 2, 1], "texture": "#1"},
				"south": {"uv": [0, 0, 2, 1], "texture": "#1"},
				"west": {"uv": [0, 0, 2, 1], "texture": "#1"},
				"up": {"uv": [0, 0, 2, 2], "rotation": 90, "texture": "#1"},
				"down": {"uv": [0, 0, 2, 2], "rotation": 270, "texture": "#1"}
			}
		}
	],
	"display": {
		"thirdperson_righthand": {
			"translation": [0, -0.5, 0],
			"scale": [0.8, 0.8, 0.8]
		},
		"thirdperson_lefthand": {
			"translation": [0, -0.5, 0],
			"scale": [0.8, 0.8, 0.8]
		},
		"firstperson_righthand": {
			"translation": [0, 5.25, 0]
		},
		"firstperson_lefthand": {
			"translation": [0, 5.25, 0]
		},
		"ground": {
			"translation": [0, 2.75, 0],
			"scale": [0.7, 0.7, 0.7]
		},
		"gui": {
			"rotation": [35, 135, 0],
			"translation": [0, 3.25, 0],
			"scale": [1.3, 1.3, 1.3]
		},
		"head": {
			"translation": [0, 7, 0]
		},
		"fixed": {
			"rotation": [90, 0, 0],
			"translation": [0, 0, 48.5],
			"scale": [2, 2, 2]
		}
	},
	"groups": [
		{
			"name": "red",
			"origin": [0, 0, 0],
			"color": 0,
			"children": [0, 1, 2, 3, 4]
		},
		{
			"name": "green",
			"origin": [0, 0, 0],
			"color": 0,
			"children": [5, 6, 7, 8, 9]
		},
		{
			"name": "yellow",
			"origin": [0, 0, 0],
			"color": 0,
			"children": [10, 11, 12, 13, 14]
		},
		{
			"name": "black",
			"origin": [0, 0, 0],
			"color": 0,
			"children": [15, 16, 17, 18, 19]
		},
		{
			"name": "amethyst",
			"origin": [0, 0, 0],
			"color": 0,
			"children": [20, 21, 22, 23, 24]
		}
	]
}