{
	"credit": "Made with Blockbench",
	"textures": {
		"2": "block/spruce_log",
		"3": "block/birch_planks",
		"particle": "block/spruce_log"
	},
	"elements": [
		{
			"from": [-10, 1, -3.5],
			"to": [8, 2, 4.5],
			"faces": {
				"north": {"uv": [0, 0, 16, 1], "texture": "#3"},
				"east": {"uv": [0, 0, 16, 1], "texture": "#3"},
				"south": {"uv": [0, 0, 16, 1], "texture": "#3"},
				"west": {"uv": [0, 0, 16, 1], "texture": "#3"},
				"up": {"uv": [0, 1, 16, 8], "texture": "#3"},
				"down": {"uv": [0, 1, 16, 16], "texture": "#3"}
			}
		},
		{
			"from": [8, 1, -3.5],
			"to": [26, 2, 4.5],
			"faces": {
				"north": {"uv": [0, 0, 16, 1], "texture": "#3"},
				"east": {"uv": [0, 0, 16, 1], "texture": "#3"},
				"south": {"uv": [0, 0, 16, 1], "texture": "#3"},
				"west": {"uv": [0, 0, 16, 1], "texture": "#3"},
				"up": {"uv": [0, 9, 16, 16], "texture": "#3"},
				"down": {"uv": [0, 1, 16, 16], "texture": "#3"}
			}
		},
		{
			"from": [1.975, 2, -2],
			"to": [2.975, 2.1, -1],
			"faces": {
				"north": {"uv": [0, 0, 1, 0.1], "texture": "#2"},
				"east": {"uv": [0, 0, 1, 0.1], "texture": "#2"},
				"south": {"uv": [0, 0, 1, 0.1], "texture": "#2"},
				"west": {"uv": [0, 0, 1, 0.1], "texture": "#2"},
				"up": {"uv": [0, 0, 1, 1], "texture": "#2"},
				"down": {"uv": [0, 0, 1, 1], "texture": "#2"}
			}
		},
		{
			"from": [10.975, 2, -2],
			"to": [11.975, 2.1, 2],
			"faces": {
				"north": {"uv": [0, 0, 1, 0.1], "texture": "#2"},
				"east": {"uv": [0, 0, 4, 0.1], "texture": "#2"},
				"south": {"uv": [0, 0, 1, 0.1], "texture": "#2"},
				"west": {"uv": [0, 0, 4, 0.1], "texture": "#2"},
				"up": {"uv": [0, 0, 1, 4], "texture": "#2"},
				"down": {"uv": [0, 0, 1, 4], "texture": "#2"}
			}
		},
		{
			"from": [3.975, 2, -2],
			"to": [4.975, 2.1, 2],
			"faces": {
				"north": {"uv": [0, 0, 1, 0.1], "texture": "#2"},
				"east": {"uv": [0, 0, 4, 0.1], "texture": "#2"},
				"south": {"uv": [0, 0, 1, 0.1], "texture": "#2"},
				"west": {"uv": [0, 0, 4, 0.1], "texture": "#2"},
				"up": {"uv": [0, 0, 1, 4], "texture": "#2"},
				"down": {"uv": [0, 0, 1, 4], "texture": "#2"}
			}
		},
		{
			"from": [5.975, 2, -2],
			"to": [6.975, 2.1, 2],
			"faces": {
				"north": {"uv": [0, 0, 1, 0.1], "texture": "#2"},
				"east": {"uv": [0, 0, 4, 0.1], "texture": "#2"},
				"south": {"uv": [0, 0, 1, 0.1], "texture": "#2"},
				"west": {"uv": [0, 0, 4, 0.1], "texture": "#2"},
				"up": {"uv": [0, 0, 1, 4], "texture": "#2"},
				"down": {"uv": [0, 0, 1, 4], "texture": "#2"}
			}
		},
		{
			"from": [7.975, 2, -2],
			"to": [8.975, 2.1, 2],
			"faces": {
				"north": {"uv": [0, 0, 1, 0.1], "texture": "#2"},
				"east": {"uv": [0, 0, 4, 0.1], "texture": "#2"},
				"south": {"uv": [0, 0, 1, 0.1], "texture": "#2"},
				"west": {"uv": [0, 0, 4, 0.1], "texture": "#2"},
				"up": {"uv": [0, 0, 1, 4], "texture": "#2"},
				"down": {"uv": [0, 0, 1, 4], "texture": "#2"}
			}
		},
		{
			"from": [9.975, 2, 2],
			"to": [12.975, 2.1, 3],
			"faces": {
				"north": {"uv": [0, 0, 3, 0.1], "texture": "#2"},
				"east": {"uv": [0, 0, 1, 0.1], "texture": "#2"},
				"south": {"uv": [0, 0, 3, 0.1], "texture": "#2"},
				"west": {"uv": [0, 0, 1, 0.1], "texture": "#2"},
				"up": {"uv": [0, 0, 3, 1], "texture": "#2"},
				"down": {"uv": [0, 0, 3, 1], "texture": "#2"}
			}
		},
		{
			"from": [13.975, 2, 2],
			"to": [16.975, 2.1, 3],
			"faces": {
				"north": {"uv": [0, 0, 3, 0.1], "texture": "#2"},
				"east": {"uv": [0, 0, 1, 0.1], "texture": "#2"},
				"south": {"uv": [0, 0, 3, 0.1], "texture": "#2"},
				"west": {"uv": [0, 0, 1, 0.1], "texture": "#2"},
				"up": {"uv": [0, 0, 3, 1], "texture": "#2"},
				"down": {"uv": [0, 0, 3, 1], "texture": "#2"}
			}
		},
		{
			"from": [13.975, 2, 0],
			"to": [16.975, 2.1, 1],
			"faces": {
				"north": {"uv": [0, 0, 3, 0.1], "texture": "#2"},
				"east": {"uv": [0, 0, 1, 0.1], "texture": "#2"},
				"south": {"uv": [0, 0, 3, 0.1], "texture": "#2"},
				"west": {"uv": [0, 0, 1, 0.1], "texture": "#2"},
				"up": {"uv": [0, 0, 3, 1], "texture": "#2"},
				"down": {"uv": [0, 0, 3, 1], "texture": "#2"}
			}
		},
		{
			"from": [19.975, 2, 0],
			"to": [22.975, 2.1, 1],
			"rotation": {"angle": 45, "axis": "y", "origin": [19.475, 2.05, 0.5]},
			"faces": {
				"north": {"uv": [0, 0, 3, 0.1], "texture": "#2"},
				"east": {"uv": [0, 0, 1, 0.1], "texture": "#2"},
				"south": {"uv": [0, 0, 3, 0.1], "texture": "#2"},
				"west": {"uv": [0, 0, 1, 0.1], "texture": "#2"},
				"up": {"uv": [0, 0, 3, 1], "texture": "#2"},
				"down": {"uv": [0, 0, 3, 1], "texture": "#2"}
			}
		},
		{
			"from": [21.11421, 1.999, -1.41421],
			"to": [22.11421, 2.099, 3.58579],
			"rotation": {"angle": 0, "axis": "y", "origin": [20.88921, 2.05, -0.91421]},
			"faces": {
				"north": {"uv": [0, 0, 1, 0.1], "texture": "#2"},
				"east": {"uv": [0, 0, 5, 0.1], "texture": "#2"},
				"south": {"uv": [0, 0, 1, 0.1], "texture": "#2"},
				"west": {"uv": [0, 0, 5, 0.1], "texture": "#2"},
				"up": {"uv": [0, 0, 5, 1], "rotation": 270, "texture": "#2"},
				"down": {"uv": [0, 0, 5, 1], "rotation": 90, "texture": "#2"}
			}
		},
		{
			"from": [21.38921, 2, -0.41421],
			"to": [22.38921, 2.1, 1.58579],
			"rotation": {"angle": 45, "axis": "y", "origin": [20.88921, 2.05, -0.91421]},
			"faces": {
				"north": {"uv": [0, 0, 1, 0.1], "texture": "#2"},
				"east": {"uv": [0, 0, 2, 0.1], "texture": "#2"},
				"south": {"uv": [0, 0, 1, 0.1], "texture": "#2"},
				"west": {"uv": [0, 0, 2, 0.1], "texture": "#2"},
				"up": {"uv": [0, 0, 2, 1], "rotation": 270, "texture": "#2"},
				"down": {"uv": [0, 0, 2, 1], "rotation": 90, "texture": "#2"}
			}
		},
		{
			"from": [-6.08921, 1.999, -1.41421],
			"to": [-5.08921, 2.099, 3.58579],
			"rotation": {"angle": 0, "axis": "y", "origin": [-4.88921, 2.05, -0.91421]},
			"faces": {
				"north": {"uv": [1, 0, 2, 0.1], "texture": "#2"},
				"east": {"uv": [5, 0, 10, 0.1], "texture": "#2"},
				"south": {"uv": [1, 0, 2, 0.1], "texture": "#2"},
				"west": {"uv": [5, 0, 10, 0.1], "texture": "#2"},
				"up": {"uv": [0, 1, 5, 2], "rotation": 270, "texture": "#2"},
				"down": {"uv": [0, 1, 5, 2], "rotation": 90, "texture": "#2"}
			}
		},
		{
			"from": [-6.975, 2, 0],
			"to": [-3.975, 2.1, 1],
			"rotation": {"angle": -45, "axis": "y", "origin": [-3.475, 2.05, 0.5]},
			"faces": {
				"north": {"uv": [3, 0, 0, 0.1], "texture": "#2"},
				"east": {"uv": [1, 0, 0, 0.1], "texture": "#2"},
				"south": {"uv": [3, 0, 0, 0.1], "texture": "#2"},
				"west": {"uv": [1, 0, 0, 0.1], "texture": "#2"},
				"up": {"uv": [3, 0, 0, 1], "texture": "#2"},
				"down": {"uv": [3, 0, 0, 1], "texture": "#2"}
			}
		},
		{
			"from": [-6.38921, 2, -0.41421],
			"to": [-5.38921, 2.1, 1.58579],
			"rotation": {"angle": -45, "axis": "y", "origin": [-4.88921, 2.05, -0.91421]},
			"faces": {
				"north": {"uv": [1, 0, 0, 0.1], "texture": "#2"},
				"east": {"uv": [2, 0, 0, 0.1], "texture": "#2"},
				"south": {"uv": [1, 0, 0, 0.1], "texture": "#2"},
				"west": {"uv": [2, 0, 0, 0.1], "texture": "#2"},
				"up": {"uv": [0, 1, 2, 0], "rotation": 270, "texture": "#2"},
				"down": {"uv": [0, 1, 2, 0], "rotation": 90, "texture": "#2"}
			}
		},
		{
			"from": [13.975, 2, -2],
			"to": [16.975, 2.1, -1],
			"faces": {
				"north": {"uv": [0, 0, 3, 0.1], "texture": "#2"},
				"east": {"uv": [0, 0, 1, 0.1], "texture": "#2"},
				"south": {"uv": [0, 0, 3, 0.1], "texture": "#2"},
				"west": {"uv": [0, 0, 1, 0.1], "texture": "#2"},
				"up": {"uv": [0, 0, 3, 1], "texture": "#2"},
				"down": {"uv": [0, 0, 3, 1], "texture": "#2"}
			}
		},
		{
			"from": [-1.025, 2, -2],
			"to": [-0.025, 2.1, 2],
			"faces": {
				"north": {"uv": [0, 0, 1, 0.1], "texture": "#2"},
				"east": {"uv": [0, 0, 4, 0.1], "texture": "#2"},
				"south": {"uv": [0, 0, 1, 0.1], "texture": "#2"},
				"west": {"uv": [0, 0, 4, 0.1], "texture": "#2"},
				"up": {"uv": [0, 0, 1, 4], "texture": "#2"},
				"down": {"uv": [0, 0, 1, 4], "texture": "#2"}
			}
		},
		{
			"from": [-2.025, 2, 2],
			"to": [0.975, 2.1, 3],
			"faces": {
				"north": {"uv": [0, 0, 3, 0.1], "texture": "#2"},
				"east": {"uv": [0, 0, 1, 0.1], "texture": "#2"},
				"south": {"uv": [0, 0, 3, 0.1], "texture": "#2"},
				"west": {"uv": [0, 0, 1, 0.1], "texture": "#2"},
				"up": {"uv": [0, 0, 3, 1], "texture": "#2"},
				"down": {"uv": [0, 0, 3, 1], "texture": "#2"}
			}
		},
		{
			"from": [1.975, 2, 2],
			"to": [4.975, 2.1, 3],
			"faces": {
				"north": {"uv": [0, 0, 3, 0.1], "texture": "#2"},
				"east": {"uv": [0, 0, 1, 0.1], "texture": "#2"},
				"south": {"uv": [0, 0, 3, 0.1], "texture": "#2"},
				"west": {"uv": [0, 0, 1, 0.1], "texture": "#2"},
				"up": {"uv": [0, 0, 3, 1], "texture": "#2"},
				"down": {"uv": [0, 0, 3, 1], "texture": "#2"}
			}
		},
		{
			"from": [5.975, 2, 2],
			"to": [8.975, 2.1, 3],
			"faces": {
				"north": {"uv": [0, 0, 3, 0.1], "texture": "#2"},
				"east": {"uv": [0, 0, 1, 0.1], "texture": "#2"},
				"south": {"uv": [0, 0, 3, 0.1], "texture": "#2"},
				"west": {"uv": [0, 0, 1, 0.1], "texture": "#2"},
				"up": {"uv": [0, 0, 3, 1], "texture": "#2"},
				"down": {"uv": [0, 0, 3, 1], "texture": "#2"}
			}
		},
		{
			"from": [1.975, 2, 0],
			"to": [3.975, 2.1, 1],
			"faces": {
				"north": {"uv": [0, 0, 2, 0.1], "texture": "#2"},
				"east": {"uv": [0, 0, 1, 0.1], "texture": "#2"},
				"south": {"uv": [0, 0, 2, 0.1], "texture": "#2"},
				"west": {"uv": [0, 0, 1, 0.1], "texture": "#2"},
				"up": {"uv": [0, 0, 2, 1], "texture": "#2"},
				"down": {"uv": [0, 0, 2, 1], "texture": "#2"}
			}
		},
		{
			"from": [1.975, 2, 1],
			"to": [2.975, 2.1, 2],
			"faces": {
				"north": {"uv": [0, 0, 1, 0.1], "texture": "#2"},
				"east": {"uv": [0, 0, 1, 0.1], "texture": "#2"},
				"south": {"uv": [0, 0, 1, 0.1], "texture": "#2"},
				"west": {"uv": [0, 0, 1, 0.1], "texture": "#2"},
				"up": {"uv": [0, 0, 1, 1], "texture": "#2"},
				"down": {"uv": [0, 0, 1, 1], "texture": "#2"}
			}
		},
		{
			"from": [2.975, 2, -1],
			"to": [3.975, 2.1, 0],
			"faces": {
				"north": {"uv": [0, 0, 1, 0.1], "texture": "#2"},
				"east": {"uv": [0, 0, 1, 0.1], "texture": "#2"},
				"south": {"uv": [0, 0, 1, 0.1], "texture": "#2"},
				"west": {"uv": [0, 0, 1, 0.1], "texture": "#2"},
				"up": {"uv": [0, 0, 1, 1], "texture": "#2"},
				"down": {"uv": [0, 0, 1, 1], "texture": "#2"}
			}
		},
		{
			"from": [6.975, 2, 0],
			"to": [7.975, 2.1, 1],
			"faces": {
				"north": {"uv": [0, 0, 1, 0.1], "texture": "#2"},
				"east": {"uv": [0, 0, 1, 0.1], "texture": "#2"},
				"south": {"uv": [0, 0, 1, 0.1], "texture": "#2"},
				"west": {"uv": [0, 0, 1, 0.1], "texture": "#2"},
				"up": {"uv": [0, 0, 1, 1], "texture": "#2"},
				"down": {"uv": [0, 0, 1, 1], "texture": "#2"}
			}
		},
		{
			"from": [13.975, 2, -1],
			"to": [14.975, 2.1, 0],
			"faces": {
				"north": {"uv": [0, 0, 1, 0.1], "texture": "#2"},
				"east": {"uv": [0, 0, 1, 0.1], "texture": "#2"},
				"south": {"uv": [0, 0, 1, 0.1], "texture": "#2"},
				"west": {"uv": [0, 0, 1, 0.1], "texture": "#2"},
				"up": {"uv": [0, 0, 1, 1], "texture": "#2"},
				"down": {"uv": [0, 0, 1, 1], "texture": "#2"}
			}
		},
		{
			"from": [15.975, 2, 1],
			"to": [16.975, 2.1, 2],
			"faces": {
				"north": {"uv": [0, 0, 1, 0.1], "texture": "#2"},
				"east": {"uv": [0, 0, 1, 0.1], "texture": "#2"},
				"south": {"uv": [0, 0, 1, 0.1], "texture": "#2"},
				"west": {"uv": [0, 0, 1, 0.1], "texture": "#2"},
				"up": {"uv": [4, 5, 5, 6], "texture": "#2"},
				"down": {"uv": [0, 0, 1, 1], "texture": "#2"}
			}
		},
		{
			"from": [-3.83232, 1.11768, 4],
			"to": [-3.63232, 1.91768, 10],
			"rotation": {"angle": -45, "axis": "z", "origin": [-3.73232, 1.51768, 7]},
			"faces": {
				"north": {"uv": [0, 0, 0.2, 0.8], "texture": "#2"},
				"east": {"uv": [0, 0, 6, 0.8], "texture": "#2"},
				"south": {"uv": [0, 0, 0.2, 0.8], "texture": "#2"},
				"west": {"uv": [0, 0, 6, 0.8], "texture": "#2"},
				"up": {"uv": [0, 0, 0.2, 6], "rotation": 180, "texture": "#2"},
				"down": {"uv": [0, 0, 0.2, 6], "rotation": 180, "texture": "#2"}
			}
		},
		{
			"from": [-3.825, 1.1, 4],
			"to": [-3.625, 1.9, 10],
			"rotation": {"angle": 45, "axis": "z", "origin": [-3.75, 1.5, 7]},
			"faces": {
				"north": {"uv": [0, 0, 0.2, 0.8], "texture": "#2"},
				"east": {"uv": [0, 0, 6, 0.8], "texture": "#2"},
				"south": {"uv": [0, 0, 0.2, 0.8], "texture": "#2"},
				"west": {"uv": [0, 0, 6, 0.8], "texture": "#2"},
				"up": {"uv": [0, 0, 0.2, 6], "texture": "#2"},
				"down": {"uv": [0, 0, 0.2, 6], "texture": "#2"}
			}
		},
		{
			"from": [19.63232, 1.11768, 4],
			"to": [19.83232, 1.91768, 10],
			"rotation": {"angle": 45, "axis": "z", "origin": [19.73232, 1.51768, 7]},
			"faces": {
				"north": {"uv": [0.2, 0, 0, 0.8], "texture": "#2"},
				"east": {"uv": [6, 0, 0, 0.8], "texture": "#2"},
				"south": {"uv": [0.2, 0, 0, 0.8], "texture": "#2"},
				"west": {"uv": [6, 0, 0, 0.8], "texture": "#2"},
				"up": {"uv": [0.2, 0, 0, 6], "rotation": 180, "texture": "#2"},
				"down": {"uv": [0.2, 0, 0, 6], "rotation": 180, "texture": "#2"}
			}
		},
		{
			"from": [19.625, 1.1, 4],
			"to": [19.825, 1.9, 10],
			"rotation": {"angle": -45, "axis": "z", "origin": [19.75, 1.5, 7]},
			"faces": {
				"north": {"uv": [0.2, 0, 0, 0.8], "texture": "#2"},
				"east": {"uv": [6, 0, 0, 0.8], "texture": "#2"},
				"south": {"uv": [0.2, 0, 0, 0.8], "texture": "#2"},
				"west": {"uv": [6, 0, 0, 0.8], "texture": "#2"},
				"up": {"uv": [0.2, 0, 0, 6], "texture": "#2"},
				"down": {"uv": [0.2, 0, 0, 6], "texture": "#2"}
			}
		}
	],
	"display": {
		"thirdperson_righthand": {
			"translation": [0, 7.5, 3]
		},
		"gui": {
			"rotation": [120, -180, 29],
			"translation": [1.25, 1, 0],
			"scale": [0.45, 0.45, 0.45]
		},
		"fixed": {
			"rotation": [90, -180, -180],
			"translation": [0, -20, -5.25],
			"scale": [2, 2, 2]
		}
	},
	"groups": [
		0,
		1,
		{
			"name": "group",
			"origin": [0, 0, 0],
			"color": 0,
			"nbt": "{}",
			"armAnimationEnabled": false,
			"children": [2, 3, 4, 5, 6, 7, 8, 9, 10, 11, 12, 13, 14, 15, 16, 17, 18, 19, 20, 21, 22, 23, 24, 25, 26]
		},
		{
			"name": "group",
			"origin": [-3.75, 1.5, 7],
			"color": 0,
			"nbt": "{}",
			"armAnimationEnabled": false,
			"children": [27, 28]
		},
		{
			"name": "group",
			"origin": [-3.75, 1.5, 7],
			"color": 0,
			"nbt": "{}",
			"armAnimationEnabled": false,
			"children": [29, 30]
		}
	]
}