{
	"credit": "Made with Blockbench",
	"textures": {
		"2": "block/spruce_log",
		"3": "block/birch_planks",
		"particle": "block/spruce_log"
	},
	"elements": [
		{
			"from": [-10, 1, -3.5],
			"to": [8, 2, 4.5],
			"faces": {
				"north": {"uv": [0, 0, 16, 1], "texture": "#3"},
				"east": {"uv": [0, 0, 16, 1], "texture": "#3"},
				"south": {"uv": [0, 0, 16, 1], "texture": "#3"},
				"west": {"uv": [0, 0, 16, 1], "texture": "#3"},
				"up": {"uv": [0, 1, 16, 8], "texture": "#3"},
				"down": {"uv": [0, 1, 16, 16], "texture": "#3"}
			}
		},
		{
			"from": [8, 1, -3.5],
			"to": [26, 2, 4.5],
			"faces": {
				"north": {"uv": [0, 0, 16, 1], "texture": "#3"},
				"east": {"uv": [0, 0, 16, 1], "texture": "#3"},
				"south": {"uv": [0, 0, 16, 1], "texture": "#3"},
				"west": {"uv": [0, 0, 16, 1], "texture": "#3"},
				"up": {"uv": [0, 9, 16, 16], "texture": "#3"},
				"down": {"uv": [0, 1, 16, 16], "texture": "#3"}
			}
		},
		{
			"from": [17.475, 2, -2],
			"to": [18.475, 2.1, -1],
			"faces": {
				"north": {"uv": [0, 0, 1, 0.1], "texture": "#2"},
				"east": {"uv": [0, 0, 1, 0.1], "texture": "#2"},
				"south": {"uv": [0, 0, 1, 0.1], "texture": "#2"},
				"west": {"uv": [0, 0, 1, 0.1], "texture": "#2"},
				"up": {"uv": [0, 0, 1, 1], "texture": "#2"},
				"down": {"uv": [0, 0, 1, 1], "texture": "#2"}
			}
		},
		{
			"from": [5.475, 2, -1],
			"to": [6.475, 2.1, 1],
			"faces": {
				"north": {"uv": [0, 0, 1, 0.1], "texture": "#2"},
				"east": {"uv": [0, 0, 2, 0.1], "texture": "#2"},
				"south": {"uv": [0, 0, 1, 0.1], "texture": "#2"},
				"west": {"uv": [0, 0, 2, 0.1], "texture": "#2"},
				"up": {"uv": [0, 0, 1, 2], "texture": "#2"},
				"down": {"uv": [0, 0, 1, 2], "texture": "#2"}
			}
		},
		{
			"from": [0.475, 2, -2],
			"to": [3.475, 2.1, -1],
			"faces": {
				"north": {"uv": [0, 0, 3, 0.1], "texture": "#2"},
				"east": {"uv": [0, 0, 1, 0.1], "texture": "#2"},
				"south": {"uv": [0, 0, 3, 0.1], "texture": "#2"},
				"west": {"uv": [0, 0, 1, 0.1], "texture": "#2"},
				"up": {"uv": [0, 0, 3, 1], "texture": "#2"},
				"down": {"uv": [0, 0, 3, 1], "texture": "#2"}
			}
		},
		{
			"from": [0.475, 2, 2],
			"to": [3.475, 2.1, 3],
			"faces": {
				"north": {"uv": [0, 0, 3, 0.1], "texture": "#2"},
				"east": {"uv": [0, 0, 1, 0.1], "texture": "#2"},
				"south": {"uv": [0, 0, 3, 0.1], "texture": "#2"},
				"west": {"uv": [0, 0, 1, 0.1], "texture": "#2"},
				"up": {"uv": [0, 0, 3, 1], "texture": "#2"},
				"down": {"uv": [0, 0, 3, 1], "texture": "#2"}
			}
		},
		{
			"from": [1.475, 2, -1],
			"to": [2.475, 2.1, 2],
			"faces": {
				"north": {"uv": [0, 0, 1, 0.1], "texture": "#2"},
				"east": {"uv": [0, 0, 3, 0.1], "texture": "#2"},
				"south": {"uv": [0, 0, 1, 0.1], "texture": "#2"},
				"west": {"uv": [0, 0, 3, 0.1], "texture": "#2"},
				"up": {"uv": [0, 0, 1, 3], "texture": "#2"},
				"down": {"uv": [0, 0, 1, 3], "texture": "#2"}
			}
		},
		{
			"from": [-1.525, 2, -2],
			"to": [-0.525, 2.1, 3],
			"faces": {
				"north": {"uv": [0, 0, 1, 0.1], "texture": "#2"},
				"east": {"uv": [0, 0, 5, 0.1], "texture": "#2"},
				"south": {"uv": [0, 0, 1, 0.1], "texture": "#2"},
				"west": {"uv": [0, 0, 5, 0.1], "texture": "#2"},
				"up": {"uv": [0, 0, 1, 5], "texture": "#2"},
				"down": {"uv": [0, 0, 1, 5], "texture": "#2"}
			}
		},
		{
			"from": [-2.525, 2, 1],
			"to": [-1.525, 2.1, 2],
			"faces": {
				"north": {"uv": [0, 0, 1, 0.1], "texture": "#2"},
				"east": {"uv": [0, 0, 1, 0.1], "texture": "#2"},
				"south": {"uv": [0, 0, 1, 0.1], "texture": "#2"},
				"west": {"uv": [0, 0, 1, 0.1], "texture": "#2"},
				"up": {"uv": [0, 0, 1, 1], "texture": "#2"},
				"down": {"uv": [0, 0, 1, 1], "texture": "#2"}
			}
		},
		{
			"from": [-7.525, 2, -2],
			"to": [-6.525, 2.1, -1],
			"faces": {
				"north": {"uv": [0, 0, 1, 0.1], "texture": "#2"},
				"east": {"uv": [0, 0, 1, 0.1], "texture": "#2"},
				"south": {"uv": [0, 0, 1, 0.1], "texture": "#2"},
				"west": {"uv": [0, 0, 1, 0.1], "texture": "#2"},
				"up": {"uv": [0, 0, 1, 1], "texture": "#2"},
				"down": {"uv": [0, 0, 1, 1], "texture": "#2"}
			}
		},
		{
			"from": [-3.525, 2, -1],
			"to": [-2.525, 2.1, 1],
			"faces": {
				"north": {"uv": [0, 0, 1, 0.1], "texture": "#2"},
				"east": {"uv": [0, 0, 2, 0.1], "texture": "#2"},
				"south": {"uv": [0, 0, 1, 0.1], "texture": "#2"},
				"west": {"uv": [0, 0, 2, 0.1], "texture": "#2"},
				"up": {"uv": [0, 0, 1, 2], "texture": "#2"},
				"down": {"uv": [0, 0, 1, 2], "texture": "#2"}
			}
		},
		{
			"from": [-8.525, 2, -2],
			"to": [-7.525, 2.1, 0],
			"faces": {
				"north": {"uv": [0, 0, 1, 0.1], "texture": "#2"},
				"east": {"uv": [0, 0, 2, 0.1], "texture": "#2"},
				"south": {"uv": [0, 0, 1, 0.1], "texture": "#2"},
				"west": {"uv": [0, 0, 2, 0.1], "texture": "#2"},
				"up": {"uv": [0, 0, 1, 2], "texture": "#2"},
				"down": {"uv": [0, 0, 1, 2], "texture": "#2"}
			}
		},
		{
			"from": [-4.525, 2, -2],
			"to": [-3.525, 2.1, 3],
			"faces": {
				"north": {"uv": [0, 0, 1, 0.1], "texture": "#2"},
				"east": {"uv": [0, 0, 5, 0.1], "texture": "#2"},
				"south": {"uv": [0, 0, 1, 0.1], "texture": "#2"},
				"west": {"uv": [0, 0, 5, 0.1], "texture": "#2"},
				"up": {"uv": [0, 0, 1, 5], "texture": "#2"},
				"down": {"uv": [0, 0, 1, 5], "texture": "#2"}
			}
		},
		{
			"from": [-6.525, 2, -2],
			"to": [-5.525, 2.1, 3],
			"faces": {
				"north": {"uv": [0, 0, 1, 0.1], "texture": "#2"},
				"east": {"uv": [0, 0, 5, 0.1], "texture": "#2"},
				"south": {"uv": [0, 0, 1, 0.1], "texture": "#2"},
				"west": {"uv": [0, 0, 5, 0.1], "texture": "#2"},
				"up": {"uv": [0, 0, 1, 5], "texture": "#2"},
				"down": {"uv": [0, 0, 1, 5], "texture": "#2"}
			}
		},
		{
			"from": [-8.525, 2, 2],
			"to": [-6.525, 2.1, 3],
			"faces": {
				"north": {"uv": [0, 0, 2, 0.1], "texture": "#2"},
				"east": {"uv": [0, 0, 1, 0.1], "texture": "#2"},
				"south": {"uv": [0, 0, 2, 0.1], "texture": "#2"},
				"west": {"uv": [0, 0, 1, 0.1], "texture": "#2"},
				"up": {"uv": [0, 0, 2, 1], "texture": "#2"},
				"down": {"uv": [0, 0, 2, 1], "texture": "#2"}
			}
		},
		{
			"from": [22.475, 2, -2],
			"to": [23.475, 2.1, 2],
			"faces": {
				"north": {"uv": [0, 0, 1, 0.1], "texture": "#2"},
				"east": {"uv": [0, 0, 4, 0.1], "texture": "#2"},
				"south": {"uv": [0, 0, 1, 0.1], "texture": "#2"},
				"west": {"uv": [0, 0, 4, 0.1], "texture": "#2"},
				"up": {"uv": [0, 0, 1, 4], "texture": "#2"},
				"down": {"uv": [0, 0, 1, 4], "texture": "#2"}
			}
		},
		{
			"from": [19.475, 2, -2],
			"to": [20.475, 2.1, 2],
			"faces": {
				"north": {"uv": [0, 0, 1, 0.1], "texture": "#2"},
				"east": {"uv": [0, 0, 4, 0.1], "texture": "#2"},
				"south": {"uv": [0, 0, 1, 0.1], "texture": "#2"},
				"west": {"uv": [0, 0, 4, 0.1], "texture": "#2"},
				"up": {"uv": [0, 0, 1, 4], "texture": "#2"},
				"down": {"uv": [0, 0, 1, 4], "texture": "#2"}
			}
		},
		{
			"from": [13.475, 2, -2],
			"to": [14.475, 2.1, 2],
			"faces": {
				"north": {"uv": [0, 0, 1, 0.1], "texture": "#2"},
				"east": {"uv": [0, 0, 4, 0.1], "texture": "#2"},
				"south": {"uv": [0, 0, 1, 0.1], "texture": "#2"},
				"west": {"uv": [0, 0, 4, 0.1], "texture": "#2"},
				"up": {"uv": [0, 0, 1, 4], "texture": "#2"},
				"down": {"uv": [0, 0, 1, 4], "texture": "#2"}
			}
		},
		{
			"from": [7.475, 2, -2],
			"to": [8.475, 2.1, 3],
			"faces": {
				"north": {"uv": [0, 0, 1, 0.1], "texture": "#2"},
				"east": {"uv": [0, 0, 5, 0.1], "texture": "#2"},
				"south": {"uv": [0, 0, 1, 0.1], "texture": "#2"},
				"west": {"uv": [0, 0, 5, 0.1], "texture": "#2"},
				"up": {"uv": [0, 0, 1, 5], "texture": "#2"},
				"down": {"uv": [0, 0, 1, 5], "texture": "#2"}
			}
		},
		{
			"from": [4.475, 2, -2],
			"to": [5.475, 2.1, 3],
			"faces": {
				"north": {"uv": [0, 0, 1, 0.1], "texture": "#2"},
				"east": {"uv": [0, 0, 5, 0.1], "texture": "#2"},
				"south": {"uv": [0, 0, 1, 0.1], "texture": "#2"},
				"west": {"uv": [0, 0, 5, 0.1], "texture": "#2"},
				"up": {"uv": [0, 0, 1, 5], "texture": "#2"},
				"down": {"uv": [0, 0, 1, 5], "texture": "#2"}
			}
		},
		{
			"from": [10.475, 2, -1],
			"to": [11.475, 2.1, 2],
			"faces": {
				"north": {"uv": [0, 0, 1, 0.1], "texture": "#2"},
				"east": {"uv": [0, 0, 3, 0.1], "texture": "#2"},
				"south": {"uv": [0, 0, 1, 0.1], "texture": "#2"},
				"west": {"uv": [0, 0, 3, 0.1], "texture": "#2"},
				"up": {"uv": [0, 0, 1, 3], "texture": "#2"},
				"down": {"uv": [0, 0, 1, 3], "texture": "#2"}
			}
		},
		{
			"from": [15.475, 2, -2],
			"to": [16.475, 2.1, 2],
			"faces": {
				"north": {"uv": [0, 0, 1, 0.1], "texture": "#2"},
				"east": {"uv": [0, 0, 4, 0.1], "texture": "#2"},
				"south": {"uv": [0, 0, 1, 0.1], "texture": "#2"},
				"west": {"uv": [0, 0, 4, 0.1], "texture": "#2"},
				"up": {"uv": [0, 0, 1, 4], "texture": "#2"},
				"down": {"uv": [0, 0, 1, 4], "texture": "#2"}
			}
		},
		{
			"from": [21.475, 2, 2],
			"to": [24.475, 2.1, 3],
			"faces": {
				"north": {"uv": [0, 0, 3, 0.1], "texture": "#2"},
				"east": {"uv": [0, 0, 1, 0.1], "texture": "#2"},
				"south": {"uv": [0, 0, 3, 0.1], "texture": "#2"},
				"west": {"uv": [0, 0, 1, 0.1], "texture": "#2"},
				"up": {"uv": [0, 0, 3, 1], "texture": "#2"},
				"down": {"uv": [0, 0, 3, 1], "texture": "#2"}
			}
		},
		{
			"from": [17.475, 2, 2],
			"to": [20.475, 2.1, 3],
			"faces": {
				"north": {"uv": [0, 0, 3, 0.1], "texture": "#2"},
				"east": {"uv": [0, 0, 1, 0.1], "texture": "#2"},
				"south": {"uv": [0, 0, 3, 0.1], "texture": "#2"},
				"west": {"uv": [0, 0, 1, 0.1], "texture": "#2"},
				"up": {"uv": [0, 0, 3, 1], "texture": "#2"},
				"down": {"uv": [0, 0, 3, 1], "texture": "#2"}
			}
		},
		{
			"from": [13.475, 2, 2],
			"to": [16.475, 2.1, 3],
			"faces": {
				"north": {"uv": [0, 0, 3, 0.1], "texture": "#2"},
				"east": {"uv": [0, 0, 1, 0.1], "texture": "#2"},
				"south": {"uv": [0, 0, 3, 0.1], "texture": "#2"},
				"west": {"uv": [0, 0, 1, 0.1], "texture": "#2"},
				"up": {"uv": [0, 0, 3, 1], "texture": "#2"},
				"down": {"uv": [0, 0, 3, 1], "texture": "#2"}
			}
		},
		{
			"from": [9.475, 2, 2],
			"to": [12.475, 2.1, 3],
			"faces": {
				"north": {"uv": [0, 0, 3, 0.1], "texture": "#2"},
				"east": {"uv": [0, 0, 1, 0.1], "texture": "#2"},
				"south": {"uv": [0, 0, 3, 0.1], "texture": "#2"},
				"west": {"uv": [0, 0, 1, 0.1], "texture": "#2"},
				"up": {"uv": [0, 0, 3, 1], "texture": "#2"},
				"down": {"uv": [0, 0, 3, 1], "texture": "#2"}
			}
		},
		{
			"from": [9.475, 2, -2],
			"to": [12.475, 2.1, -1],
			"faces": {
				"north": {"uv": [0, 0, 3, 0.1], "texture": "#2"},
				"east": {"uv": [0, 0, 1, 0.1], "texture": "#2"},
				"south": {"uv": [0, 0, 3, 0.1], "texture": "#2"},
				"west": {"uv": [0, 0, 1, 0.1], "texture": "#2"},
				"up": {"uv": [0, 0, 3, 1], "texture": "#2"},
				"down": {"uv": [0, 0, 3, 1], "texture": "#2"}
			}
		},
		{
			"from": [17.475, 2, 0],
			"to": [19.475, 2.1, 1],
			"faces": {
				"north": {"uv": [0, 0, 2, 0.1], "texture": "#2"},
				"east": {"uv": [0, 0, 1, 0.1], "texture": "#2"},
				"south": {"uv": [0, 0, 2, 0.1], "texture": "#2"},
				"west": {"uv": [0, 0, 1, 0.1], "texture": "#2"},
				"up": {"uv": [0, 0, 2, 1], "texture": "#2"},
				"down": {"uv": [0, 0, 2, 1], "texture": "#2"}
			}
		},
		{
			"from": [17.475, 2, 1],
			"to": [18.475, 2.1, 2],
			"faces": {
				"north": {"uv": [0, 0, 1, 0.1], "texture": "#2"},
				"east": {"uv": [0, 0, 1, 0.1], "texture": "#2"},
				"south": {"uv": [0, 0, 1, 0.1], "texture": "#2"},
				"west": {"uv": [0, 0, 1, 0.1], "texture": "#2"},
				"up": {"uv": [0, 0, 1, 1], "texture": "#2"},
				"down": {"uv": [0, 0, 1, 1], "texture": "#2"}
			}
		},
		{
			"from": [18.475, 2, -1],
			"to": [19.475, 2.1, 0],
			"faces": {
				"north": {"uv": [0, 0, 1, 0.1], "texture": "#2"},
				"east": {"uv": [0, 0, 1, 0.1], "texture": "#2"},
				"south": {"uv": [0, 0, 1, 0.1], "texture": "#2"},
				"west": {"uv": [0, 0, 1, 0.1], "texture": "#2"},
				"up": {"uv": [0, 0, 1, 1], "texture": "#2"},
				"down": {"uv": [0, 0, 1, 1], "texture": "#2"}
			}
		},
		{
			"from": [14.475, 2, 0],
			"to": [15.475, 2.1, 1],
			"faces": {
				"north": {"uv": [0, 0, 1, 0.1], "texture": "#2"},
				"east": {"uv": [0, 0, 1, 0.1], "texture": "#2"},
				"south": {"uv": [0, 0, 1, 0.1], "texture": "#2"},
				"west": {"uv": [0, 0, 1, 0.1], "texture": "#2"},
				"up": {"uv": [0, 0, 1, 1], "texture": "#2"},
				"down": {"uv": [0, 0, 1, 1], "texture": "#2"}
			}
		},
		{
			"from": [6.475, 2, 1],
			"to": [7.475, 2.1, 2],
			"faces": {
				"north": {"uv": [0, 0, 1, 0.1], "texture": "#2"},
				"east": {"uv": [0, 0, 1, 0.1], "texture": "#2"},
				"south": {"uv": [0, 0, 1, 0.1], "texture": "#2"},
				"west": {"uv": [0, 0, 1, 0.1], "texture": "#2"},
				"up": {"uv": [0, 0, 1, 1], "texture": "#2"},
				"down": {"uv": [0, 0, 1, 1], "texture": "#2"}
			}
		},
		{
			"from": [-3.83232, 1.11768, 4],
			"to": [-3.63232, 1.91768, 10],
			"rotation": {"angle": -45, "axis": "z", "origin": [-3.73232, 1.51768, 7]},
			"faces": {
				"north": {"uv": [0, 0, 0.2, 0.8], "texture": "#2"},
				"east": {"uv": [0, 0, 6, 0.8], "texture": "#2"},
				"south": {"uv": [0, 0, 0.2, 0.8], "texture": "#2"},
				"west": {"uv": [0, 0, 6, 0.8], "texture": "#2"},
				"up": {"uv": [0, 0, 0.2, 6], "rotation": 180, "texture": "#2"},
				"down": {"uv": [0, 0, 0.2, 6], "rotation": 180, "texture": "#2"}
			}
		},
		{
			"from": [-3.825, 1.1, 4],
			"to": [-3.625, 1.9, 10],
			"rotation": {"angle": 45, "axis": "z", "origin": [-3.75, 1.5, 7]},
			"faces": {
				"north": {"uv": [0, 0, 0.2, 0.8], "texture": "#2"},
				"east": {"uv": [0, 0, 6, 0.8], "texture": "#2"},
				"south": {"uv": [0, 0, 0.2, 0.8], "texture": "#2"},
				"west": {"uv": [0, 0, 6, 0.8], "texture": "#2"},
				"up": {"uv": [0, 0, 0.2, 6], "texture": "#2"},
				"down": {"uv": [0, 0, 0.2, 6], "texture": "#2"}
			}
		},
		{
			"from": [19.63232, 1.11768, 4],
			"to": [19.83232, 1.91768, 10],
			"rotation": {"angle": 45, "axis": "z", "origin": [19.73232, 1.51768, 7]},
			"faces": {
				"north": {"uv": [0.2, 0, 0, 0.8], "texture": "#2"},
				"east": {"uv": [6, 0, 0, 0.8], "texture": "#2"},
				"south": {"uv": [0.2, 0, 0, 0.8], "texture": "#2"},
				"west": {"uv": [6, 0, 0, 0.8], "texture": "#2"},
				"up": {"uv": [0.2, 0, 0, 6], "rotation": 180, "texture": "#2"},
				"down": {"uv": [0.2, 0, 0, 6], "rotation": 180, "texture": "#2"}
			}
		},
		{
			"from": [19.625, 1.1, 4],
			"to": [19.825, 1.9, 10],
			"rotation": {"angle": -45, "axis": "z", "origin": [19.75, 1.5, 7]},
			"faces": {
				"north": {"uv": [0.2, 0, 0, 0.8], "texture": "#2"},
				"east": {"uv": [6, 0, 0, 0.8], "texture": "#2"},
				"south": {"uv": [0.2, 0, 0, 0.8], "texture": "#2"},
				"west": {"uv": [6, 0, 0, 0.8], "texture": "#2"},
				"up": {"uv": [0.2, 0, 0, 6], "texture": "#2"},
				"down": {"uv": [0.2, 0, 0, 6], "texture": "#2"}
			}
		}
	],
	"display": {
		"thirdperson_righthand": {
			"translation": [0, 7.5, 3]
		},
		"gui": {
			"rotation": [120, -180, 29],
			"translation": [1.25, 1, 0],
			"scale": [0.45, 0.45, 0.45]
		},
		"fixed": {
			"rotation": [90, -180, -180],
			"translation": [0, -20, -5.25],
			"scale": [2, 2, 2]
		}
	},
	"groups": [
		0,
		1,
		{
			"name": "group",
			"origin": [0, 0, 0],
			"color": 0,
			"nbt": "{}",
			"armAnimationEnabled": false,
			"children": [2, 3, 4, 5, 6, 7, 8, 9, 10, 11, 12, 13, 14, 15, 16, 17, 18, 19, 20, 21, 22, 23, 24, 25, 26, 27, 28, 29, 30, 31]
		},
		{
			"name": "group",
			"origin": [-3.75, 1.5, 7],
			"color": 0,
			"nbt": "{}",
			"armAnimationEnabled": false,
			"children": [32, 33]
		},
		{
			"name": "group",
			"origin": [-3.75, 1.5, 7],
			"color": 0,
			"nbt": "{}",
			"armAnimationEnabled": false,
			"children": [34, 35]
		}
	]
}