{
	"credit": "Made with Blockbench",
	"textures": {
		"2": "block/spruce_log",
		"3": "block/birch_planks",
		"particle": "block/spruce_log"
	},
	"elements": [
		{
			"from": [-15, 1, 19.5],
			"to": [3, 2, 27.5],
			"rotation": {"angle": 0, "axis": "y", "origin": [0, 0, 23]},
			"faces": {
				"north": {"uv": [0, 0, 16, 1], "texture": "#3"},
				"east": {"uv": [0, 0, 16, 1], "texture": "#3"},
				"south": {"uv": [0, 0, 16, 1], "texture": "#3"},
				"west": {"uv": [0, 0, 16, 1], "texture": "#3"},
				"up": {"uv": [0, 1, 16, 8], "texture": "#3"},
				"down": {"uv": [0, 1, 16, 8], "texture": "#3"}
			}
		},
		{
			"from": [3, 1, 19.5],
			"to": [21, 2, 27.5],
			"rotation": {"angle": 0, "axis": "y", "origin": [0, 0, 23]},
			"faces": {
				"north": {"uv": [0, 0, 16, 1], "texture": "#3"},
				"east": {"uv": [0, 0, 16, 1], "texture": "#3"},
				"south": {"uv": [0, 0, 16, 1], "texture": "#3"},
				"west": {"uv": [0, 0, 16, 1], "texture": "#3"},
				"up": {"uv": [0, 9, 16, 16], "texture": "#3"},
				"down": {"uv": [0, 1, 16, 8], "texture": "#3"}
			}
		},
		{
			"from": [21, 1, 19.5],
			"to": [30, 2, 27.5],
			"rotation": {"angle": 0, "axis": "y", "origin": [0, 0, 23]},
			"faces": {
				"north": {"uv": [0, 0, 8, 1], "texture": "#3"},
				"east": {"uv": [0, 0, 8, 1], "texture": "#3"},
				"south": {"uv": [0, 0, 8, 1], "texture": "#3"},
				"west": {"uv": [0, 0, 8, 1], "texture": "#3"},
				"up": {"uv": [0, 9, 8, 16], "texture": "#3"},
				"down": {"uv": [0, 1, 8, 8], "texture": "#3"}
			}
		},
		{
			"from": [17.475, 2, 21],
			"to": [18.475, 2.1, 22],
			"rotation": {"angle": 0, "axis": "y", "origin": [0, 0, 23]},
			"faces": {
				"north": {"uv": [0, 0, 1, 0.1], "texture": "#2"},
				"east": {"uv": [0, 0, 1, 0.1], "texture": "#2"},
				"south": {"uv": [0, 0, 1, 0.1], "texture": "#2"},
				"west": {"uv": [0, 0, 1, 0.1], "texture": "#2"},
				"up": {"uv": [0, 0, 1, 1], "texture": "#2"},
				"down": {"uv": [0, 0, 1, 1], "texture": "#2"}
			}
		},
		{
			"from": [19.475, 2, 21],
			"to": [20.475, 2.1, 25],
			"rotation": {"angle": 0, "axis": "y", "origin": [0, 0, 23]},
			"faces": {
				"north": {"uv": [0, 0, 1, 0.1], "texture": "#2"},
				"east": {"uv": [0, 0, 4, 0.1], "texture": "#2"},
				"south": {"uv": [0, 0, 1, 0.1], "texture": "#2"},
				"west": {"uv": [0, 0, 4, 0.1], "texture": "#2"},
				"up": {"uv": [0, 0, 1, 4], "texture": "#2"},
				"down": {"uv": [0, 0, 1, 4], "texture": "#2"}
			}
		},
		{
			"from": [7.475, 2, 21],
			"to": [8.475, 2.1, 25],
			"rotation": {"angle": 0, "axis": "y", "origin": [0, 0, 23]},
			"faces": {
				"north": {"uv": [0, 0, 1, 0.1], "texture": "#2"},
				"east": {"uv": [0, 0, 4, 0.1], "texture": "#2"},
				"south": {"uv": [0, 0, 1, 0.1], "texture": "#2"},
				"west": {"uv": [0, 0, 4, 0.1], "texture": "#2"},
				"up": {"uv": [0, 0, 1, 4], "texture": "#2"},
				"down": {"uv": [0, 0, 1, 4], "texture": "#2"}
			}
		},
		{
			"from": [-11.525, 2, 21],
			"to": [-10.525, 2.1, 25],
			"rotation": {"angle": 0, "axis": "y", "origin": [0, 0, 23]},
			"faces": {
				"north": {"uv": [0, 0, 1, 0.1], "texture": "#2"},
				"east": {"uv": [0, 0, 4, 0.1], "texture": "#2"},
				"south": {"uv": [0, 0, 1, 0.1], "texture": "#2"},
				"west": {"uv": [0, 0, 4, 0.1], "texture": "#2"},
				"up": {"uv": [0, 0, 1, 4], "texture": "#2"},
				"down": {"uv": [0, 0, 1, 4], "texture": "#2"}
			}
		},
		{
			"from": [1.475, 2, 21],
			"to": [2.475, 2.1, 25],
			"rotation": {"angle": 0, "axis": "y", "origin": [0, 0, 23]},
			"faces": {
				"north": {"uv": [0, 0, 1, 0.1], "texture": "#2"},
				"east": {"uv": [0, 0, 4, 0.1], "texture": "#2"},
				"south": {"uv": [0, 0, 1, 0.1], "texture": "#2"},
				"west": {"uv": [0, 0, 4, 0.1], "texture": "#2"},
				"up": {"uv": [0, 0, 1, 4], "texture": "#2"},
				"down": {"uv": [0, 0, 1, 4], "texture": "#2"}
			}
		},
		{
			"from": [-0.525, 2, 22],
			"to": [0.475, 2.1, 26],
			"rotation": {"angle": 0, "axis": "y", "origin": [0, 0, 23]},
			"faces": {
				"north": {"uv": [0, 0, 1, 0.1], "texture": "#2"},
				"east": {"uv": [0, 0, 4, 0.1], "texture": "#2"},
				"south": {"uv": [0, 0, 1, 0.1], "texture": "#2"},
				"west": {"uv": [0, 0, 4, 0.1], "texture": "#2"},
				"up": {"uv": [0, 0, 1, 4], "texture": "#2"},
				"down": {"uv": [0, 0, 1, 4], "texture": "#2"}
			}
		},
		{
			"from": [9.475, 2, 21],
			"to": [10.475, 2.1, 25],
			"rotation": {"angle": 0, "axis": "y", "origin": [0, 0, 23]},
			"faces": {
				"north": {"uv": [0, 0, 1, 0.1], "texture": "#2"},
				"east": {"uv": [0, 0, 4, 0.1], "texture": "#2"},
				"south": {"uv": [0, 0, 1, 0.1], "texture": "#2"},
				"west": {"uv": [0, 0, 4, 0.1], "texture": "#2"},
				"up": {"uv": [0, 0, 1, 4], "texture": "#2"},
				"down": {"uv": [0, 0, 1, 4], "texture": "#2"}
			}
		},
		{
			"from": [21.475, 2, 21],
			"to": [24.475, 2.1, 22],
			"rotation": {"angle": 0, "axis": "y", "origin": [0, 0, 23]},
			"faces": {
				"north": {"uv": [0, 0, 3, 0.1], "texture": "#2"},
				"east": {"uv": [0, 0, 1, 0.1], "texture": "#2"},
				"south": {"uv": [0, 0, 3, 0.1], "texture": "#2"},
				"west": {"uv": [0, 0, 1, 0.1], "texture": "#2"},
				"up": {"uv": [0, 0, 3, 1], "texture": "#2"},
				"down": {"uv": [0, 0, 3, 1], "texture": "#2"}
			}
		},
		{
			"from": [26.475, 2, 21],
			"to": [27.475, 2.1, 25],
			"rotation": {"angle": 0, "axis": "y", "origin": [0, 0, 23]},
			"faces": {
				"north": {"uv": [0, 0, 1, 0.1], "texture": "#2"},
				"east": {"uv": [0, 0, 4, 0.1], "texture": "#2"},
				"south": {"uv": [0, 0, 1, 0.1], "texture": "#2"},
				"west": {"uv": [0, 0, 4, 0.1], "texture": "#2"},
				"up": {"uv": [0, 0, 1, 4], "texture": "#2"},
				"down": {"uv": [0, 0, 1, 4], "texture": "#2"}
			}
		},
		{
			"from": [25.475, 2, 25],
			"to": [28.475, 2.1, 26],
			"rotation": {"angle": 0, "axis": "y", "origin": [0, 0, 23]},
			"faces": {
				"north": {"uv": [0, 0, 3, 0.1], "texture": "#2"},
				"east": {"uv": [0, 0, 1, 0.1], "texture": "#2"},
				"south": {"uv": [0, 0, 3, 0.1], "texture": "#2"},
				"west": {"uv": [0, 0, 1, 0.1], "texture": "#2"},
				"up": {"uv": [0, 0, 3, 1], "texture": "#2"},
				"down": {"uv": [0, 0, 3, 1], "texture": "#2"}
			}
		},
		{
			"from": [17.475, 2, 25],
			"to": [20.475, 2.1, 26],
			"rotation": {"angle": 0, "axis": "y", "origin": [0, 0, 23]},
			"faces": {
				"north": {"uv": [0, 0, 3, 0.1], "texture": "#2"},
				"east": {"uv": [0, 0, 1, 0.1], "texture": "#2"},
				"south": {"uv": [0, 0, 3, 0.1], "texture": "#2"},
				"west": {"uv": [0, 0, 1, 0.1], "texture": "#2"},
				"up": {"uv": [0, 0, 3, 1], "texture": "#2"},
				"down": {"uv": [0, 0, 3, 1], "texture": "#2"}
			}
		},
		{
			"from": [7.475, 2, 25],
			"to": [10.475, 2.1, 26],
			"rotation": {"angle": 0, "axis": "y", "origin": [0, 0, 23]},
			"faces": {
				"north": {"uv": [0, 0, 3, 0.1], "texture": "#2"},
				"east": {"uv": [0, 0, 1, 0.1], "texture": "#2"},
				"south": {"uv": [0, 0, 3, 0.1], "texture": "#2"},
				"west": {"uv": [0, 0, 1, 0.1], "texture": "#2"},
				"up": {"uv": [0, 0, 3, 1], "texture": "#2"},
				"down": {"uv": [0, 0, 3, 1], "texture": "#2"}
			}
		},
		{
			"from": [17.475, 2, 23],
			"to": [19.475, 2.1, 24],
			"rotation": {"angle": 0, "axis": "y", "origin": [0, 0, 23]},
			"faces": {
				"north": {"uv": [0, 0, 2, 0.1], "texture": "#2"},
				"east": {"uv": [0, 0, 1, 0.1], "texture": "#2"},
				"south": {"uv": [0, 0, 2, 0.1], "texture": "#2"},
				"west": {"uv": [0, 0, 1, 0.1], "texture": "#2"},
				"up": {"uv": [0, 0, 2, 1], "texture": "#2"},
				"down": {"uv": [0, 0, 2, 1], "texture": "#2"}
			}
		},
		{
			"from": [0.475, 2, 25],
			"to": [2.475, 2.1, 26],
			"rotation": {"angle": 0, "axis": "y", "origin": [0, 0, 23]},
			"faces": {
				"north": {"uv": [0, 0, 2, 0.1], "texture": "#2"},
				"east": {"uv": [0, 0, 1, 0.1], "texture": "#2"},
				"south": {"uv": [0, 0, 2, 0.1], "texture": "#2"},
				"west": {"uv": [0, 0, 1, 0.1], "texture": "#2"},
				"up": {"uv": [0, 0, 2, 1], "texture": "#2"},
				"down": {"uv": [0, 0, 2, 1], "texture": "#2"}
			}
		},
		{
			"from": [-12.525, 2, 25],
			"to": [-10.525, 2.1, 26],
			"rotation": {"angle": 0, "axis": "y", "origin": [0, 0, 23]},
			"faces": {
				"north": {"uv": [0, 0, 2, 0.1], "texture": "#2"},
				"east": {"uv": [0, 0, 1, 0.1], "texture": "#2"},
				"south": {"uv": [0, 0, 2, 0.1], "texture": "#2"},
				"west": {"uv": [0, 0, 1, 0.1], "texture": "#2"},
				"up": {"uv": [0, 0, 2, 1], "texture": "#2"},
				"down": {"uv": [0, 0, 2, 1], "texture": "#2"}
			}
		},
		{
			"from": [-0.525, 2, 21],
			"to": [1.475, 2.1, 22],
			"rotation": {"angle": 0, "axis": "y", "origin": [0, 0, 23]},
			"faces": {
				"north": {"uv": [0, 0, 2, 0.1], "texture": "#2"},
				"east": {"uv": [0, 0, 1, 0.1], "texture": "#2"},
				"south": {"uv": [0, 0, 2, 0.1], "texture": "#2"},
				"west": {"uv": [0, 0, 1, 0.1], "texture": "#2"},
				"up": {"uv": [0, 0, 2, 1], "texture": "#2"},
				"down": {"uv": [0, 0, 2, 1], "texture": "#2"}
			}
		},
		{
			"from": [17.475, 2, 24],
			"to": [18.475, 2.1, 25],
			"rotation": {"angle": 0, "axis": "y", "origin": [0, 0, 23]},
			"faces": {
				"north": {"uv": [0, 0, 1, 0.1], "texture": "#2"},
				"east": {"uv": [0, 0, 1, 0.1], "texture": "#2"},
				"south": {"uv": [0, 0, 1, 0.1], "texture": "#2"},
				"west": {"uv": [0, 0, 1, 0.1], "texture": "#2"},
				"up": {"uv": [0, 0, 1, 1], "texture": "#2"},
				"down": {"uv": [0, 0, 1, 1], "texture": "#2"}
			}
		},
		{
			"from": [18.475, 2, 22],
			"to": [19.475, 2.1, 23],
			"rotation": {"angle": 0, "axis": "y", "origin": [0, 0, 23]},
			"faces": {
				"north": {"uv": [0, 0, 1, 0.1], "texture": "#2"},
				"east": {"uv": [0, 0, 1, 0.1], "texture": "#2"},
				"south": {"uv": [0, 0, 1, 0.1], "texture": "#2"},
				"west": {"uv": [0, 0, 1, 0.1], "texture": "#2"},
				"up": {"uv": [0, 0, 1, 1], "texture": "#2"},
				"down": {"uv": [0, 0, 1, 1], "texture": "#2"}
			}
		},
		{
			"from": [3.475, 2, 21],
			"to": [4.475, 2.1, 22],
			"rotation": {"angle": 0, "axis": "y", "origin": [0, 0, 23]},
			"faces": {
				"north": {"uv": [0, 0, 1, 0.1], "texture": "#2"},
				"east": {"uv": [0, 0, 1, 0.1], "texture": "#2"},
				"south": {"uv": [0, 0, 1, 0.1], "texture": "#2"},
				"west": {"uv": [0, 0, 1, 0.1], "texture": "#2"},
				"up": {"uv": [0, 0, 1, 1], "texture": "#2"},
				"down": {"uv": [0, 0, 1, 1], "texture": "#2"}
			}
		},
		{
			"from": [-12.525, 2, 21],
			"to": [-11.525, 2.1, 22],
			"rotation": {"angle": 0, "axis": "y", "origin": [0, 0, 23]},
			"faces": {
				"north": {"uv": [0, 0, 1, 0.1], "texture": "#2"},
				"east": {"uv": [0, 0, 1, 0.1], "texture": "#2"},
				"south": {"uv": [0, 0, 1, 0.1], "texture": "#2"},
				"west": {"uv": [0, 0, 1, 0.1], "texture": "#2"},
				"up": {"uv": [0, 0, 1, 1], "texture": "#2"},
				"down": {"uv": [0, 0, 1, 1], "texture": "#2"}
			}
		},
		{
			"from": [4.475, 2, 22],
			"to": [5.475, 2.1, 23],
			"rotation": {"angle": 0, "axis": "y", "origin": [0, 0, 23]},
			"faces": {
				"north": {"uv": [0, 0, 1, 0.1], "texture": "#2"},
				"east": {"uv": [0, 0, 1, 0.1], "texture": "#2"},
				"south": {"uv": [0, 0, 1, 0.1], "texture": "#2"},
				"west": {"uv": [0, 0, 1, 0.1], "texture": "#2"},
				"up": {"uv": [0, 0, 1, 1], "texture": "#2"},
				"down": {"uv": [0, 0, 1, 1], "texture": "#2"}
			}
		},
		{
			"from": [5.475, 2, 21],
			"to": [6.475, 2.1, 25],
			"rotation": {"angle": 0, "axis": "y", "origin": [0, 0, 23]},
			"faces": {
				"north": {"uv": [0, 0, 1, 0.1], "texture": "#2"},
				"east": {"uv": [0, 0, 4, 0.1], "texture": "#2"},
				"south": {"uv": [0, 0, 1, 0.1], "texture": "#2"},
				"west": {"uv": [0, 0, 4, 0.1], "texture": "#2"},
				"up": {"uv": [0, 0, 1, 4], "texture": "#2"},
				"down": {"uv": [0, 0, 1, 4], "texture": "#2"}
			}
		},
		{
			"from": [3.475, 2, 23],
			"to": [5.475, 2.1, 24],
			"rotation": {"angle": 0, "axis": "y", "origin": [0, 0, 23]},
			"faces": {
				"north": {"uv": [0, 0, 2, 0.1], "texture": "#2"},
				"east": {"uv": [0, 0, 1, 0.1], "texture": "#2"},
				"south": {"uv": [0, 0, 2, 0.1], "texture": "#2"},
				"west": {"uv": [0, 0, 1, 0.1], "texture": "#2"},
				"up": {"uv": [0, 0, 2, 1], "texture": "#2"},
				"down": {"uv": [0, 0, 2, 1], "texture": "#2"}
			}
		},
		{
			"from": [3.475, 2, 25],
			"to": [6.475, 2.1, 26],
			"rotation": {"angle": 0, "axis": "y", "origin": [0, 0, 23]},
			"faces": {
				"north": {"uv": [0, 0, 3, 0.1], "texture": "#2"},
				"east": {"uv": [0, 0, 1, 0.1], "texture": "#2"},
				"south": {"uv": [0, 0, 3, 0.1], "texture": "#2"},
				"west": {"uv": [0, 0, 1, 0.1], "texture": "#2"},
				"up": {"uv": [0, 0, 3, 1], "texture": "#2"},
				"down": {"uv": [0, 0, 3, 1], "texture": "#2"}
			}
		},
		{
			"from": [3.475, 2, 24],
			"to": [4.475, 2.1, 25],
			"rotation": {"angle": 0, "axis": "y", "origin": [0, 0, 23]},
			"faces": {
				"north": {"uv": [0, 0, 1, 0.1], "texture": "#2"},
				"east": {"uv": [0, 0, 1, 0.1], "texture": "#2"},
				"south": {"uv": [0, 0, 1, 0.1], "texture": "#2"},
				"west": {"uv": [0, 0, 1, 0.1], "texture": "#2"},
				"up": {"uv": [0, 0, 1, 1], "texture": "#2"},
				"down": {"uv": [0, 0, 1, 1], "texture": "#2"}
			}
		},
		{
			"from": [14.475, 2, 24],
			"to": [15.475, 2.1, 25],
			"rotation": {"angle": 0, "axis": "y", "origin": [0, 0, 23]},
			"faces": {
				"north": {"uv": [0, 0, 1, 0.1], "texture": "#2"},
				"east": {"uv": [0, 0, 1, 0.1], "texture": "#2"},
				"south": {"uv": [0, 0, 1, 0.1], "texture": "#2"},
				"west": {"uv": [0, 0, 1, 0.1], "texture": "#2"},
				"up": {"uv": [0, 0, 1, 1], "texture": "#2"},
				"down": {"uv": [0, 0, 1, 1], "texture": "#2"}
			}
		},
		{
			"from": [8.475, 2, 23],
			"to": [9.475, 2.1, 24],
			"rotation": {"angle": 0, "axis": "y", "origin": [0, 0, 23]},
			"faces": {
				"north": {"uv": [0, 0, 1, 0.1], "texture": "#2"},
				"east": {"uv": [0, 0, 1, 0.1], "texture": "#2"},
				"south": {"uv": [0, 0, 1, 0.1], "texture": "#2"},
				"west": {"uv": [0, 0, 1, 0.1], "texture": "#2"},
				"up": {"uv": [0, 0, 1, 1], "texture": "#2"},
				"down": {"uv": [0, 0, 1, 1], "texture": "#2"}
			}
		},
		{
			"from": [21.5, 2, 22],
			"to": [22.5, 2.1, 26],
			"faces": {
				"north": {"uv": [0, 0, 1, 0.1], "texture": "#2"},
				"east": {"uv": [0, 0, 4, 0.1], "texture": "#2"},
				"south": {"uv": [0, 0, 1, 0.1], "texture": "#2"},
				"west": {"uv": [0, 0, 4, 0.1], "texture": "#2"},
				"up": {"uv": [0, 0, 1, 4], "texture": "#2"},
				"down": {"uv": [0, 0, 1, 4], "texture": "#2"}
			}
		},
		{
			"from": [15.5, 2, 21],
			"to": [16.5, 2.1, 26],
			"faces": {
				"north": {"uv": [0, 0, 1, 0.1], "texture": "#2"},
				"east": {"uv": [0, 0, 5, 0.1], "texture": "#2"},
				"south": {"uv": [0, 0, 1, 0.1], "texture": "#2"},
				"west": {"uv": [0, 0, 5, 0.1], "texture": "#2"},
				"up": {"uv": [0, 0, 1, 5], "texture": "#2"},
				"down": {"uv": [0, 0, 1, 5], "texture": "#2"}
			}
		},
		{
			"from": [12.5, 2, 21],
			"to": [13.5, 2.1, 26],
			"faces": {
				"north": {"uv": [0, 0, 1, 0.1], "texture": "#2"},
				"east": {"uv": [0, 0, 5, 0.1], "texture": "#2"},
				"south": {"uv": [0, 0, 1, 0.1], "texture": "#2"},
				"west": {"uv": [0, 0, 5, 0.1], "texture": "#2"},
				"up": {"uv": [0, 0, 1, 5], "texture": "#2"},
				"down": {"uv": [0, 0, 1, 5], "texture": "#2"}
			}
		},
		{
			"from": [13.5, 2, 22],
			"to": [14.5, 2.1, 24],
			"faces": {
				"north": {"uv": [0, 0, 1, 0.1], "texture": "#2"},
				"east": {"uv": [0, 0, 2, 0.1], "texture": "#2"},
				"south": {"uv": [0, 0, 1, 0.1], "texture": "#2"},
				"west": {"uv": [0, 0, 2, 0.1], "texture": "#2"},
				"up": {"uv": [0, 0, 1, 2], "texture": "#2"},
				"down": {"uv": [0, 0, 1, 2], "texture": "#2"}
			}
		},
		{
			"from": [-9.5, 2, 21],
			"to": [-8.5, 2.1, 26],
			"faces": {
				"north": {"uv": [0, 0, 1, 0.1], "texture": "#2"},
				"east": {"uv": [0, 0, 5, 0.1], "texture": "#2"},
				"south": {"uv": [0, 0, 1, 0.1], "texture": "#2"},
				"west": {"uv": [0, 0, 5, 0.1], "texture": "#2"},
				"up": {"uv": [0, 0, 1, 5], "texture": "#2"},
				"down": {"uv": [0, 0, 1, 5], "texture": "#2"}
			}
		},
		{
			"from": [-8.5, 2, 22],
			"to": [-7.5, 2.1, 24],
			"faces": {
				"north": {"uv": [0, 0, 1, 0.1], "texture": "#2"},
				"east": {"uv": [0, 0, 2, 0.1], "texture": "#2"},
				"south": {"uv": [0, 0, 1, 0.1], "texture": "#2"},
				"west": {"uv": [0, 0, 2, 0.1], "texture": "#2"},
				"up": {"uv": [0, 0, 1, 2], "texture": "#2"},
				"down": {"uv": [0, 0, 1, 2], "texture": "#2"}
			}
		},
		{
			"from": [-7.525, 2, 24],
			"to": [-6.525, 2.1, 25],
			"rotation": {"angle": 0, "axis": "y", "origin": [0, 0, 23]},
			"faces": {
				"north": {"uv": [0, 0, 1, 0.1], "texture": "#2"},
				"east": {"uv": [0, 0, 1, 0.1], "texture": "#2"},
				"south": {"uv": [0, 0, 1, 0.1], "texture": "#2"},
				"west": {"uv": [0, 0, 1, 0.1], "texture": "#2"},
				"up": {"uv": [0, 0, 1, 1], "texture": "#2"},
				"down": {"uv": [0, 0, 1, 1], "texture": "#2"}
			}
		},
		{
			"from": [-6.5, 2, 21],
			"to": [-5.5, 2.1, 26],
			"faces": {
				"north": {"uv": [0, 0, 1, 0.1], "texture": "#2"},
				"east": {"uv": [0, 0, 5, 0.1], "texture": "#2"},
				"south": {"uv": [0, 0, 1, 0.1], "texture": "#2"},
				"west": {"uv": [0, 0, 5, 0.1], "texture": "#2"},
				"up": {"uv": [0, 0, 1, 5], "texture": "#2"},
				"down": {"uv": [0, 0, 1, 5], "texture": "#2"}
			}
		},
		{
			"from": [23.5, 2, 22],
			"to": [24.5, 2.1, 26],
			"faces": {
				"north": {"uv": [0, 0, 1, 0.1], "texture": "#2"},
				"east": {"uv": [0, 0, 4, 0.1], "texture": "#2"},
				"south": {"uv": [0, 0, 1, 0.1], "texture": "#2"},
				"west": {"uv": [0, 0, 4, 0.1], "texture": "#2"},
				"up": {"uv": [0, 0, 1, 4], "texture": "#2"},
				"down": {"uv": [0, 0, 1, 4], "texture": "#2"}
			}
		},
		{
			"from": [-4.5, 2, 22],
			"to": [-3.5, 2.1, 26],
			"faces": {
				"north": {"uv": [0, 0, 1, 0.1], "texture": "#2"},
				"east": {"uv": [0, 0, 4, 0.1], "texture": "#2"},
				"south": {"uv": [0, 0, 1, 0.1], "texture": "#2"},
				"west": {"uv": [0, 0, 4, 0.1], "texture": "#2"},
				"up": {"uv": [0, 0, 1, 4], "texture": "#2"},
				"down": {"uv": [0, 0, 1, 4], "texture": "#2"}
			}
		},
		{
			"from": [-13.5, 2, 22],
			"to": [-12.5, 2.1, 25],
			"faces": {
				"north": {"uv": [0, 0, 1, 0.1], "texture": "#2"},
				"east": {"uv": [0, 0, 3, 0.1], "texture": "#2"},
				"south": {"uv": [0, 0, 1, 0.1], "texture": "#2"},
				"west": {"uv": [0, 0, 3, 0.1], "texture": "#2"},
				"up": {"uv": [0, 0, 1, 3], "texture": "#2"},
				"down": {"uv": [0, 0, 1, 3], "texture": "#2"}
			}
		},
		{
			"from": [-4.525, 2, 21],
			"to": [-1.525, 2.1, 22],
			"rotation": {"angle": 0, "axis": "y", "origin": [0, 0, 23]},
			"faces": {
				"north": {"uv": [0, 0, 3, 0.1], "texture": "#2"},
				"east": {"uv": [0, 0, 1, 0.1], "texture": "#2"},
				"south": {"uv": [0, 0, 3, 0.1], "texture": "#2"},
				"west": {"uv": [0, 0, 1, 0.1], "texture": "#2"},
				"up": {"uv": [0, 0, 3, 1], "texture": "#2"},
				"down": {"uv": [0, 0, 3, 1], "texture": "#2"}
			}
		},
		{
			"from": [-2.5, 2, 22],
			"to": [-1.5, 2.1, 26],
			"faces": {
				"north": {"uv": [0, 0, 1, 0.1], "texture": "#2"},
				"east": {"uv": [0, 0, 4, 0.1], "texture": "#2"},
				"south": {"uv": [0, 0, 1, 0.1], "texture": "#2"},
				"west": {"uv": [0, 0, 4, 0.1], "texture": "#2"},
				"up": {"uv": [0, 0, 1, 4], "texture": "#2"},
				"down": {"uv": [0, 0, 1, 4], "texture": "#2"}
			}
		},
		{
			"from": [-1, 0, 0],
			"to": [0, 1, 30],
			"faces": {
				"north": {"uv": [0, 0, 1, 1], "texture": "#2"},
				"east": {"uv": [0, 0, 16, 1], "texture": "#2"},
				"south": {"uv": [0, 0, 1, 1], "texture": "#2"},
				"west": {"uv": [0, 0, 16, 1], "texture": "#2"},
				"up": {"uv": [0, 0, 1, 16], "texture": "#2"},
				"down": {"uv": [0, 0, 1, 16], "texture": "#2"}
			}
		},
		{
			"from": [15, 0, 0],
			"to": [17, 1, 30],
			"faces": {
				"north": {"uv": [0, 0, 2, 1], "texture": "#2"},
				"east": {"uv": [0, 0, 16, 1], "texture": "#2"},
				"south": {"uv": [0, 0, 2, 1], "texture": "#2"},
				"west": {"uv": [0, 0, 16, 1], "texture": "#2"},
				"up": {"uv": [0, 0, 2, 16], "texture": "#2"},
				"down": {"uv": [0, 0, 2, 16], "texture": "#2"}
			}
		},
		{
			"from": [0, 0, 0],
			"to": [1, 1, 29],
			"faces": {
				"north": {"uv": [0, 0, 1, 1], "texture": "#2"},
				"east": {"uv": [0, 4, 16, 5], "texture": "#2"},
				"south": {"uv": [0, 0, 1, 1], "texture": "#2"},
				"west": {"uv": [0, 4, 16, 5], "texture": "#2"},
				"up": {"uv": [4, 0, 5, 16], "texture": "#2"},
				"down": {"uv": [4, 0, 5, 16], "texture": "#2"}
			}
		}
	],
	"display": {
		"thirdperson_righthand": {
			"translation": [0, 7.5, 3]
		},
		"gui": {
			"rotation": [120, -180, 29],
			"translation": [1.25, 1, 0],
			"scale": [0.45, 0.45, 0.45]
		},
		"fixed": {
			"rotation": [0, -180, -180],
			"translation": [0, -7, -11.75],
			"scale": [1.5, 1.5, 1.5]
		}
	},
	"groups": [
		0,
		1,
		2,
		{
			"name": "group",
			"origin": [0, 0, 0],
			"color": 0,
			"children": [3, 4, 5, 6, 7, 8, 9, 10, 11, 12, 13, 14, 15, 16, 17, 18, 19, 20, 21, 22, 23, 24, 25, 26, 27, 28, 29, 30, 31, 32, 33, 34, 35, 36, 37, 38, 39, 40, 41, 42]
		},
		43,
		44,
		45,
		{
			"name": "group",
			"origin": [0, 0, 0],
			"color": 0,
			"children": []
		}
	]
}