{
	"credit": "Made with Blockbench",
	"textures": {
		"1": "block/polished_andesite",
		"2": "block/light_gray_concrete",
		"3": "block/light_gray_stained_glass",
		"4": "block/black_concrete",
		"5": "block/gray_concrete",
		"6": "custom/linethingy",
		"7": "custom/heart",
		"8": "block/lime_concrete",
		"particle": "block/gray_concrete"
	},
	"elements": [
		{
			"from": [0, 14, 4],
			"to": [16, 26, 12],
			"faces": {
				"north": {"uv": [0, 0, 16, 12], "texture": "#4"},
				"east": {"uv": [0, 0, 8, 12], "texture": "#2"},
				"south": {"uv": [0, 0, 16, 12], "texture": "#2"},
				"west": {"uv": [0, 0, 8, 12], "texture": "#2"},
				"up": {"uv": [0, 0, 16, 8], "texture": "#2"},
				"down": {"uv": [0, 0, 16, 8], "texture": "#2"}
			}
		},
		{
			"from": [0.95, 15, 3.9],
			"to": [14.95, 25, 3.9],
			"faces": {
				"north": {"uv": [1, 1, 15, 11], "texture": "#3"},
				"east": {"uv": [0, 0, 0.2, 10], "texture": "#3"},
				"south": {"uv": [1, 1, 15, 11], "texture": "#3"},
				"west": {"uv": [0, 0, 0.2, 10], "texture": "#3"},
				"up": {"uv": [0, 0, 14, 0.2], "texture": "#3"},
				"down": {"uv": [0, 0, 14, 0.2], "texture": "#3"}
			}
		},
		{
			"from": [0, 14, 3.75],
			"to": [16, 15, 4],
			"faces": {
				"north": {"uv": [0, 0, 16, 1], "texture": "#2"},
				"east": {"uv": [0, 0, 0.25, 1], "texture": "#2"},
				"south": {"uv": [0, 0, 16, 1], "texture": "#2"},
				"west": {"uv": [0, 0, 0.25, 1], "texture": "#2"},
				"up": {"uv": [0, 0, 16, 0.25], "texture": "#2"},
				"down": {"uv": [0, 0, 16, 0.25], "texture": "#2"}
			}
		},
		{
			"from": [0, 25, 3.75],
			"to": [16, 26, 4],
			"faces": {
				"north": {"uv": [0, 0, 16, 1], "texture": "#2"},
				"east": {"uv": [0, 0, 0.25, 1], "texture": "#2"},
				"south": {"uv": [0, 0, 16, 1], "texture": "#2"},
				"west": {"uv": [0, 0, 0.25, 1], "texture": "#2"},
				"up": {"uv": [0, 0, 16, 0.25], "texture": "#2"},
				"down": {"uv": [0, 0, 16, 0.25], "texture": "#2"}
			}
		},
		{
			"from": [0, 15, 3.75],
			"to": [1, 25, 4],
			"faces": {
				"north": {"uv": [0, 0, 1, 10], "texture": "#2"},
				"east": {"uv": [0, 0, 0.25, 10], "texture": "#2"},
				"south": {"uv": [0, 0, 1, 10], "texture": "#2"},
				"west": {"uv": [0, 0, 0.25, 10], "texture": "#2"},
				"up": {"uv": [0, 0, 1, 0.25], "texture": "#2"},
				"down": {"uv": [0, 0, 1, 0.25], "texture": "#2"}
			}
		},
		{
			"from": [15, 15, 3.75],
			"to": [16, 25, 4],
			"faces": {
				"north": {"uv": [0, 0, 1, 10], "texture": "#2"},
				"east": {"uv": [0, 0, 0.25, 10], "texture": "#2"},
				"south": {"uv": [0, 0, 1, 10], "texture": "#2"},
				"west": {"uv": [0, 0, 0.25, 10], "texture": "#2"},
				"up": {"uv": [0, 0, 1, 0.25], "texture": "#2"},
				"down": {"uv": [0, 0, 1, 0.25], "texture": "#2"}
			}
		},
		{
			"from": [1.78544, -11, 2.81057],
			"to": [3.78544, -10, 9.31057],
			"rotation": {"angle": 45, "axis": "y", "origin": [2.78544, -10.5, 2.81057]},
			"faces": {
				"north": {"uv": [0, 0, 2, 1], "texture": "#5"},
				"east": {"uv": [0, 0, 6.5, 1], "texture": "#5"},
				"south": {"uv": [0, 0, 2, 1], "texture": "#5"},
				"west": {"uv": [0, 0, 6.5, 1], "texture": "#5"},
				"up": {"uv": [0, 0, 2, 6.5], "texture": "#5"},
				"down": {"uv": [0, 0, 2, 6.5], "texture": "#5"}
			}
		},
		{
			"from": [2.05025, -10.75, 9.05025],
			"to": [4.05025, -9.75, 11.05025],
			"rotation": {"angle": 45, "axis": "y", "origin": [3.05025, -10.5, 3.05025]},
			"faces": {
				"north": {"uv": [0, 0, 2, 1], "texture": "#5"},
				"east": {"uv": [0, 0, 2, 1], "texture": "#5"},
				"south": {"uv": [0, 0, 2, 1], "texture": "#5"},
				"west": {"uv": [0, 0, 2, 1], "texture": "#5"},
				"up": {"uv": [0, 0, 2, 2], "texture": "#5"},
				"down": {"uv": [0, 0, 2, 2], "texture": "#5"}
			}
		},
		{
			"from": [1.78544, -12, 0.81057],
			"to": [3.78544, -10, 2.81057],
			"rotation": {"angle": 45, "axis": "y", "origin": [2.78544, -10.5, 2.81057]},
			"faces": {
				"north": {"uv": [0, 0, 2, 2], "texture": "#5"},
				"east": {"uv": [0, 0, 2, 2], "texture": "#5"},
				"south": {"uv": [0, 0, 2, 2], "texture": "#5"},
				"west": {"uv": [0, 0, 2, 2], "texture": "#5"},
				"up": {"uv": [0, 0, 2, 2], "texture": "#5"},
				"down": {"uv": [0, 0, 2, 2], "texture": "#5"}
			}
		},
		{
			"from": [12.21456, -12, 0.81057],
			"to": [14.21456, -10, 2.81057],
			"rotation": {"angle": -45, "axis": "y", "origin": [13.21456, -10.5, 2.81057]},
			"faces": {
				"north": {"uv": [2, 0, 4, 2], "texture": "#5"},
				"east": {"uv": [2, 0, 4, 2], "texture": "#5"},
				"south": {"uv": [2, 0, 4, 2], "texture": "#5"},
				"west": {"uv": [2, 0, 4, 2], "texture": "#5"},
				"up": {"uv": [2, 0, 4, 2], "texture": "#5"},
				"down": {"uv": [2, 0, 4, 2], "texture": "#5"}
			}
		},
		{
			"from": [12.21456, -11, 2.81057],
			"to": [14.21456, -10, 9.31057],
			"rotation": {"angle": -45, "axis": "y", "origin": [13.21456, -10.5, 2.81057]},
			"faces": {
				"north": {"uv": [2, 0, 4, 1], "texture": "#5"},
				"east": {"uv": [6.5, 0, 13, 1], "texture": "#5"},
				"south": {"uv": [2, 0, 4, 1], "texture": "#5"},
				"west": {"uv": [6.5, 0, 13, 1], "texture": "#5"},
				"up": {"uv": [8, 5, 10, 11.5], "texture": "#5"},
				"down": {"uv": [2, 0, 4, 6.5], "texture": "#5"}
			}
		},
		{
			"from": [12.21456, -12, 13.18943],
			"to": [14.21456, -10, 15.18943],
			"rotation": {"angle": 45, "axis": "y", "origin": [13.21456, -10.5, 13.18943]},
			"faces": {
				"north": {"uv": [0, 0, 2, 2], "texture": "#5"},
				"east": {"uv": [0, 0, 2, 2], "texture": "#5"},
				"south": {"uv": [0, 0, 2, 2], "texture": "#5"},
				"west": {"uv": [0, 0, 2, 2], "texture": "#5"},
				"up": {"uv": [2, 2, 4, 4], "texture": "#5"},
				"down": {"uv": [2, 2, 4, 4], "texture": "#5"}
			}
		},
		{
			"from": [12.21456, -11, 6.68943],
			"to": [14.21456, -10, 13.18943],
			"rotation": {"angle": 45, "axis": "y", "origin": [13.21456, -10.5, 13.18943]},
			"faces": {
				"north": {"uv": [0, 0, 2, 1], "texture": "#5"},
				"east": {"uv": [0, 0, 6.5, 1], "texture": "#5"},
				"south": {"uv": [0, 0, 2, 1], "texture": "#5"},
				"west": {"uv": [0, 0, 6.5, 1], "texture": "#5"},
				"up": {"uv": [2, 6.5, 4, 13], "texture": "#5"},
				"down": {"uv": [2, 6.5, 4, 13], "texture": "#5"}
			}
		},
		{
			"from": [1.78544, -11, 6.68943],
			"to": [3.78544, -10, 13.18943],
			"rotation": {"angle": -45, "axis": "y", "origin": [2.78544, -10.5, 13.18943]},
			"faces": {
				"north": {"uv": [2, 0, 4, 1], "texture": "#5"},
				"east": {"uv": [6.5, 0, 13, 1], "texture": "#5"},
				"south": {"uv": [2, 0, 4, 1], "texture": "#5"},
				"west": {"uv": [6.5, 0, 13, 1], "texture": "#5"},
				"up": {"uv": [0, 6.5, 2, 13], "texture": "#5"},
				"down": {"uv": [0, 6.5, 2, 13], "texture": "#5"}
			}
		},
		{
			"from": [1.78544, -12, 13.18943],
			"to": [3.78544, -10, 15.18943],
			"rotation": {"angle": -45, "axis": "y", "origin": [2.78544, -10.5, 13.18943]},
			"faces": {
				"north": {"uv": [2, 0, 4, 2], "texture": "#5"},
				"east": {"uv": [2, 0, 4, 2], "texture": "#5"},
				"south": {"uv": [2, 0, 4, 2], "texture": "#5"},
				"west": {"uv": [2, 0, 4, 2], "texture": "#5"},
				"up": {"uv": [0, 2, 2, 4], "texture": "#5"},
				"down": {"uv": [0, 2, 2, 4], "texture": "#5"}
			}
		},
		{
			"from": [7.25, 5.25, 7.25],
			"to": [8.75, 16.25, 8.75],
			"rotation": {"angle": 0, "axis": "y", "origin": [8.25, 1.75, 8.25]},
			"faces": {
				"north": {"uv": [0, 1, 2, 12], "texture": "#5"},
				"east": {"uv": [0, 1, 2, 12], "texture": "#5"},
				"south": {"uv": [0, 1, 2, 12], "texture": "#5"},
				"west": {"uv": [0, 1, 2, 12], "texture": "#5"},
				"up": {"uv": [0, 0, 2, 1.5], "texture": "#5"},
				"down": {"uv": [0, 0, 2, 1.5], "texture": "#5"}
			}
		},
		{
			"from": [7.25, -9.75, 7.25],
			"to": [8.75, 5.25, 8.75],
			"rotation": {"angle": 0, "axis": "y", "origin": [8.25, 1.75, 8.25]},
			"faces": {
				"north": {"uv": [0, 1, 2, 16], "texture": "#5"},
				"east": {"uv": [0, 1, 2, 16], "texture": "#5"},
				"south": {"uv": [0, 1, 2, 16], "texture": "#5"},
				"west": {"uv": [0, 1, 2, 16], "texture": "#5"},
				"up": {"uv": [0, 0, 2, 1.5], "texture": "#5"},
				"down": {"uv": [0, 0, 2, 1.5], "texture": "#5"}
			}
		},
		{
			"from": [1, 15, 3.8625],
			"to": [15, 25, 3.8625],
			"faces": {
				"north": {"uv": [0, 0, 16, 16], "texture": "#6"},
				"east": {"uv": [0, 0, 1, 16], "texture": "#6"},
				"south": {"uv": [0, 0, 16, 16], "texture": "#6"},
				"west": {"uv": [0, 0, 1, 16], "texture": "#6"},
				"up": {"uv": [0, 0, 16, 1], "texture": "#6"},
				"down": {"uv": [0, 0, 16, 1], "texture": "#6"}
			}
		},
		{
			"from": [1.3, 21.725, 3.85],
			"to": [4.3, 24.725, 3.85],
			"faces": {
				"north": {"uv": [0, 0, 16, 16], "texture": "#7"},
				"east": {"uv": [0, 0, 16, 16], "texture": "#7"},
				"south": {"uv": [0, 0, 16, 16], "texture": "#7"},
				"west": {"uv": [0, 0, 16, 16], "texture": "#7"},
				"up": {"uv": [0, 0, 16, 16], "texture": "#7"},
				"down": {"uv": [0, 0, 16, 16], "texture": "#7"}
			}
		},
		{
			"from": [1.25, 14.175, 3.625],
			"to": [1.85, 14.775, 3.825],
			"faces": {
				"north": {"uv": [15, 4, 15.6, 4.6], "texture": "#8"},
				"east": {"uv": [15, 4, 15.2, 4.6], "texture": "#8"},
				"south": {"uv": [15, 4, 15.6, 4.6], "texture": "#8"},
				"west": {"uv": [15, 4, 15.2, 4.6], "texture": "#8"},
				"up": {"uv": [15, 4, 15.6, 4.2], "texture": "#8"},
				"down": {"uv": [15, 4, 15.6, 4.2], "texture": "#8"}
			}
		},
		{
			"from": [2.25, 14.275, 3.625],
			"to": [2.65, 14.675, 3.825],
			"faces": {
				"north": {"uv": [15.6, 2, 16, 2.4], "texture": "#1"},
				"east": {"uv": [15.6, 2, 15.8, 2.4], "texture": "#1"},
				"south": {"uv": [15.6, 2, 16, 2.4], "texture": "#1"},
				"west": {"uv": [15.6, 2, 15.8, 2.4], "texture": "#1"},
				"up": {"uv": [15.6, 2, 16, 2.2], "texture": "#1"},
				"down": {"uv": [15.6, 2, 16, 2.2], "texture": "#1"}
			}
		},
		{
			"from": [3, 14.275, 3.625],
			"to": [3.4, 14.675, 3.825],
			"faces": {
				"north": {"uv": [15.6, 2, 16, 2.4], "texture": "#1"},
				"east": {"uv": [15.6, 2, 15.8, 2.4], "texture": "#1"},
				"south": {"uv": [15.6, 2, 16, 2.4], "texture": "#1"},
				"west": {"uv": [15.6, 2, 15.8, 2.4], "texture": "#1"},
				"up": {"uv": [15.6, 2, 16, 2.2], "texture": "#1"},
				"down": {"uv": [15.6, 2, 16, 2.2], "texture": "#1"}
			}
		},
		{
			"from": [4, 14.275, 3.625],
			"to": [8, 14.675, 3.825],
			"faces": {
				"north": {"uv": [6, 15.6, 10, 16], "texture": "#1"},
				"east": {"uv": [6, 15.6, 6.2, 16], "texture": "#1"},
				"south": {"uv": [6, 15.6, 10, 16], "texture": "#1"},
				"west": {"uv": [6, 15.6, 6.2, 16], "texture": "#1"},
				"up": {"uv": [6, 15.6, 10, 15.8], "texture": "#1"},
				"down": {"uv": [6, 15.6, 10, 15.8], "texture": "#1"}
			}
		}
	],
	"display": {
		"fixed": {
			"rotation": [-90, 0, 0],
			"translation": [0, 0, -39.75],
			"scale": [2, 2, 2]
		}
	},
	"groups": [
		0,
		1,
		2,
		3,
		4,
		5,
		{
			"name": "group",
			"origin": [2.78544, 1.5, 13.18943],
			"color": 0,
			"children": [
				{
					"name": "group",
					"origin": [2.78544, 1.5, 13.18943],
					"color": 0,
					"children": [6, 7, 8, 9, 10, 11, 12, 13, 14]
				},
				15,
				16
			]
		},
		17,
		18,
		19,
		20,
		21,
		22
	]
}