{
 "parent": "item/handheld",
 "textures": {
  "layer0": "item/carved_pumpkin"
 },

 "overrides": [
  { "predicate": {"custom_model_data": 1}, "model": "custom/collect/plush/stemister"},
  { "predicate": {"custom_model_data": 2}, "model": "custom/collect/plush/captainsparklez"},
  { "predicate": {"custom_model_data": 3}, "model": "custom/collect/plush/amirkaka"},
  { "predicate": {"custom_model_data": 4}, "model": "custom/collect/plush/theblueman"},
  { "predicate": {"custom_model_data": 5}, "model": "custom/collect/plush/msroohy"},
  { "predicate": {"custom_model_data": 6}, "model": "custom/collect/strawhat"},
  { "predicate": {"custom_model_data": 7}, "model": "custom/collect/fedora"},
  { "predicate": {"custom_model_data": 8}, "model": "custom/collect/afro"},
  { "predicate": {"custom_model_data": 9}, "model": "custom/collect/wha"},
  { "predicate": {"custom_model_data": 10}, "model": "custom/collect/crown"},
  { "predicate": {"custom_model_data": 11}, "model": "custom/collect/coppergolem"}
 ]

 
}