{
 "parent": "item/handheld",
 "textures": {
  "layer0": "item/orange_dye"
 },

 "overrides": [
  { "predicate": {"custom_model_data": 1}, "model": "custom/arrows/oak"},
  { "predicate": {"custom_model_data": 2}, "model": "custom/arrows/stone"},
  { "predicate": {"custom_model_data": 3}, "model": "custom/arrows/leaf"},
  { "predicate": {"custom_model_data": 11}, "model": "custom/arrows/air1"},
  { "predicate": {"custom_model_data": 12}, "model": "custom/arrows/air2"},
  { "predicate": {"custom_model_data": 13}, "model": "custom/arrows/air3"},
  { "predicate": {"custom_model_data": 14}, "model": "custom/arrows/air4"},
  { "predicate": {"custom_model_data": 15}, "model": "custom/arrows/big_blinking"},
  { "predicate": {"custom_model_data": 101}, "model": "custom/utility/teleport"},
  { "predicate": {"custom_model_data": 102}, "model": "custom/utility/teleport2"},
  { "predicate": {"custom_model_data": 103}, "model": "custom/utility/levitate"},
  { "predicate": {"custom_model_data": 105}, "model": "custom/utility/jumpboost"}
 ]

 
}