{
 "parent": "item/handheld",
 "textures": {
  "layer0": "item/white_dye"
 },

 "overrides": [
  { "predicate": {"custom_model_data": 1}, "model": "custom/graffiti1"},
  { "predicate": {"custom_model_data": 2}, "model": "custom/graffiti2"},
  { "predicate": {"custom_model_data": 3}, "model": "custom/graffiti3"},
  { "predicate": {"custom_model_data": 4}, "model": "custom/graffiti4"},
  { "predicate": {"custom_model_data": 5}, "model": "custom/graffiti5"},
  { "predicate": {"custom_model_data": 19}, "model": "custom/start_sign"},
  { "predicate": {"custom_model_data": 20}, "model": "custom/training_sign"},
  { "predicate": {"custom_model_data": 21}, "model": "custom/bridge1"},
  { "predicate": {"custom_model_data": 22}, "model": "custom/bridge2"},
  { "predicate": {"custom_model_data": 23}, "model": "custom/bees"},
  { "predicate": {"custom_model_data": 24}, "model": "custom/utility/sandstone1"},
  { "predicate": {"custom_model_data": 25}, "model": "custom/utility/sandstone2"},
  { "predicate": {"custom_model_data": 26}, "model": "custom/utility/sandstone3"},
  { "predicate": {"custom_model_data": 27}, "model": "custom/utility/sandstone4"},
  { "predicate": {"custom_model_data": 28}, "model": "custom/utility/sandstone5"},
  { "predicate": {"custom_model_data": 29}, "model": "custom/utility/sandstone6"},
  { "predicate": {"custom_model_data": 30}, "model": "custom/utility/sandstone7"},
  { "predicate": {"custom_model_data": 31}, "model": "custom/utility/sandstone8"},
  { "predicate": {"custom_model_data": 32}, "model": "custom/utility/sandstone9"},
  { "predicate": {"custom_model_data": 33}, "model": "custom/utility/sandstone10"},
  { "predicate": {"custom_model_data": 34}, "model": "custom/utility/sandstone11"},
  { "predicate": {"custom_model_data": 35}, "model": "custom/utility/sandstone12"},
  { "predicate": {"custom_model_data": 36}, "model": "custom/utility/sandstone13"},
  { "predicate": {"custom_model_data": 37}, "model": "custom/utility/sandstone14"},
  { "predicate": {"custom_model_data": 38}, "model": "custom/utility/sandstone15"},
  { "predicate": {"custom_model_data": 39}, "model": "custom/utility/sandstone16"},
  { "predicate": {"custom_model_data": 40}, "model": "custom/utility/sandstone17"},
  { "predicate": {"custom_model_data": 41}, "model": "custom/utility/sandstone18"},
  { "predicate": {"custom_model_data": 42}, "model": "custom/utility/sandstone19"},
  { "predicate": {"custom_model_data": 43}, "model": "custom/utility/sandstoned"},
  { "predicate": {"custom_model_data": 44}, "model": "custom/turn_sign"},
  { "predicate": {"custom_model_data": 45}, "model": "custom/lantern_wall"},
  { "predicate": {"custom_model_data": 46}, "model": "custom/spray_can"},
  { "predicate": {"custom_model_data": 47}, "model": "custom/mushroom1"},
  { "predicate": {"custom_model_data": 48}, "model": "custom/collect/mushroom"},
  { "predicate": {"custom_model_data": 49}, "model": "custom/dark_oak_fence"},
  { "predicate": {"custom_model_data": 50}, "model": "custom/tvthingy"},
  { "predicate": {"custom_model_data": 51}, "model": "custom/doc1"},
  { "predicate": {"custom_model_data": 52}, "model": "custom/doc2"},
  { "predicate": {"custom_model_data": 53}, "model": "custom/doc3"},
  { "predicate": {"custom_model_data": 54}, "model": "custom/medical_tray"},
  { "predicate": {"custom_model_data": 55}, "model": "custom/collect/first_aid"},
  { "predicate": {"custom_model_data": 56}, "model": "custom/collect/diamond_shard"},
  { "predicate": {"custom_model_data": 57}, "model": "custom/paint/1"},
  { "predicate": {"custom_model_data": 58}, "model": "custom/paint/2"},
  { "predicate": {"custom_model_data": 59}, "model": "custom/paint/3"},
  { "predicate": {"custom_model_data": 60}, "model": "custom/paint/4"},
  { "predicate": {"custom_model_data": 61}, "model": "custom/paint/5"},
  { "predicate": {"custom_model_data": 62}, "model": "custom/paint/6"},
  { "predicate": {"custom_model_data": 63}, "model": "custom/paint/7"},
  { "predicate": {"custom_model_data": 64}, "model": "custom/paint/8"},
  { "predicate": {"custom_model_data": 65}, "model": "custom/paint/9"},
  { "predicate": {"custom_model_data": 66}, "model": "custom/paint/10"},
  { "predicate": {"custom_model_data": 67}, "model": "custom/paint/11"},
  { "predicate": {"custom_model_data": 68}, "model": "custom/paint/12"},
  { "predicate": {"custom_model_data": 69}, "model": "custom/paint/13"},
  { "predicate": {"custom_model_data": 70}, "model": "custom/pole"},
  { "predicate": {"custom_model_data": 71}, "model": "custom/ak_head"},
  { "predicate": {"custom_model_data": 72}, "model": "custom/canon"},
  { "predicate": {"custom_model_data": 73}, "model": "custom/dynamite"},
  { "predicate": {"custom_model_data": 74}, "model": "custom/collect/dynamite_stick"},
  { "predicate": {"custom_model_data": 75}, "model": "custom/popped_eye_head"},
  { "predicate": {"custom_model_data": 77}, "model": "custom/amirkaka"},
  { "predicate": {"custom_model_data": 78}, "model": "custom/amirkakadown"},
  { "predicate": {"custom_model_data": 79}, "model": "custom/door"},
  { "predicate": {"custom_model_data": 80}, "model": "custom/start"},
  { "predicate": {"custom_model_data": 81}, "model": "custom/collect/seahorse"},
  { "predicate": {"custom_model_data": 82}, "model": "custom/stone_bricks"},
  { "predicate": {"custom_model_data": 83}, "model": "custom/logo"},
  { "predicate": {"custom_model_data": 84}, "model": "custom/settings/day"},
  { "predicate": {"custom_model_data": 85}, "model": "custom/settings/night"},
  { "predicate": {"custom_model_data": 86}, "model": "custom/settings/cycle"},
  { "predicate": {"custom_model_data": 87}, "model": "custom/settings/on"},
  { "predicate": {"custom_model_data": 88}, "model": "custom/settings/off"},
  { "predicate": {"custom_model_data": 89}, "model": "custom/settings/tab"},
  { "predicate": {"custom_model_data": 90}, "model": "custom/settings/sidebar"},
  { "predicate": {"custom_model_data": 91}, "model": "custom/settings/actionbar"},
  { "predicate": {"custom_model_data": 92}, "model": "custom/tgf"},
  { "predicate": {"custom_model_data": 93}, "model": "custom/pi"},
  { "predicate": {"custom_model_data": 94}, "model": "custom/pp"},
  { "predicate": {"custom_model_data": 95}, "model": "custom/pp2"},
  { "predicate": {"custom_model_data": 96}, "model": "custom/creditsnake"},
  { "predicate": {"custom_model_data": 97}, "model": "custom/creditms"},
  { "predicate": {"custom_model_data": 98}, "model": "custom/creditlion"},
  { "predicate": {"custom_model_data": 99}, "model": "custom/info"},
  { "predicate": {"custom_model_data": 100}, "model": "custom/rules"},
  { "predicate": {"custom_model_data": 101}, "model": "custom/noshirt"},
  { "predicate": {"custom_model_data": 102}, "model": "custom/mirror"},
  { "predicate": {"custom_model_data": 103}, "model": "custom/hp"}
 ]

 
}