{
	"credit": "Made with Blockbench",
	"textures": {
		"0": "custom/grass_block_top",
		"1": "custom/grass_block_side",
		"3": "block/dirt",
		"4": "people/msroohy",
		"particle": "custom/grass_block_top"
	},
	"elements": [
		{
			"name": "head",
			"from": [4, 23.5, 21],
			"to": [12, 31.5, 29],
			"rotation": {"angle": -22.5, "axis": "x", "origin": [8, 27.5, 27]},
			"faces": {
				"north": {"uv": [2, 2, 4, 4], "texture": "#4"},
				"east": {"uv": [0, 2, 2, 4], "texture": "#4"},
				"south": {"uv": [6, 2, 8, 4], "texture": "#4"},
				"west": {"uv": [4, 2, 6, 4], "texture": "#4"},
				"up": {"uv": [4, 2, 2, 0], "texture": "#4"},
				"down": {"uv": [6, 0, 4, 2], "texture": "#4"}
			}
		},
		{
			"name": "body",
			"from": [4, 11.5, 25],
			"to": [12, 23.5, 29],
			"rotation": {"angle": 0, "axis": "y", "origin": [7.99958, 15.16875, 8]},
			"faces": {
				"north": {"uv": [5, 5, 7, 7.98], "texture": "#4"},
				"east": {"uv": [4, 5, 5, 8], "texture": "#4"},
				"south": {"uv": [8, 5, 10, 8], "texture": "#4"},
				"west": {"uv": [7, 5, 8, 7.98], "texture": "#4"},
				"up": {"uv": [7, 5, 5, 4], "texture": "#4"},
				"down": {"uv": [9, 4, 7, 5], "texture": "#4"}
			}
		},
		{
			"name": "right_arm",
			"from": [12, 9.5, 22.25],
			"to": [16, 21.5, 26.25],
			"rotation": {"angle": 45, "axis": "x", "origin": [13.9975, 17.5, 27]},
			"faces": {
				"north": {"uv": [11, 5, 12, 8], "texture": "#4"},
				"east": {"uv": [10, 5, 11, 8], "texture": "#4"},
				"south": {"uv": [13, 5, 14, 8], "texture": "#4"},
				"west": {"uv": [12, 5, 13, 8], "texture": "#4"},
				"up": {"uv": [12, 5, 11, 4], "texture": "#4"},
				"down": {"uv": [13, 4, 12, 5], "texture": "#4"}
			}
		},
		{
			"name": "left_arm",
			"from": [0, 11.5, 25],
			"to": [4, 23.5, 29],
			"rotation": {"angle": 0, "axis": "y", "origin": [7.99958, 15.16875, 8]},
			"faces": {
				"north": {"uv": [9, 13, 10, 16], "texture": "#4"},
				"east": {"uv": [8, 13, 9, 16], "texture": "#4"},
				"south": {"uv": [11, 13, 12, 16], "texture": "#4"},
				"west": {"uv": [10, 13, 11, 16], "texture": "#4"},
				"up": {"uv": [10, 13, 9, 12], "texture": "#4"},
				"down": {"uv": [11, 12, 10, 13], "texture": "#4"}
			}
		},
		{
			"name": "right_leg",
			"from": [8, -0.5, 25],
			"to": [12, 11.5, 29],
			"rotation": {"angle": 0, "axis": "y", "origin": [7.99958, 15.16875, 8]},
			"faces": {
				"north": {"uv": [1, 5, 2, 8], "texture": "#4"},
				"east": {"uv": [0, 5, 1, 8], "texture": "#4"},
				"south": {"uv": [3, 5, 4, 8], "texture": "#4"},
				"west": {"uv": [2, 5, 3, 8], "texture": "#4"},
				"up": {"uv": [2, 5, 1, 4], "texture": "#4"},
				"down": {"uv": [3, 4, 2, 5], "texture": "#4"}
			}
		},
		{
			"name": "left_leg",
			"from": [4, -0.5, 26.75],
			"to": [8, 11.5, 30.75],
			"rotation": {"angle": -22.5, "axis": "x", "origin": [6, 5.5, 27]},
			"faces": {
				"north": {"uv": [5, 13, 6, 16], "texture": "#4"},
				"east": {"uv": [4, 13, 5, 16], "texture": "#4"},
				"south": {"uv": [7, 13, 8, 16], "texture": "#4"},
				"west": {"uv": [6, 13, 7, 16], "texture": "#4"},
				"up": {"uv": [6, 13, 5, 12], "texture": "#4"},
				"down": {"uv": [7, 12, 6, 13], "texture": "#4"}
			}
		},
		{
			"name": "head_2nd_layer",
			"from": [3.5, 23, 20.5],
			"to": [12.5, 32, 29.5],
			"rotation": {"angle": -22.5, "axis": "x", "origin": [8, 27.5, 27]},
			"faces": {
				"north": {"uv": [10, 2, 12, 4], "texture": "#4"},
				"east": {"uv": [8, 2, 10, 4], "texture": "#4"},
				"south": {"uv": [14, 2, 16, 4], "texture": "#4"},
				"west": {"uv": [12, 2, 14, 4], "texture": "#4"},
				"up": {"uv": [12, 2, 10, 0], "texture": "#4"},
				"down": {"uv": [14, 0, 12, 2], "texture": "#4"}
			}
		},
		{
			"name": "body_2nd_layer",
			"from": [4, 11.02, 24.5],
			"to": [12, 24.03, 29.5],
			"rotation": {"angle": 0, "axis": "y", "origin": [7.99958, 15.16875, 8]},
			"faces": {
				"north": {"uv": [5, 9, 7, 12], "texture": "#4"},
				"east": {"uv": [4, 9, 5, 12], "texture": "#4"},
				"south": {"uv": [8, 9, 10, 12], "texture": "#4"},
				"west": {"uv": [7, 9, 8, 12], "texture": "#4"},
				"up": {"uv": [7, 9, 5, 8], "texture": "#4"},
				"down": {"uv": [9, 8, 7, 9], "texture": "#4"}
			}
		},
		{
			"name": "right_arm_2nd_layer",
			"from": [11.5, 9, 21.75],
			"to": [16.49, 22, 26.75],
			"rotation": {"angle": 45, "axis": "x", "origin": [13.9975, 17.5, 27]},
			"faces": {
				"north": {"uv": [11, 9, 12, 12], "texture": "#4"},
				"east": {"uv": [10, 9, 11, 12], "texture": "#4"},
				"south": {"uv": [13, 9, 14, 12], "texture": "#4"},
				"west": {"uv": [12, 9, 13, 12], "texture": "#4"},
				"up": {"uv": [12, 9, 11, 8], "texture": "#4"},
				"down": {"uv": [13, 8, 12, 9], "texture": "#4"}
			}
		},
		{
			"name": "left_arm_2nd_layer",
			"from": [-0.5, 11, 24.5],
			"to": [4.5, 24, 29.5],
			"rotation": {"angle": 0, "axis": "y", "origin": [7.99958, 15.16875, 8]},
			"faces": {
				"north": {"uv": [13, 13, 14, 16], "texture": "#4"},
				"east": {"uv": [12, 13, 13, 16], "texture": "#4"},
				"south": {"uv": [15, 13, 16, 16], "texture": "#4"},
				"west": {"uv": [14, 13, 15, 16], "texture": "#4"},
				"up": {"uv": [14, 13, 13, 12], "texture": "#4"},
				"down": {"uv": [15, 12, 14, 13], "texture": "#4"}
			}
		},
		{
			"name": "right_leg_2nd_layer",
			"from": [7.5, -1, 24.5],
			"to": [12.5, 12, 29.5],
			"rotation": {"angle": 0, "axis": "y", "origin": [7.99958, 15.16875, 8]},
			"faces": {
				"north": {"uv": [1, 9, 2, 12], "texture": "#4"},
				"east": {"uv": [0, 9, 1, 12], "texture": "#4"},
				"south": {"uv": [3, 9, 4, 12], "texture": "#4"},
				"west": {"uv": [2, 9, 3, 12], "texture": "#4"},
				"up": {"uv": [2, 9, 1, 8], "texture": "#4"},
				"down": {"uv": [3, 8, 2, 9], "texture": "#4"}
			}
		},
		{
			"name": "left_leg_2nd_layer",
			"from": [3.5, -1, 26.25],
			"to": [8.5, 12, 31.25],
			"rotation": {"angle": -22.5, "axis": "x", "origin": [6, 5.5, 27]},
			"faces": {
				"north": {"uv": [1, 13, 2, 16], "texture": "#4"},
				"east": {"uv": [0, 13, 1, 16], "texture": "#4"},
				"south": {"uv": [3, 13, 4, 16], "texture": "#4"},
				"west": {"uv": [2, 13, 3, 16], "texture": "#4"},
				"up": {"uv": [2, 12, 1, 11], "texture": "#4"},
				"down": {"uv": [3, 12, 2, 13], "texture": "#4"}
			}
		},
		{
			"from": [-4, -1, -16],
			"to": [8, 11, -4],
			"faces": {
				"north": {"uv": [0, 0, 16, 16], "texture": "#1"},
				"east": {"uv": [0, 0, 16, 16], "texture": "#1"},
				"south": {"uv": [0, 0, 16, 16], "texture": "#1"},
				"west": {"uv": [0, 0, 16, 16], "texture": "#1"},
				"up": {"uv": [0, 0, 16, 16], "texture": "#0"},
				"down": {"uv": [0, 0, 16, 16], "texture": "#3"}
			}
		},
		{
			"from": [-4, -1, -4],
			"to": [8, 11, 8],
			"faces": {
				"north": {"uv": [0, 0, 16, 16], "texture": "#1"},
				"east": {"uv": [0, 0, 16, 16], "texture": "#1"},
				"south": {"uv": [0, 0, 16, 16], "texture": "#1"},
				"west": {"uv": [0, 0, 16, 16], "texture": "#1"},
				"up": {"uv": [0, 0, 16, 16], "texture": "#0"},
				"down": {"uv": [0, 0, 16, 16], "texture": "#3"}
			}
		},
		{
			"from": [11, 12, 14],
			"to": [15, 16, 18],
			"rotation": {"angle": -45, "axis": "x", "origin": [19, 16, 15]},
			"faces": {
				"north": {"uv": [0, 0, 16, 16], "texture": "#1"},
				"east": {"uv": [0, 0, 16, 16], "texture": "#1"},
				"south": {"uv": [0, 0, 16, 16], "texture": "#1"},
				"west": {"uv": [0, 0, 16, 16], "texture": "#1"},
				"up": {"uv": [0, 0, 16, 16], "texture": "#0"},
				"down": {"uv": [0, 0, 16, 16], "texture": "#3"}
			}
		},
		{
			"from": [-4, -13, 8],
			"to": [8, -1, 20],
			"faces": {
				"north": {"uv": [0, 0, 16, 16], "texture": "#1"},
				"east": {"uv": [0, 0, 16, 16], "texture": "#1"},
				"south": {"uv": [0, 0, 16, 16], "texture": "#1"},
				"west": {"uv": [0, 0, 16, 16], "texture": "#1"},
				"up": {"uv": [0, 0, 16, 16], "texture": "#0"},
				"down": {"uv": [0, 0, 16, 16], "texture": "#3"}
			}
		},
		{
			"from": [20, -13, 8],
			"to": [32, -1, 20],
			"faces": {
				"north": {"uv": [0, 0, 16, 16], "texture": "#1"},
				"east": {"uv": [0, 0, 16, 16], "texture": "#1"},
				"south": {"uv": [0, 0, 16, 16], "texture": "#1"},
				"west": {"uv": [0, 0, 16, 16], "texture": "#1"},
				"up": {"uv": [0, 0, 16, 16], "texture": "#0"},
				"down": {"uv": [0, 0, 16, 16], "texture": "#3"}
			}
		},
		{
			"from": [20, -13, -4],
			"to": [32, -1, 8],
			"faces": {
				"north": {"uv": [0, 0, 16, 16], "texture": "#1"},
				"east": {"uv": [0, 0, 16, 16], "texture": "#1"},
				"south": {"uv": [0, 0, 16, 16], "texture": "#1"},
				"west": {"uv": [0, 0, 16, 16], "texture": "#1"},
				"up": {"uv": [0, 0, 16, 16], "texture": "#0"},
				"down": {"uv": [0, 0, 16, 16], "texture": "#3"}
			}
		},
		{
			"from": [8, -13, -4],
			"to": [20, -1, 8],
			"faces": {
				"north": {"uv": [0, 0, 16, 16], "texture": "#1"},
				"east": {"uv": [0, 0, 16, 16], "texture": "#1"},
				"south": {"uv": [0, 0, 16, 16], "texture": "#1"},
				"west": {"uv": [0, 0, 16, 16], "texture": "#1"},
				"up": {"uv": [0, 0, 16, 16], "texture": "#0"},
				"down": {"uv": [0, 0, 16, 16], "texture": "#3"}
			}
		},
		{
			"from": [-4, -13, 20],
			"to": [8, -1, 32],
			"faces": {
				"north": {"uv": [0, 0, 16, 16], "texture": "#1"},
				"east": {"uv": [0, 0, 16, 16], "texture": "#1"},
				"south": {"uv": [0, 0, 16, 16], "texture": "#1"},
				"west": {"uv": [0, 0, 16, 16], "texture": "#1"},
				"up": {"uv": [0, 0, 16, 16], "texture": "#0"},
				"down": {"uv": [0, 0, 16, 16], "texture": "#3"}
			}
		},
		{
			"from": [-16, -13, 20],
			"to": [-4, -1, 32],
			"faces": {
				"north": {"uv": [0, 0, 16, 16], "texture": "#1"},
				"east": {"uv": [0, 0, 16, 16], "texture": "#1"},
				"south": {"uv": [0, 0, 16, 16], "texture": "#1"},
				"west": {"uv": [0, 0, 16, 16], "texture": "#1"},
				"up": {"uv": [0, 0, 16, 16], "texture": "#0"},
				"down": {"uv": [0, 0, 16, 16], "texture": "#3"}
			}
		},
		{
			"from": [8, -13, 20],
			"to": [20, -1, 32],
			"faces": {
				"north": {"uv": [0, 0, 16, 16], "texture": "#1"},
				"east": {"uv": [0, 0, 16, 16], "texture": "#1"},
				"south": {"uv": [0, 0, 16, 16], "texture": "#1"},
				"west": {"uv": [0, 0, 16, 16], "texture": "#1"},
				"up": {"uv": [0, 0, 16, 16], "texture": "#0"},
				"down": {"uv": [0, 0, 16, 16], "texture": "#3"}
			}
		},
		{
			"from": [-16, -13, 8],
			"to": [-4, -1, 20],
			"faces": {
				"north": {"uv": [0, 0, 16, 16], "texture": "#1"},
				"east": {"uv": [0, 0, 16, 16], "texture": "#1"},
				"south": {"uv": [0, 0, 16, 16], "texture": "#1"},
				"west": {"uv": [0, 0, 16, 16], "texture": "#1"},
				"up": {"uv": [0, 0, 16, 16], "texture": "#0"},
				"down": {"uv": [0, 0, 16, 16], "texture": "#3"}
			}
		},
		{
			"from": [-16, -13, -4],
			"to": [-4, -1, 8],
			"faces": {
				"north": {"uv": [0, 0, 16, 16], "texture": "#1"},
				"east": {"uv": [0, 0, 16, 16], "texture": "#1"},
				"south": {"uv": [0, 0, 16, 16], "texture": "#1"},
				"west": {"uv": [0, 0, 16, 16], "texture": "#1"},
				"up": {"uv": [0, 0, 16, 16], "texture": "#0"},
				"down": {"uv": [0, 0, 16, 16], "texture": "#3"}
			}
		},
		{
			"from": [-16, -13, -16],
			"to": [-4, -1, -4],
			"faces": {
				"north": {"uv": [0, 0, 16, 16], "texture": "#3"},
				"east": {"uv": [0, 0, 16, 16], "texture": "#3"},
				"south": {"uv": [0, 0, 16, 16], "texture": "#3"},
				"west": {"uv": [0, 0, 16, 16], "texture": "#3"},
				"up": {"uv": [0, 0, 16, 16], "texture": "#3"},
				"down": {"uv": [0, 0, 16, 16], "texture": "#3"}
			}
		},
		{
			"from": [-4, -13, -16],
			"to": [8, -1, -4],
			"faces": {
				"north": {"uv": [0, 0, 16, 16], "texture": "#3"},
				"east": {"uv": [0, 0, 16, 16], "texture": "#3"},
				"south": {"uv": [0, 0, 16, 16], "texture": "#3"},
				"west": {"uv": [0, 0, 16, 16], "texture": "#3"},
				"up": {"uv": [0, 0, 16, 16], "texture": "#3"},
				"down": {"uv": [0, 0, 16, 16], "texture": "#3"}
			}
		},
		{
			"from": [8, -13, 8],
			"to": [20, -1, 20],
			"faces": {
				"north": {"uv": [0, 0, 16, 16], "texture": "#1"},
				"east": {"uv": [0, 0, 16, 16], "texture": "#1"},
				"south": {"uv": [0, 0, 16, 16], "texture": "#1"},
				"west": {"uv": [0, 0, 16, 16], "texture": "#1"},
				"up": {"uv": [0, 0, 16, 16], "texture": "#0"},
				"down": {"uv": [0, 0, 16, 16], "texture": "#3"}
			}
		},
		{
			"from": [-16, -1, -16],
			"to": [-4, 11, -4],
			"faces": {
				"north": {"uv": [0, 0, 16, 16], "texture": "#1"},
				"east": {"uv": [0, 0, 16, 16], "texture": "#1"},
				"south": {"uv": [0, 0, 16, 16], "texture": "#1"},
				"west": {"uv": [0, 0, 16, 16], "texture": "#1"},
				"up": {"uv": [0, 0, 16, 16], "texture": "#0"},
				"down": {"uv": [0, 0, 16, 16], "texture": "#3"}
			}
		}
	],
	"display": {
		"thirdperson_righthand": {
			"translation": [0, 0.75, 0],
			"scale": [0.1, 0.1, 0.1]
		},
		"thirdperson_lefthand": {
			"scale": [0.1, 0.1, 0.1]
		},
		"firstperson_righthand": {
			"scale": [0.2, 0.2, 0.2]
		},
		"firstperson_lefthand": {
			"scale": [0.2, 0.2, 0.2]
		},
		"ground": {
			"scale": [0.2, 0.2, 0.2]
		},
		"gui": {
			"rotation": [0, -135, 0],
			"translation": [-1.25, 0, 0],
			"scale": [0.3, 0.3, 0.3]
		},
		"head": {
			"rotation": [0, 72, 0],
			"translation": [0.5, 10, 0],
			"scale": [0.2, 0.2, 0.2]
		},
		"fixed": {
			"rotation": [0, -90, 0],
			"scale": [0.3, 0.3, 0.3]
		}
	},
	"groups": [
		{
			"name": "steve",
			"origin": [8, 8, 8],
			"children": [0, 1, 2, 3, 4, 5, 6, 7, 8, 9, 10, 11]
		},
		{
			"name": "group",
			"origin": [0, 0, 0],
			"children": [12, 13, 14, 15, 16, 17, 18, 19, 20, 21, 22, 23, 24, 25, 26, 27]
		}
	]
}