{
	"credit": "Made with Blockbench",
	"textures": {
		"0": "people/captainsparklez",
		"particle": "people/captainsparklez"
	},
	"elements": [
		{
			"name": "head 2",
			"from": [3.75, 5, 3.75],
			"to": [12.25, 13.5, 12.25],
			"rotation": {"angle": 0, "axis": "y", "origin": [3.75, 0, -0.25]},
			"faces": {
				"north": {"uv": [10, 2, 12, 4], "texture": "#0"},
				"east": {"uv": [8, 2, 10, 4], "texture": "#0"},
				"south": {"uv": [14, 2, 16, 4], "texture": "#0"},
				"west": {"uv": [12, 2, 14, 4], "texture": "#0"},
				"up": {"uv": [10, 0, 12, 2], "rotation": 180, "texture": "#0"},
				"down": {"uv": [4, 0, 6, 2], "texture": "#0"}
			}
		},
		{
			"name": "head",
			"from": [4, 5, 4],
			"to": [12, 13, 12],
			"rotation": {"angle": 0, "axis": "y", "origin": [4, 0, 0]},
			"faces": {
				"north": {"uv": [2, 2, 4, 4], "texture": "#0"},
				"east": {"uv": [0, 2, 2, 4], "texture": "#0"},
				"south": {"uv": [6, 2, 8, 4], "texture": "#0"},
				"west": {"uv": [4, 2, 6, 4], "texture": "#0"},
				"up": {"uv": [2, 0, 4, 2], "texture": "#0"},
				"down": {"uv": [4, 0, 6, 2], "texture": "#0"}
			}
		},
		{
			"name": "body 2",
			"from": [4.8, 0.8, 6.3],
			"to": [11.2, 5.2, 9.7],
			"faces": {
				"north": {"uv": [4.5, 10, 7.5, 11.75], "texture": "#0"},
				"east": {"uv": [4, 10.5, 4.75, 11.5], "texture": "#0"},
				"south": {"uv": [7.25, 10, 9.75, 11.5], "texture": "#0"},
				"west": {"uv": [7.25, 10.5, 8, 11.5], "texture": "#0"},
				"up": {"uv": [5.25, 8.25, 6.75, 9], "rotation": 180, "texture": "#0"},
				"down": {"uv": [7, 8.25, 8.5, 9], "texture": "#0"}
			}
		},
		{
			"name": "body",
			"from": [5, 1, 6.5],
			"to": [11, 5, 9.5],
			"faces": {
				"north": {"uv": [5.25, 6, 6.75, 7], "texture": "#0"},
				"east": {"uv": [4, 5, 4.75, 6], "texture": "#0"},
				"south": {"uv": [8.25, 6, 9.75, 7.25], "texture": "#0"},
				"west": {"uv": [7.25, 5, 8, 6], "texture": "#0"},
				"up": {"uv": [5.25, 4.25, 6.75, 5], "rotation": 180, "texture": "#0"},
				"down": {"uv": [7.25, 4.25, 8.75, 5], "texture": "#0"}
			}
		},
		{
			"name": "left leg 2",
			"from": [4.7375, -0.7, 2.8],
			"to": [8.1375, 1.7, 6.7],
			"faces": {
				"north": {"uv": [2, 12, 3, 13], "texture": "#0"},
				"east": {"uv": [0, 15, 0.5, 16], "rotation": 270, "texture": "#0"},
				"south": {"uv": [1, 12, 2, 13], "texture": "#0"},
				"west": {"uv": [2.5, 15, 3, 16], "rotation": 90, "texture": "#0"},
				"up": {"uv": [0.5, 15, 1.5, 16], "rotation": 180, "texture": "#0"},
				"down": {"uv": [1.5, 15, 2.5, 16], "texture": "#0"}
			}
		},
		{
			"name": "left leg",
			"from": [4.9375, -0.5, 3],
			"to": [7.9375, 1.5, 9],
			"faces": {
				"north": {"uv": [2, 4, 3, 5], "rotation": 180, "texture": "#0"},
				"east": {"uv": [4.25, 13, 5, 15.75], "rotation": 270, "texture": "#0"},
				"south": {"uv": [1, 4, 2, 5], "texture": "#0"},
				"west": {"uv": [6, 13, 6.75, 15.75], "rotation": 90, "texture": "#0"},
				"up": {"uv": [5, 13, 6, 15.75], "rotation": 180, "texture": "#0"},
				"down": {"uv": [6.75, 13, 7.75, 15.75], "texture": "#0"}
			}
		},
		{
			"name": "right leg 2",
			"from": [7.8625, -0.7, 2.8],
			"to": [11.2625, 1.7, 6.7],
			"rotation": {"angle": 0, "axis": "y", "origin": [9.5625, 0.5, 8.375]},
			"faces": {
				"north": {"uv": [3, 12, 2, 13], "texture": "#0"},
				"east": {"uv": [2.5, 16, 3, 15], "rotation": 90, "texture": "#0"},
				"south": {"uv": [2, 12, 1, 13], "texture": "#0"},
				"west": {"uv": [0, 16, 0.5, 15], "rotation": 270, "texture": "#0"},
				"up": {"uv": [1.5, 15, 0.5, 16], "rotation": 180, "texture": "#0"},
				"down": {"uv": [2.5, 15, 1.5, 16], "texture": "#0"}
			}
		},
		{
			"name": "right leg",
			"from": [8.0625, -0.5, 3],
			"to": [11.0625, 1.5, 9],
			"rotation": {"angle": 0, "axis": "y", "origin": [9.5625, 0.5, 8.375]},
			"faces": {
				"north": {"uv": [3, 4, 2, 5], "rotation": 180, "texture": "#0"},
				"east": {"uv": [6, 15.75, 6.75, 13], "rotation": 90, "texture": "#0"},
				"south": {"uv": [2, 4, 1, 5], "texture": "#0"},
				"west": {"uv": [4.25, 15.75, 5, 13], "rotation": 270, "texture": "#0"},
				"up": {"uv": [6, 13, 5, 15.75], "rotation": 180, "texture": "#0"},
				"down": {"uv": [7.75, 13, 6.75, 15.75], "texture": "#0"}
			}
		},
		{
			"name": "left hand 2",
			"from": [2.8, -0.2, 6.8],
			"to": [5.2, 5.2, 9.2],
			"rotation": {"angle": -22.5, "axis": "z", "origin": [4, 4.5, 8]},
			"faces": {
				"north": {"uv": [12, 9.5, 11, 11.75], "texture": "#0"},
				"east": {"uv": [12, 11.75, 13, 9.5], "rotation": 180, "texture": "#0"},
				"south": {"uv": [14, 9.5, 13, 11.75], "texture": "#0"},
				"west": {"uv": [10, 11.75, 11, 9.5], "rotation": 180, "texture": "#0"},
				"up": {"uv": [12, 8, 11, 9], "texture": "#0"},
				"down": {"uv": [13, 8, 12, 9], "rotation": 180, "texture": "#0"}
			}
		},
		{
			"name": "left hand",
			"from": [3, 0, 7],
			"to": [5, 5, 9],
			"rotation": {"angle": -22.5, "axis": "z", "origin": [4, 4.5, 8]},
			"faces": {
				"north": {"uv": [12, 5.25, 11, 8], "texture": "#0"},
				"east": {"uv": [12, 8, 13, 5.25], "rotation": 180, "texture": "#0"},
				"south": {"uv": [14, 5.25, 13, 8], "texture": "#0"},
				"west": {"uv": [10, 8, 11, 5.25], "rotation": 180, "texture": "#0"},
				"up": {"uv": [12, 4, 11, 5], "texture": "#0"},
				"down": {"uv": [13, 4, 12, 5], "rotation": 180, "texture": "#0"}
			}
		},
		{
			"name": "right hand 2",
			"from": [10.8, 2.8, 2.3],
			"to": [13.2, 5.2, 7.7],
			"rotation": {"angle": -22.5, "axis": "y", "origin": [12, 4, 6.5]},
			"faces": {
				"north": {"uv": [12, 8, 13, 9], "texture": "#0"},
				"east": {"uv": [10, 9.5, 11, 11.75], "rotation": 270, "texture": "#0"},
				"south": {"uv": [11, 8, 12, 9], "texture": "#0"},
				"west": {"uv": [12, 9.5, 13, 11.75], "rotation": 90, "texture": "#0"},
				"up": {"uv": [11, 9.5, 12, 11.75], "rotation": 180, "texture": "#0"},
				"down": {"uv": [13, 9.5, 14, 11.75], "texture": "#0"}
			}
		},
		{
			"name": "right hand",
			"from": [11, 3, 2.5],
			"to": [13, 5, 7.5],
			"rotation": {"angle": -22.5, "axis": "y", "origin": [12, 4, 6.5]},
			"faces": {
				"north": {"uv": [12, 4, 13, 5], "texture": "#0"},
				"east": {"uv": [10, 5.25, 11, 8], "rotation": 270, "texture": "#0"},
				"south": {"uv": [11, 4, 12, 5], "texture": "#0"},
				"west": {"uv": [12, 5.25, 13, 8], "rotation": 90, "texture": "#0"},
				"up": {"uv": [11, 5.25, 12, 8], "rotation": 180, "texture": "#0"},
				"down": {"uv": [13, 5.25, 14, 8], "texture": "#0"}
			}
		}
	],
	"display": {
		"thirdperson_righthand": {
			"translation": [0, 4, 1.5],
			"scale": [0.5, 0.5, 0.5]
		},
		"thirdperson_lefthand": {
			"translation": [0, 4, 1.5],
			"scale": [0.5, 0.5, 0.5]
		},
		"firstperson_righthand": {
			"rotation": [0, 105, 0],
			"translation": [0, 4, 0],
			"scale": [0.5, 0.5, 0.5]
		},
		"firstperson_lefthand": {
			"rotation": [0, 105, 0],
			"translation": [0, 4, 0],
			"scale": [0.5, 0.5, 0.5]
		},
		"ground": {
			"translation": [0, 2.5, 0],
			"scale": [0.6, 0.6, 0.6]
		},
		"gui": {
			"rotation": [35, 135, 0],
			"translation": [0.75, 1.25, 0],
			"scale": [0.8, 0.8, 0.8]
		},
		"head": {
			"translation": [0, 15, 0]
		},
		"fixed": {
			"rotation": [-90, 0, 0],
			"translation": [0, 2.5, -17],
			"scale": [2, 2, 2]
		}
	}
}