{
	"credit": "Made with Blockbench",
	"textures": {
		"1": "people/msroohy"
	},
	"elements": [
		{
			"from": [3.75, 5, 3.75],
			"to": [12.25, 13.5, 12.25],
			"rotation": {"angle": 0, "axis": "x", "origin": [8, 6.125, 8]},
			"faces": {
				"north": {"uv": [10, 2, 12, 4], "texture": "#1"},
				"east": {"uv": [8, 2, 10, 4], "texture": "#1"},
				"south": {"uv": [14, 2, 16, 4], "texture": "#1"},
				"west": {"uv": [12, 2, 14, 4], "texture": "#1"},
				"up": {"uv": [10, 0, 12, 2], "rotation": 180, "texture": "#1"},
				"down": {"uv": [4, 0, 6, 2], "texture": "#1"}
			}
		},
		{
			"from": [4, 5, 4],
			"to": [12, 13, 12],
			"rotation": {"angle": 0, "axis": "x", "origin": [8, 6.125, 8]},
			"faces": {
				"north": {"uv": [2, 2, 4, 4], "texture": "#1"},
				"east": {"uv": [0, 2, 2, 4], "texture": "#1"},
				"south": {"uv": [6, 2, 8, 4], "texture": "#1"},
				"west": {"uv": [4, 2, 6, 4], "texture": "#1"},
				"up": {"uv": [2, 0, 4, 2], "texture": "#1"},
				"down": {"uv": [4, 0, 6, 2], "texture": "#1"}
			}
		},
		{
			"from": [5, 1, 6.5],
			"to": [11, 5, 9.5],
			"faces": {
				"north": {"uv": [4.75, 5, 7.25, 6.75], "texture": "#1"},
				"east": {"uv": [4, 5, 4.75, 6], "texture": "#1"},
				"south": {"uv": [7.75, 5.5, 10.25, 7.25], "texture": "#1"},
				"west": {"uv": [7.25, 5, 8, 6], "texture": "#1"},
				"up": {"uv": [5.25, 4.25, 6.75, 5], "rotation": 180, "texture": "#1"},
				"down": {"uv": [7.25, 4.25, 8.75, 5], "texture": "#1"}
			}
		},
		{
			"from": [4.9375, -0.5, 3],
			"to": [7.9375, 1.5, 9],
			"rotation": {"angle": 0, "axis": "y", "origin": [6.4375, 0.5, 8.375]},
			"faces": {
				"north": {"uv": [2, 4, 3, 5], "rotation": 180, "texture": "#1"},
				"east": {"uv": [4.5, 13.75, 5, 16], "rotation": 270, "texture": "#1"},
				"south": {"uv": [1, 4, 2, 5], "texture": "#1"},
				"west": {"uv": [7, 13.75, 7.5, 16], "rotation": 90, "texture": "#1"},
				"up": {"uv": [5, 13.75, 6, 16], "rotation": 180, "texture": "#1"},
				"down": {"uv": [6, 13.75, 7, 16], "texture": "#1"}
			}
		},
		{
			"from": [4.7375, -0.7, 2.8],
			"to": [8.1375, 1.7, 6.7],
			"rotation": {"angle": 0, "axis": "y", "origin": [6.4375, 0.5, 8.375]},
			"faces": {
				"north": {"uv": [2, 12, 3, 13], "texture": "#1"},
				"east": {"uv": [0.5, 14.5, 1, 16], "rotation": 270, "texture": "#1"},
				"south": {"uv": [1, 12, 2, 13], "texture": "#1"},
				"west": {"uv": [3, 14.5, 3.5, 16], "rotation": 90, "texture": "#1"},
				"up": {"uv": [1, 14.5, 2, 16], "rotation": 180, "texture": "#1"},
				"down": {"uv": [2, 14.5, 3, 16], "texture": "#1"}
			}
		},
		{
			"from": [7.8625, -0.7, 2.8],
			"to": [11.2625, 1.7, 6.7],
			"rotation": {"angle": 0, "axis": "y", "origin": [9.5625, 0.5, 8.375]},
			"faces": {
				"north": {"uv": [3, 12, 2, 13], "texture": "#1"},
				"east": {"uv": [3, 16, 3.5, 14.5], "rotation": 90, "texture": "#1"},
				"south": {"uv": [2, 12, 1, 13], "texture": "#1"},
				"west": {"uv": [0.5, 16, 1, 14.5], "rotation": 270, "texture": "#1"},
				"up": {"uv": [2, 14.5, 1, 16], "rotation": 180, "texture": "#1"},
				"down": {"uv": [3, 14.5, 2, 16], "texture": "#1"}
			}
		},
		{
			"from": [8.0625, -0.5, 3],
			"to": [11.0625, 1.5, 9],
			"rotation": {"angle": 0, "axis": "y", "origin": [9.5625, 0.5, 8.375]},
			"faces": {
				"north": {"uv": [3, 4, 2, 5], "rotation": 180, "texture": "#1"},
				"east": {"uv": [7, 16, 7.5, 13.75], "rotation": 90, "texture": "#1"},
				"south": {"uv": [2, 4, 1, 5], "texture": "#1"},
				"west": {"uv": [4.5, 16, 5, 13.75], "rotation": 270, "texture": "#1"},
				"up": {"uv": [6, 13.75, 5, 16], "rotation": 180, "texture": "#1"},
				"down": {"uv": [7, 13.75, 6, 16], "texture": "#1"}
			}
		},
		{
			"from": [11.01537, 3, 6.90224],
			"to": [16.01537, 5, 8.90224],
			"rotation": {"angle": 45, "axis": "z", "origin": [12.01537, 4, 7.40224]},
			"faces": {
				"north": {"uv": [11.75, 5.25, 12.5, 8], "rotation": 90, "texture": "#1"},
				"east": {"uv": [11.75, 4, 12.5, 5], "texture": "#1"},
				"south": {"uv": [10, 5.25, 10.75, 8], "rotation": 270, "texture": "#1"},
				"west": {"uv": [11, 4, 11.75, 5], "texture": "#1"},
				"up": {"uv": [10.75, 5.25, 11.75, 8], "rotation": 270, "texture": "#1"},
				"down": {"uv": [12.5, 5.25, 13.5, 8], "rotation": 270, "texture": "#1"}
			}
		},
		{
			"from": [12.81537, 2.8, 6.70224],
			"to": [16.21537, 5.2, 9.10224],
			"rotation": {"angle": 45, "axis": "z", "origin": [12.01537, 4, 7.40224]},
			"faces": {
				"north": {"uv": [11.75, 10.25, 12.5, 12], "rotation": 90, "texture": "#1"},
				"east": {"uv": [12, 8, 13, 9], "texture": "#1"},
				"south": {"uv": [10, 10.25, 10.75, 12], "rotation": 270, "texture": "#1"},
				"west": {"uv": [11, 8, 12, 9], "texture": "#1"},
				"up": {"uv": [10.75, 10.25, 11.75, 12], "rotation": 270, "texture": "#1"},
				"down": {"uv": [12.5, 10.25, 13.5, 12], "rotation": 270, "texture": "#1"}
			}
		},
		{
			"from": [-0.01537, 3, 6.90224],
			"to": [4.98463, 5, 8.90224],
			"rotation": {"angle": -45, "axis": "z", "origin": [3.98463, 4, 7.40224]},
			"faces": {
				"north": {"uv": [11.75, 8, 12.5, 5.25], "rotation": 90, "texture": "#1"},
				"east": {"uv": [11.75, 4, 11, 5], "texture": "#1"},
				"south": {"uv": [10, 8, 10.75, 5.25], "rotation": 270, "texture": "#1"},
				"west": {"uv": [12.5, 4, 11.75, 5], "texture": "#1"},
				"up": {"uv": [10.75, 8, 11.75, 5.25], "rotation": 270, "texture": "#1"},
				"down": {"uv": [12.5, 8, 13.5, 5.25], "rotation": 270, "texture": "#1"}
			}
		},
		{
			"from": [-0.21537, 2.8, 6.70224],
			"to": [3.18463, 5.2, 9.10224],
			"rotation": {"angle": -45, "axis": "z", "origin": [3.98463, 4, 7.40224]},
			"faces": {
				"north": {"uv": [11.75, 12, 12.5, 10.25], "rotation": 90, "texture": "#1"},
				"east": {"uv": [12, 8, 11, 9], "texture": "#1"},
				"south": {"uv": [10, 12, 10.75, 10.25], "rotation": 270, "texture": "#1"},
				"west": {"uv": [13, 8, 12, 9], "texture": "#1"},
				"up": {"uv": [10.75, 12, 11.75, 10.25], "rotation": 270, "texture": "#1"},
				"down": {"uv": [12.5, 12, 13.5, 10.25], "rotation": 270, "texture": "#1"}
			}
		}
	],
	"display": {
		"thirdperson_righthand": {
			"translation": [0, 4, 1.5],
			"scale": [0.5, 0.5, 0.5]
		},
		"thirdperson_lefthand": {
			"translation": [0, 4, 1.5],
			"scale": [0.5, 0.5, 0.5]
		},
		"firstperson_righthand": {
			"rotation": [0, 105, 0],
			"translation": [0, 4, 0],
			"scale": [0.5, 0.5, 0.5]
		},
		"firstperson_lefthand": {
			"rotation": [0, 105, 0],
			"translation": [0, 4, 0],
			"scale": [0.5, 0.5, 0.5]
		},
		"ground": {
			"translation": [0, 2.5, 0],
			"scale": [0.6, 0.6, 0.6]
		},
		"gui": {
			"rotation": [35, 135, 0],
			"translation": [0.75, 1.25, 0],
			"scale": [0.8, 0.8, 0.8]
		},
		"head": {
			"translation": [0, 15, 0]
		},
		"fixed": {
			"rotation": [-90, 0, 0],
			"translation": [0, 2.5, -17],
			"scale": [2, 2, 2]
		}
	}
}