{
	"credit": "Made with Blockbench",
	"textures": {
		"0": "custom/jump_boost",
		"1": "block/stone",
		"particle": "custom/jump_boost"
	},
	"elements": [
		{
			"from": [9.75, 0, 12.75],
			"to": [12.75, 0.998, 13.75],
			"rotation": {"angle": 22.5, "axis": "y", "origin": [11.25, 0.5, 13.25]},
			"faces": {
				"north": {"uv": [0, 0, 5, 1], "texture": "#1"},
				"east": {"uv": [0, 0, 1, 1], "texture": "#1"},
				"south": {"uv": [0, 0, 5, 1], "texture": "#1"},
				"west": {"uv": [0, 0, 1, 1], "texture": "#1"},
				"up": {"uv": [5, 1, 0, 0], "texture": "#1"},
				"down": {"uv": [5, 1, 0, 0], "texture": "#1"}
			}
		},
		{
			"from": [5.875, 0, 13.325],
			"to": [10.125, 0.997, 14.325],
			"rotation": {"angle": 0, "axis": "y", "origin": [11.25, 0.5, 13.25]},
			"faces": {
				"north": {"uv": [0, 0, 5, 1], "texture": "#1"},
				"east": {"uv": [0, 0, 1, 1], "texture": "#1"},
				"south": {"uv": [0, 0, 5, 1], "texture": "#1"},
				"west": {"uv": [0, 0, 1, 1], "texture": "#1"},
				"up": {"uv": [5, 1, 0, 0], "texture": "#1"},
				"down": {"uv": [5, 1, 0, 0], "texture": "#1"}
			}
		},
		{
			"from": [11.875, 0, 9.0375],
			"to": [12.875, 1, 12.0375],
			"rotation": {"angle": -22.5, "axis": "y", "origin": [11.25, 0.5, 13.25]},
			"faces": {
				"north": {"uv": [0, 0, 1, 1], "texture": "#1"},
				"east": {"uv": [0, 0, 5, 1], "texture": "#1"},
				"south": {"uv": [0, 0, 1, 1], "texture": "#1"},
				"west": {"uv": [0, 0, 5, 1], "texture": "#1"},
				"up": {"uv": [5, 1, 0, 0], "rotation": 270, "texture": "#1"},
				"down": {"uv": [5, 1, 0, 0], "rotation": 90, "texture": "#1"}
			}
		},
		{
			"from": [13.35126, 0, 12.04201],
			"to": [14.35126, 0.999, 13.04201],
			"rotation": {"angle": -45, "axis": "y", "origin": [13.22626, 0.5, 11.09201]},
			"faces": {
				"north": {"uv": [0, 0, 1, 1], "texture": "#1"},
				"east": {"uv": [0, 0, 5, 1], "texture": "#1"},
				"south": {"uv": [0, 0, 1, 1], "texture": "#1"},
				"west": {"uv": [0, 0, 5, 1], "texture": "#1"},
				"up": {"uv": [5, 1, 0, 0], "rotation": 270, "texture": "#1"},
				"down": {"uv": [5, 1, 0, 0], "rotation": 90, "texture": "#1"}
			}
		},
		{
			"from": [13.91376, 0.001, 11.29201],
			"to": [14.91376, 0.501, 13.79201],
			"rotation": {"angle": -45, "axis": "y", "origin": [13.22626, 0.5, 11.09201]},
			"faces": {
				"north": {"uv": [0, 0, 1, 1], "texture": "#1"},
				"east": {"uv": [4, 1, 7, 2], "texture": "#1"},
				"south": {"uv": [0, 0, 1, 1], "texture": "#1"},
				"west": {"uv": [4, 1, 7, 2], "texture": "#1"},
				"up": {"uv": [7, 2, 4, 1], "rotation": 270, "texture": "#1"},
				"down": {"uv": [7, 2, 4, 1], "rotation": 90, "texture": "#1"}
			}
		},
		{
			"from": [13.14597, 0.001, 13.06234],
			"to": [13.64597, 0.5011, 13.56234],
			"rotation": {"angle": 0, "axis": "y", "origin": [13.57097, 0.251, 13.48734]},
			"faces": {
				"north": {"uv": [4, 1, 5, 2], "texture": "#1"},
				"east": {"uv": [0, 0, 1, 1], "texture": "#1"},
				"south": {"uv": [4, 1, 5, 2], "texture": "#1"},
				"west": {"uv": [0, 0, 1, 1], "texture": "#1"},
				"up": {"uv": [5, 2, 4, 1], "texture": "#1"},
				"down": {"uv": [5, 2, 4, 1], "texture": "#1"}
			}
		},
		{
			"from": [9.75, 0, 12.75],
			"to": [12.75, 0.998, 13.75],
			"rotation": {"angle": 22.5, "axis": "y", "origin": [11.25, 0.5, 13.25]},
			"faces": {
				"north": {"uv": [0, 0, 5, 1], "texture": "#1"},
				"east": {"uv": [0, 0, 1, 1], "texture": "#1"},
				"south": {"uv": [0, 0, 5, 1], "texture": "#1"},
				"west": {"uv": [0, 0, 1, 1], "texture": "#1"},
				"up": {"uv": [5, 1, 0, 0], "texture": "#1"},
				"down": {"uv": [5, 1, 0, 0], "texture": "#1"}
			}
		},
		{
			"from": [5.875, 0, 13.325],
			"to": [10.125, 0.997, 14.325],
			"rotation": {"angle": 0, "axis": "y", "origin": [11.25, 0.5, 13.25]},
			"faces": {
				"north": {"uv": [0, 0, 5, 1], "texture": "#1"},
				"east": {"uv": [0, 0, 1, 1], "texture": "#1"},
				"south": {"uv": [0, 0, 5, 1], "texture": "#1"},
				"west": {"uv": [0, 0, 1, 1], "texture": "#1"},
				"up": {"uv": [5, 1, 0, 0], "texture": "#1"},
				"down": {"uv": [5, 1, 0, 0], "texture": "#1"}
			}
		},
		{
			"from": [11.875, 0, 9.0375],
			"to": [12.875, 1, 12.0375],
			"rotation": {"angle": -22.5, "axis": "y", "origin": [11.25, 0.5, 13.25]},
			"faces": {
				"north": {"uv": [0, 0, 1, 1], "texture": "#1"},
				"east": {"uv": [0, 0, 5, 1], "texture": "#1"},
				"south": {"uv": [0, 0, 1, 1], "texture": "#1"},
				"west": {"uv": [0, 0, 5, 1], "texture": "#1"},
				"up": {"uv": [5, 1, 0, 0], "rotation": 270, "texture": "#1"},
				"down": {"uv": [5, 1, 0, 0], "rotation": 90, "texture": "#1"}
			}
		},
		{
			"from": [3.25, 0, 2.25],
			"to": [6.25, 0.998, 3.25],
			"rotation": {"angle": 22.5, "axis": "y", "origin": [4.75, 0.5, 2.75]},
			"faces": {
				"north": {"uv": [0, 0, 5, 1], "texture": "#1"},
				"east": {"uv": [0, 0, 1, 1], "texture": "#1"},
				"south": {"uv": [0, 0, 5, 1], "texture": "#1"},
				"west": {"uv": [0, 0, 1, 1], "texture": "#1"},
				"up": {"uv": [0, 0, 5, 1], "texture": "#1"},
				"down": {"uv": [0, 0, 5, 1], "texture": "#1"}
			}
		},
		{
			"from": [5.875, 0, 1.675],
			"to": [10.125, 0.997, 2.675],
			"rotation": {"angle": 0, "axis": "y", "origin": [4.75, 0.5, 2.75]},
			"faces": {
				"north": {"uv": [0, 0, 5, 1], "texture": "#1"},
				"east": {"uv": [0, 0, 1, 1], "texture": "#1"},
				"south": {"uv": [0, 0, 5, 1], "texture": "#1"},
				"west": {"uv": [0, 0, 1, 1], "texture": "#1"},
				"up": {"uv": [0, 0, 5, 1], "texture": "#1"},
				"down": {"uv": [0, 0, 5, 1], "texture": "#1"}
			}
		},
		{
			"from": [3.125, 0, 3.9625],
			"to": [4.125, 1, 6.9625],
			"rotation": {"angle": -22.5, "axis": "y", "origin": [4.75, 0.5, 2.75]},
			"faces": {
				"north": {"uv": [0, 0, 1, 1], "texture": "#1"},
				"east": {"uv": [0, 0, 5, 1], "texture": "#1"},
				"south": {"uv": [0, 0, 1, 1], "texture": "#1"},
				"west": {"uv": [0, 0, 5, 1], "texture": "#1"},
				"up": {"uv": [0, 0, 5, 1], "rotation": 270, "texture": "#1"},
				"down": {"uv": [0, 0, 5, 1], "rotation": 90, "texture": "#1"}
			}
		},
		{
			"from": [1.64874, 0, 2.95799],
			"to": [2.64874, 0.999, 3.95799],
			"rotation": {"angle": -45, "axis": "y", "origin": [2.77374, 0.5, 4.90799]},
			"faces": {
				"north": {"uv": [0, 0, 1, 1], "texture": "#1"},
				"east": {"uv": [0, 0, 5, 1], "texture": "#1"},
				"south": {"uv": [0, 0, 1, 1], "texture": "#1"},
				"west": {"uv": [0, 0, 5, 1], "texture": "#1"},
				"up": {"uv": [0, 0, 5, 1], "rotation": 270, "texture": "#1"},
				"down": {"uv": [0, 0, 5, 1], "rotation": 90, "texture": "#1"}
			}
		},
		{
			"from": [1.08624, 0.001, 2.20799],
			"to": [2.08624, 0.501, 4.70799],
			"rotation": {"angle": -45, "axis": "y", "origin": [2.77374, 0.5, 4.90799]},
			"faces": {
				"north": {"uv": [0, 0, 1, 1], "texture": "#1"},
				"east": {"uv": [4, 1, 7, 2], "texture": "#1"},
				"south": {"uv": [0, 0, 1, 1], "texture": "#1"},
				"west": {"uv": [4, 1, 7, 2], "texture": "#1"},
				"up": {"uv": [4, 1, 7, 2], "rotation": 270, "texture": "#1"},
				"down": {"uv": [4, 1, 7, 2], "rotation": 90, "texture": "#1"}
			}
		},
		{
			"from": [2.35403, 0.001, 2.43766],
			"to": [2.85403, 0.5011, 2.93766],
			"rotation": {"angle": 0, "axis": "y", "origin": [2.42903, 0.251, 2.51266]},
			"faces": {
				"north": {"uv": [4, 1, 5, 2], "texture": "#1"},
				"east": {"uv": [0, 0, 1, 1], "texture": "#1"},
				"south": {"uv": [4, 1, 5, 2], "texture": "#1"},
				"west": {"uv": [0, 0, 1, 1], "texture": "#1"},
				"up": {"uv": [4, 1, 5, 2], "texture": "#1"},
				"down": {"uv": [4, 1, 5, 2], "texture": "#1"}
			}
		},
		{
			"from": [3.25, 0, 2.25],
			"to": [6.25, 0.998, 3.25],
			"rotation": {"angle": 22.5, "axis": "y", "origin": [4.75, 0.5, 2.75]},
			"faces": {
				"north": {"uv": [0, 0, 5, 1], "texture": "#1"},
				"east": {"uv": [0, 0, 1, 1], "texture": "#1"},
				"south": {"uv": [0, 0, 5, 1], "texture": "#1"},
				"west": {"uv": [0, 0, 1, 1], "texture": "#1"},
				"up": {"uv": [0, 0, 5, 1], "texture": "#1"},
				"down": {"uv": [0, 0, 5, 1], "texture": "#1"}
			}
		},
		{
			"from": [5.875, 0, 1.675],
			"to": [10.125, 0.997, 2.675],
			"rotation": {"angle": 0, "axis": "y", "origin": [4.75, 0.5, 2.75]},
			"faces": {
				"north": {"uv": [0, 0, 5, 1], "texture": "#1"},
				"east": {"uv": [0, 0, 1, 1], "texture": "#1"},
				"south": {"uv": [0, 0, 5, 1], "texture": "#1"},
				"west": {"uv": [0, 0, 1, 1], "texture": "#1"},
				"up": {"uv": [0, 0, 5, 1], "texture": "#1"},
				"down": {"uv": [0, 0, 5, 1], "texture": "#1"}
			}
		},
		{
			"from": [3.125, 0, 3.9625],
			"to": [4.125, 1, 6.9625],
			"rotation": {"angle": -22.5, "axis": "y", "origin": [4.75, 0.5, 2.75]},
			"faces": {
				"north": {"uv": [0, 0, 1, 1], "texture": "#1"},
				"east": {"uv": [0, 0, 5, 1], "texture": "#1"},
				"south": {"uv": [0, 0, 1, 1], "texture": "#1"},
				"west": {"uv": [0, 0, 5, 1], "texture": "#1"},
				"up": {"uv": [0, 0, 5, 1], "rotation": 270, "texture": "#1"},
				"down": {"uv": [0, 0, 5, 1], "rotation": 90, "texture": "#1"}
			}
		},
		{
			"from": [2.5, 0.125, 2.5],
			"to": [13.5, 0.325, 13.5],
			"faces": {
				"north": {"uv": [0, 0, 11, 0.2], "texture": "#0"},
				"east": {"uv": [0, 0, 11, 0.2], "texture": "#0"},
				"south": {"uv": [0, 0, 11, 0.2], "texture": "#0"},
				"west": {"uv": [0, 0, 11, 0.2], "texture": "#0"},
				"up": {"uv": [0, 0, 16, 16], "texture": "#0"},
				"down": {"uv": [0, 0, 16, 16], "texture": "#0"}
			}
		},
		{
			"from": [1.40591, 0, 7.49352],
			"to": [2.40591, 0.998, 10.49352],
			"rotation": {"angle": 22.5, "axis": "y", "origin": [8, 0.44406, 8]},
			"faces": {
				"north": {"uv": [0, 0, 1, 1], "texture": "#1"},
				"east": {"uv": [0, 0, 5, 1], "texture": "#1"},
				"south": {"uv": [0, 0, 1, 1], "texture": "#1"},
				"west": {"uv": [0, 0, 5, 1], "texture": "#1"},
				"up": {"uv": [5, 1, 0, 0], "rotation": 90, "texture": "#1"},
				"down": {"uv": [5, 1, 0, 0], "rotation": 270, "texture": "#1"}
			}
		},
		{
			"from": [1.675, 0, 5.875],
			"to": [2.675, 0.997, 10.125],
			"rotation": {"angle": 0, "axis": "y", "origin": [8, 0.44406, 8]},
			"faces": {
				"north": {"uv": [0, 0, 1, 1], "texture": "#1"},
				"east": {"uv": [0, 0, 5, 1], "texture": "#1"},
				"south": {"uv": [0, 0, 1, 1], "texture": "#1"},
				"west": {"uv": [0, 0, 5, 1], "texture": "#1"},
				"up": {"uv": [5, 1, 0, 0], "rotation": 90, "texture": "#1"},
				"down": {"uv": [5, 1, 0, 0], "rotation": 270, "texture": "#1"}
			}
		},
		{
			"from": [5.60585, 0, 13.6367],
			"to": [8.60585, 1, 14.6367],
			"rotation": {"angle": -22.5, "axis": "y", "origin": [8, 0.44406, 8]},
			"faces": {
				"north": {"uv": [0, 0, 5, 1], "texture": "#1"},
				"east": {"uv": [0, 0, 1, 1], "texture": "#1"},
				"south": {"uv": [0, 0, 5, 1], "texture": "#1"},
				"west": {"uv": [0, 0, 1, 1], "texture": "#1"},
				"up": {"uv": [5, 1, 0, 0], "texture": "#1"},
				"down": {"uv": [5, 1, 0, 0], "texture": "#1"}
			}
		},
		{
			"from": [7.55914, 0, 14.00691],
			"to": [8.55914, 0.999, 15.00691],
			"rotation": {"angle": -45, "axis": "y", "origin": [8, 0.44406, 8]},
			"faces": {
				"north": {"uv": [0, 0, 5, 1], "texture": "#1"},
				"east": {"uv": [0, 0, 1, 1], "texture": "#1"},
				"south": {"uv": [0, 0, 5, 1], "texture": "#1"},
				"west": {"uv": [0, 0, 1, 1], "texture": "#1"},
				"up": {"uv": [5, 1, 0, 0], "texture": "#1"},
				"down": {"uv": [5, 1, 0, 0], "texture": "#1"}
			}
		},
		{
			"from": [6.80914, 0.001, 14.56941],
			"to": [9.30914, 0.501, 15.56941],
			"rotation": {"angle": -45, "axis": "y", "origin": [8, 0.44406, 8]},
			"faces": {
				"north": {"uv": [4, 1, 7, 2], "texture": "#1"},
				"east": {"uv": [0, 0, 1, 1], "texture": "#1"},
				"south": {"uv": [4, 1, 7, 2], "texture": "#1"},
				"west": {"uv": [0, 0, 1, 1], "texture": "#1"},
				"up": {"uv": [7, 2, 4, 1], "texture": "#1"},
				"down": {"uv": [7, 2, 4, 1], "texture": "#1"}
			}
		},
		{
			"from": [2.43766, 0.001, 13.14597],
			"to": [2.93766, 0.5011, 13.64597],
			"rotation": {"angle": 0, "axis": "y", "origin": [8, 0.44406, 8]},
			"faces": {
				"north": {"uv": [0, 0, 1, 1], "texture": "#1"},
				"east": {"uv": [4, 1, 5, 2], "texture": "#1"},
				"south": {"uv": [0, 0, 1, 1], "texture": "#1"},
				"west": {"uv": [4, 1, 5, 2], "texture": "#1"},
				"up": {"uv": [5, 2, 4, 1], "rotation": 90, "texture": "#1"},
				"down": {"uv": [5, 2, 4, 1], "rotation": 270, "texture": "#1"}
			}
		},
		{
			"from": [1.40591, 0, 7.49352],
			"to": [2.40591, 0.998, 10.49352],
			"rotation": {"angle": 22.5, "axis": "y", "origin": [8, 0.44406, 8]},
			"faces": {
				"north": {"uv": [0, 0, 1, 1], "texture": "#1"},
				"east": {"uv": [0, 0, 5, 1], "texture": "#1"},
				"south": {"uv": [0, 0, 1, 1], "texture": "#1"},
				"west": {"uv": [0, 0, 5, 1], "texture": "#1"},
				"up": {"uv": [5, 1, 0, 0], "rotation": 90, "texture": "#1"},
				"down": {"uv": [5, 1, 0, 0], "rotation": 270, "texture": "#1"}
			}
		},
		{
			"from": [1.675, 0, 5.875],
			"to": [2.675, 0.997, 10.125],
			"rotation": {"angle": 0, "axis": "y", "origin": [8, 0.44406, 8]},
			"faces": {
				"north": {"uv": [0, 0, 1, 1], "texture": "#1"},
				"east": {"uv": [0, 0, 5, 1], "texture": "#1"},
				"south": {"uv": [0, 0, 1, 1], "texture": "#1"},
				"west": {"uv": [0, 0, 5, 1], "texture": "#1"},
				"up": {"uv": [5, 1, 0, 0], "rotation": 90, "texture": "#1"},
				"down": {"uv": [5, 1, 0, 0], "rotation": 270, "texture": "#1"}
			}
		},
		{
			"from": [5.60585, 0, 13.6367],
			"to": [8.60585, 1, 14.6367],
			"rotation": {"angle": -22.5, "axis": "y", "origin": [8, 0.44406, 8]},
			"faces": {
				"north": {"uv": [0, 0, 5, 1], "texture": "#1"},
				"east": {"uv": [0, 0, 1, 1], "texture": "#1"},
				"south": {"uv": [0, 0, 5, 1], "texture": "#1"},
				"west": {"uv": [0, 0, 1, 1], "texture": "#1"},
				"up": {"uv": [5, 1, 0, 0], "texture": "#1"},
				"down": {"uv": [5, 1, 0, 0], "texture": "#1"}
			}
		},
		{
			"from": [13.59409, 0, 5.50648],
			"to": [14.59409, 0.998, 8.50648],
			"rotation": {"angle": 22.5, "axis": "y", "origin": [8, 0.44406, 8]},
			"faces": {
				"north": {"uv": [0, 0, 1, 1], "texture": "#1"},
				"east": {"uv": [0, 0, 5, 1], "texture": "#1"},
				"south": {"uv": [0, 0, 1, 1], "texture": "#1"},
				"west": {"uv": [0, 0, 5, 1], "texture": "#1"},
				"up": {"uv": [0, 0, 5, 1], "rotation": 90, "texture": "#1"},
				"down": {"uv": [0, 0, 5, 1], "rotation": 270, "texture": "#1"}
			}
		},
		{
			"from": [13.325, 0, 5.875],
			"to": [14.325, 0.997, 10.125],
			"rotation": {"angle": 0, "axis": "y", "origin": [8, 0.44406, 8]},
			"faces": {
				"north": {"uv": [0, 0, 1, 1], "texture": "#1"},
				"east": {"uv": [0, 0, 5, 1], "texture": "#1"},
				"south": {"uv": [0, 0, 1, 1], "texture": "#1"},
				"west": {"uv": [0, 0, 5, 1], "texture": "#1"},
				"up": {"uv": [0, 0, 5, 1], "rotation": 90, "texture": "#1"},
				"down": {"uv": [0, 0, 5, 1], "rotation": 270, "texture": "#1"}
			}
		},
		{
			"from": [7.39415, 0, 1.3633],
			"to": [10.39415, 1, 2.3633],
			"rotation": {"angle": -22.5, "axis": "y", "origin": [8, 0.44406, 8]},
			"faces": {
				"north": {"uv": [0, 0, 5, 1], "texture": "#1"},
				"east": {"uv": [0, 0, 1, 1], "texture": "#1"},
				"south": {"uv": [0, 0, 5, 1], "texture": "#1"},
				"west": {"uv": [0, 0, 1, 1], "texture": "#1"},
				"up": {"uv": [0, 0, 5, 1], "texture": "#1"},
				"down": {"uv": [0, 0, 5, 1], "texture": "#1"}
			}
		},
		{
			"from": [7.44086, 0, 0.99309],
			"to": [8.44086, 0.999, 1.99309],
			"rotation": {"angle": -45, "axis": "y", "origin": [8, 0.44406, 8]},
			"faces": {
				"north": {"uv": [0, 0, 5, 1], "texture": "#1"},
				"east": {"uv": [0, 0, 1, 1], "texture": "#1"},
				"south": {"uv": [0, 0, 5, 1], "texture": "#1"},
				"west": {"uv": [0, 0, 1, 1], "texture": "#1"},
				"up": {"uv": [0, 0, 5, 1], "texture": "#1"},
				"down": {"uv": [0, 0, 5, 1], "texture": "#1"}
			}
		},
		{
			"from": [6.69086, 0.001, 0.43059],
			"to": [9.19086, 0.501, 1.43059],
			"rotation": {"angle": -45, "axis": "y", "origin": [8, 0.44406, 8]},
			"faces": {
				"north": {"uv": [4, 1, 7, 2], "texture": "#1"},
				"east": {"uv": [0, 0, 1, 1], "texture": "#1"},
				"south": {"uv": [4, 1, 7, 2], "texture": "#1"},
				"west": {"uv": [0, 0, 1, 1], "texture": "#1"},
				"up": {"uv": [4, 1, 7, 2], "texture": "#1"},
				"down": {"uv": [4, 1, 7, 2], "texture": "#1"}
			}
		},
		{
			"from": [13.06234, 0.001, 2.35403],
			"to": [13.56234, 0.5011, 2.85403],
			"rotation": {"angle": 0, "axis": "y", "origin": [8, 0.44406, 8]},
			"faces": {
				"north": {"uv": [0, 0, 1, 1], "texture": "#1"},
				"east": {"uv": [4, 1, 5, 2], "texture": "#1"},
				"south": {"uv": [0, 0, 1, 1], "texture": "#1"},
				"west": {"uv": [4, 1, 5, 2], "texture": "#1"},
				"up": {"uv": [4, 1, 5, 2], "rotation": 90, "texture": "#1"},
				"down": {"uv": [4, 1, 5, 2], "rotation": 270, "texture": "#1"}
			}
		},
		{
			"from": [13.59409, 0, 5.50648],
			"to": [14.59409, 0.998, 8.50648],
			"rotation": {"angle": 22.5, "axis": "y", "origin": [8, 0.44406, 8]},
			"faces": {
				"north": {"uv": [0, 0, 1, 1], "texture": "#1"},
				"east": {"uv": [0, 0, 5, 1], "texture": "#1"},
				"south": {"uv": [0, 0, 1, 1], "texture": "#1"},
				"west": {"uv": [0, 0, 5, 1], "texture": "#1"},
				"up": {"uv": [0, 0, 5, 1], "rotation": 90, "texture": "#1"},
				"down": {"uv": [0, 0, 5, 1], "rotation": 270, "texture": "#1"}
			}
		},
		{
			"from": [13.325, 0, 5.875],
			"to": [14.325, 0.997, 10.125],
			"rotation": {"angle": 0, "axis": "y", "origin": [8, 0.44406, 8]},
			"faces": {
				"north": {"uv": [0, 0, 1, 1], "texture": "#1"},
				"east": {"uv": [0, 0, 5, 1], "texture": "#1"},
				"south": {"uv": [0, 0, 1, 1], "texture": "#1"},
				"west": {"uv": [0, 0, 5, 1], "texture": "#1"},
				"up": {"uv": [0, 0, 5, 1], "rotation": 90, "texture": "#1"},
				"down": {"uv": [0, 0, 5, 1], "rotation": 270, "texture": "#1"}
			}
		},
		{
			"from": [7.39415, 0, 1.3633],
			"to": [10.39415, 1, 2.3633],
			"rotation": {"angle": -22.5, "axis": "y", "origin": [8, 0.44406, 8]},
			"faces": {
				"north": {"uv": [0, 0, 5, 1], "texture": "#1"},
				"east": {"uv": [0, 0, 1, 1], "texture": "#1"},
				"south": {"uv": [0, 0, 5, 1], "texture": "#1"},
				"west": {"uv": [0, 0, 1, 1], "texture": "#1"},
				"up": {"uv": [0, 0, 5, 1], "texture": "#1"},
				"down": {"uv": [0, 0, 5, 1], "texture": "#1"}
			}
		}
	],
	"display": {
		"ground": {
			"translation": [0, 6, 0]
		},
		"fixed": {
			"rotation": [-90, 0, 0],
			"translation": [0, 0, -16],
			"scale": [2, 2, 2]
		}
	},
	"groups": [
		{
			"name": "group",
			"origin": [8, 8, 8],
			"color": 0,
			"nbt": "{}",
			"armAnimationEnabled": false,
			"children": [
				{
					"name": "group",
					"origin": [8, 8, 8],
					"color": 0,
					"nbt": "{}",
					"armAnimationEnabled": false,
					"children": [
						{
							"name": "group",
							"origin": [8, 8, 8],
							"color": 0,
							"nbt": "{}",
							"armAnimationEnabled": false,
							"children": [0, 1, 2, 3, 4, 5]
						},
						6,
						7,
						8
					]
				},
				{
					"name": "group",
					"origin": [8, 8, 8],
					"color": 0,
					"nbt": "{}",
					"armAnimationEnabled": false,
					"children": [9, 10, 11, 12, 13, 14]
				},
				15,
				16,
				17
			]
		},
		18,
		{
			"name": "group",
			"origin": [8, 8, 8],
			"color": 0,
			"nbt": "{}",
			"armAnimationEnabled": false,
			"children": [
				{
					"name": "group",
					"origin": [8, 8, 8],
					"color": 0,
					"nbt": "{}",
					"armAnimationEnabled": false,
					"children": [
						{
							"name": "group",
							"origin": [8, 8, 8],
							"color": 0,
							"nbt": "{}",
							"armAnimationEnabled": false,
							"children": [19, 20, 21, 22, 23, 24]
						},
						25,
						26,
						27
					]
				},
				{
					"name": "group",
					"origin": [8, 8, 8],
					"color": 0,
					"nbt": "{}",
					"armAnimationEnabled": false,
					"children": [28, 29, 30, 31, 32, 33]
				},
				34,
				35,
				36
			]
		}
	]
}