{
	"credit": "Made with Blockbench",
	"textures": {
		"0": "custom/sandstone/sandstone3",
		"1": "custom/sandstone/sandstone_bottom3",
		"2": "custom/sandstone/sandstone_top3",
		"particle": "custom/sandstone/sandstone3"
	},
	"elements": [
		{
			"from": [0, 0, 0],
			"to": [16, 16, 16],
			"faces": {
				"north": {"uv": [0, 0, 16, 16], "texture": "#0"},
				"east": {"uv": [0, 0, 16, 16], "texture": "#0"},
				"south": {"uv": [0, 0, 16, 16], "texture": "#0"},
				"west": {"uv": [0, 0, 16, 16], "texture": "#0"},
				"up": {"uv": [0, 0, 16, 16], "texture": "#2"},
				"down": {"uv": [0, 0, 16, 16], "texture": "#1"}
			}
		}
	],
	"display": {}
}