{
	"credit": "Made with Blockbench",
	"textures": {
		"0": "block/stone",
		"1": "custom/teleport",
		"particle": "block/stone"
	},
	"elements": [
		{
			"from": [2.24017, 0, 8.73483],
			"to": [3.24017, 1, 13.73483],
			"rotation": {"angle": 0, "axis": "y", "origin": [5.29508, 0.49625, 10.80492]},
			"faces": {
				"north": {"uv": [0, 0, 1, 1], "texture": "#0"},
				"east": {"uv": [0, 0, 5, 1], "texture": "#0"},
				"south": {"uv": [0, 0, 1, 1], "texture": "#0"},
				"west": {"uv": [0, 0, 5, 1], "texture": "#0"},
				"up": {"uv": [0, 0, 5, 1], "rotation": 270, "texture": "#0"},
				"down": {"uv": [0, 0, 5, 1], "rotation": 90, "texture": "#0"}
			}
		},
		{
			"from": [0.37827, 0, 10.7513],
			"to": [2.37827, 0.99, 11.7513],
			"rotation": {"angle": -45, "axis": "y", "origin": [5.29508, 0.49625, 10.80492]},
			"faces": {
				"north": {"uv": [0, 0, 2, 0.99], "texture": "#0"},
				"east": {"uv": [0, 0, 1, 0.99], "texture": "#0"},
				"south": {"uv": [0, 0, 2, 0.99], "texture": "#0"},
				"west": {"uv": [0, 0, 1, 0.99], "texture": "#0"},
				"up": {"uv": [0, 0, 2, 1], "rotation": 180, "texture": "#0"},
				"down": {"uv": [0, 0, 2, 1], "rotation": 180, "texture": "#0"}
			}
		},
		{
			"from": [0.3605, 0, 9.73353],
			"to": [1.3605, 0.98, 11.73353],
			"rotation": {"angle": -45, "axis": "y", "origin": [5.29508, 0.49625, 10.80492]},
			"faces": {
				"north": {"uv": [1, 0, 2, 0.98], "texture": "#0"},
				"east": {"uv": [2, 0, 4, 0.98], "texture": "#0"},
				"south": {"uv": [1, 0, 2, 0.98], "texture": "#0"},
				"west": {"uv": [2, 0, 4, 0.98], "texture": "#0"},
				"up": {"uv": [2, 0, 4, 1], "rotation": 270, "texture": "#0"},
				"down": {"uv": [2, 0, 4, 1], "rotation": 90, "texture": "#0"}
			}
		},
		{
			"from": [2.24017, 0, 3.23483],
			"to": [3.24017, 1, 7.23483],
			"rotation": {"angle": 0, "axis": "y", "origin": [5.29508, 0.49625, 10.80492]},
			"faces": {
				"north": {"uv": [1, 0, 2, 1], "texture": "#0"},
				"east": {"uv": [5, 0, 9, 1], "texture": "#0"},
				"south": {"uv": [1, 0, 2, 1], "texture": "#0"},
				"west": {"uv": [5, 0, 9, 1], "texture": "#0"},
				"up": {"uv": [5, 0, 9, 1], "rotation": 270, "texture": "#0"},
				"down": {"uv": [5, 0, 9, 1], "rotation": 90, "texture": "#0"}
			}
		},
		{
			"from": [8.74017, 0, 12.73483],
			"to": [13.74017, 1, 13.73483],
			"rotation": {"angle": 0, "axis": "y", "origin": [5.29508, 0.49625, 10.80492]},
			"faces": {
				"north": {"uv": [0, 0, 5, 1], "texture": "#0"},
				"east": {"uv": [0, 0, 1, 1], "texture": "#0"},
				"south": {"uv": [0, 0, 5, 1], "texture": "#0"},
				"west": {"uv": [0, 0, 1, 1], "texture": "#0"},
				"up": {"uv": [0, 0, 5, 1], "rotation": 180, "texture": "#0"},
				"down": {"uv": [0, 0, 5, 1], "rotation": 180, "texture": "#0"}
			}
		},
		{
			"from": [9.05289, 0, 9.73353],
			"to": [10.05289, 0.99, 11.73353],
			"rotation": {"angle": -45, "axis": "y", "origin": [5.29508, 0.49625, 10.80492]},
			"faces": {
				"north": {"uv": [0, 0, 1, 0.99], "texture": "#0"},
				"east": {"uv": [0, 0, 2, 0.99], "texture": "#0"},
				"south": {"uv": [0, 0, 1, 0.99], "texture": "#0"},
				"west": {"uv": [0, 0, 2, 0.99], "texture": "#0"},
				"up": {"uv": [0, 0, 2, 1], "rotation": 90, "texture": "#0"},
				"down": {"uv": [0, 0, 2, 1], "rotation": 270, "texture": "#0"}
			}
		},
		{
			"from": [8.03512, 0, 10.7513],
			"to": [10.03512, 0.98, 11.7513],
			"rotation": {"angle": -45, "axis": "y", "origin": [5.29508, 0.49625, 10.80492]},
			"faces": {
				"north": {"uv": [2, 0, 4, 0.98], "texture": "#0"},
				"east": {"uv": [1, 0, 2, 0.98], "texture": "#0"},
				"south": {"uv": [2, 0, 4, 0.98], "texture": "#0"},
				"west": {"uv": [1, 0, 2, 0.98], "texture": "#0"},
				"up": {"uv": [2, 0, 4, 1], "rotation": 180, "texture": "#0"},
				"down": {"uv": [2, 0, 4, 1], "rotation": 180, "texture": "#0"}
			}
		},
		{
			"from": [3.24017, 0, 12.73483],
			"to": [7.24017, 1, 13.73483],
			"rotation": {"angle": 0, "axis": "y", "origin": [5.29508, 0.49625, 10.80492]},
			"faces": {
				"north": {"uv": [5, 0, 9, 1], "texture": "#0"},
				"east": {"uv": [1, 0, 2, 1], "texture": "#0"},
				"south": {"uv": [5, 0, 9, 1], "texture": "#0"},
				"west": {"uv": [1, 0, 2, 1], "texture": "#0"},
				"up": {"uv": [5, 0, 9, 1], "rotation": 180, "texture": "#0"},
				"down": {"uv": [5, 0, 9, 1], "rotation": 180, "texture": "#0"}
			}
		},
		{
			"from": [12.75, 0, 2.25],
			"to": [13.75, 1, 7.25],
			"rotation": {"angle": 0, "axis": "y", "origin": [13.51517, 0.49625, 7.875]},
			"faces": {
				"north": {"uv": [0, 0, 1, 1], "texture": "#0"},
				"east": {"uv": [0, 0, 5, 1], "texture": "#0"},
				"south": {"uv": [0, 0, 1, 1], "texture": "#0"},
				"west": {"uv": [0, 0, 5, 1], "texture": "#0"},
				"up": {"uv": [0, 0, 5, 1], "rotation": 90, "texture": "#0"},
				"down": {"uv": [0, 0, 5, 1], "rotation": 270, "texture": "#0"}
			}
		},
		{
			"from": [12.53217, 0, 7.017],
			"to": [14.53217, 0.99, 8.017],
			"rotation": {"angle": -45, "axis": "y", "origin": [13.51517, 0.49625, 7.875]},
			"faces": {
				"north": {"uv": [0, 0, 2, 0.99], "texture": "#0"},
				"east": {"uv": [0, 0, 1, 0.99], "texture": "#0"},
				"south": {"uv": [0, 0, 2, 0.99], "texture": "#0"},
				"west": {"uv": [0, 0, 1, 0.99], "texture": "#0"},
				"up": {"uv": [0, 0, 2, 1], "texture": "#0"},
				"down": {"uv": [0, 0, 2, 1], "texture": "#0"}
			}
		},
		{
			"from": [13.54994, 0, 7.03477],
			"to": [14.54994, 0.98, 9.03477],
			"rotation": {"angle": -45, "axis": "y", "origin": [13.51517, 0.49625, 7.875]},
			"faces": {
				"north": {"uv": [1, 0, 2, 0.98], "texture": "#0"},
				"east": {"uv": [2, 0, 4, 0.98], "texture": "#0"},
				"south": {"uv": [1, 0, 2, 0.98], "texture": "#0"},
				"west": {"uv": [2, 0, 4, 0.98], "texture": "#0"},
				"up": {"uv": [2, 0, 4, 1], "rotation": 90, "texture": "#0"},
				"down": {"uv": [2, 0, 4, 1], "rotation": 270, "texture": "#0"}
			}
		},
		{
			"from": [12.75, 0, 8.75],
			"to": [13.75, 1, 12.75],
			"rotation": {"angle": 0, "axis": "y", "origin": [13.51517, 0.49625, 7.875]},
			"faces": {
				"north": {"uv": [1, 0, 2, 1], "texture": "#0"},
				"east": {"uv": [5, 0, 9, 1], "texture": "#0"},
				"south": {"uv": [1, 0, 2, 1], "texture": "#0"},
				"west": {"uv": [5, 0, 9, 1], "texture": "#0"},
				"up": {"uv": [5, 0, 9, 1], "rotation": 90, "texture": "#0"},
				"down": {"uv": [5, 0, 9, 1], "rotation": 270, "texture": "#0"}
			}
		},
		{
			"from": [2.25, 0, 2.25],
			"to": [7.25, 1, 3.25],
			"rotation": {"angle": 0, "axis": "y", "origin": [8.25, 0.5, -0.25]},
			"faces": {
				"north": {"uv": [0, 0, 5, 1], "texture": "#0"},
				"east": {"uv": [0, 0, 1, 1], "texture": "#0"},
				"south": {"uv": [0, 0, 5, 1], "texture": "#0"},
				"west": {"uv": [0, 0, 1, 1], "texture": "#0"},
				"up": {"uv": [0, 0, 5, 1], "texture": "#0"},
				"down": {"uv": [0, 0, 5, 1], "texture": "#0"}
			}
		},
		{
			"from": [6.75, 0, 2.5],
			"to": [8.75, 0.99, 3.5],
			"rotation": {"angle": 45, "axis": "y", "origin": [6.75, 0.5, 2.75]},
			"faces": {
				"north": {"uv": [0, 0, 2, 0.99], "texture": "#0"},
				"east": {"uv": [0, 0, 1, 0.99], "texture": "#0"},
				"south": {"uv": [0, 0, 2, 0.99], "texture": "#0"},
				"west": {"uv": [0, 0, 1, 0.99], "texture": "#0"},
				"up": {"uv": [0, 0, 2, 1], "texture": "#0"},
				"down": {"uv": [0, 0, 2, 1], "texture": "#0"}
			}
		},
		{
			"from": [7.25, 0, 2.5],
			"to": [9.25, 0.98, 3.5],
			"rotation": {"angle": -45, "axis": "y", "origin": [9.25, 0.5, 2.75]},
			"faces": {
				"north": {"uv": [2, 0, 4, 0.98], "texture": "#0"},
				"east": {"uv": [1, 0, 2, 0.98], "texture": "#0"},
				"south": {"uv": [2, 0, 4, 0.98], "texture": "#0"},
				"west": {"uv": [1, 0, 2, 0.98], "texture": "#0"},
				"up": {"uv": [2, 0, 4, 1], "texture": "#0"},
				"down": {"uv": [2, 0, 4, 1], "texture": "#0"}
			}
		},
		{
			"from": [8.75, 0, 2.25],
			"to": [12.75, 1, 3.25],
			"rotation": {"angle": 0, "axis": "y", "origin": [7.75, 0.5, -0.25]},
			"faces": {
				"north": {"uv": [5, 0, 9, 1], "texture": "#0"},
				"east": {"uv": [1, 0, 2, 1], "texture": "#0"},
				"south": {"uv": [5, 0, 9, 1], "texture": "#0"},
				"west": {"uv": [1, 0, 2, 1], "texture": "#0"},
				"up": {"uv": [5, 0, 9, 1], "texture": "#0"},
				"down": {"uv": [5, 0, 9, 1], "texture": "#0"}
			}
		},
		{
			"from": [2.5, 0.125, 2.5],
			"to": [13.5, 0.325, 13.5],
			"faces": {
				"north": {"uv": [0, 0, 11, 0.2], "texture": "#1"},
				"east": {"uv": [0, 0, 11, 0.2], "texture": "#1"},
				"south": {"uv": [0, 0, 11, 0.2], "texture": "#1"},
				"west": {"uv": [0, 0, 11, 0.2], "texture": "#1"},
				"up": {"uv": [0, 0, 16, 16], "texture": "#1"},
				"down": {"uv": [0, 0, 16, 16], "texture": "#1"}
			}
		}
	],
	"display": {
		"ground": {
			"translation": [0, 6, 0]
		},
		"fixed": {
			"rotation": [-90, 0, 0],
			"scale": [2, 2, 2]
		}
	},
	"groups": [
		{
			"name": "group",
			"origin": [8, 8, 8],
			"color": 0,
			"nbt": "{}",
			"armAnimationEnabled": false,
			"children": [
				{
					"name": "group",
					"origin": [8, 8, 8],
					"color": 0,
					"nbt": "{}",
					"armAnimationEnabled": false,
					"children": [
						{
							"name": "group",
							"origin": [7.5, 0.5, 0.5],
							"color": 0,
							"nbt": "{}",
							"armAnimationEnabled": false,
							"children": [0, 1, 2, 3]
						},
						{
							"name": "group",
							"origin": [7.5, 0.5, 0.5],
							"color": 0,
							"nbt": "{}",
							"armAnimationEnabled": false,
							"children": [4, 5, 6, 7]
						}
					]
				},
				{
					"name": "group",
					"origin": [8, 8, 8],
					"color": 0,
					"nbt": "{}",
					"armAnimationEnabled": false,
					"children": [
						{
							"name": "group",
							"origin": [7.5, 0.5, 0.5],
							"color": 0,
							"nbt": "{}",
							"armAnimationEnabled": false,
							"children": [8, 9, 10, 11]
						},
						{
							"name": "group",
							"origin": [7.5, 0.5, 0.5],
							"color": 0,
							"nbt": "{}",
							"armAnimationEnabled": false,
							"children": [12, 13, 14, 15]
						}
					]
				}
			]
		},
		16
	]
}